<?xml version="1.0" encoding="UTF-8"?>
<alto xmlns:xsi="http://www.w3.org/2001/XMLSchema-instance"
      xmlns="http://www.loc.gov/standards/alto/ns-v4#"
      xsi:schemaLocation="http://www.loc.gov/standards/alto/ns-v4# http://www.loc.gov/standards/alto/v4/alto-4-2.xsd">
  <Description>
    <MeasurementUnit>pixel</MeasurementUnit>
    <sourceImageInformation>
      <fileName>B.2.europe-orientale_0007.jpg</fileName>
      
    </sourceImageInformation>
  </Description>
  
  <Tags>
    <OtherTag ID="BT4049" LABEL="MarginTextZone" DESCRIPTION="block type MarginTextZone"/><OtherTag ID="BT4048" LABEL="MainZone" DESCRIPTION="block type MainZone"/>
    <OtherTag ID="LT1365" LABEL="InterlinearLine" DESCRIPTION="line type InterlinearLine"/><OtherTag ID="LT1364" LABEL="DefaultLine" DESCRIPTION="line type DefaultLine"/>
  </Tags>
  
  <Layout>
    <Page WIDTH="3447"
          HEIGHT="4361"
          PHYSICAL_IMG_NR="6"
          ID="eSc_dummypage_">
      <PrintSpace HPOS="0"
                  VPOS="0"
                  WIDTH="3447"
                  HEIGHT="4361">
        
        <TextBlock HPOS="205"
                   VPOS="62"
                   WIDTH="354"
                   HEIGHT="370"
                   ID="eSc_textblock_9ab0502d"
                   TAGREFS="BT4049">
          <Shape><Polygon POINTS="205 62 205 432 559 432 559 62"/></Shape>
          
          
          <TextLine ID="eSc_line_b8e54888"
                    TAGREFS="LT1364"
                    BASELINE="207 187 516 170" 
                    HPOS="199"
                    VPOS="65"
                    WIDTH="313"
                    HEIGHT="156">
            <Shape><Polygon POINTS="450 65 421 65 378 83 261 65 258 65 254 65 221 79 199 123 203 185 203 203 254 221 258 221 261 221 512 196 512 167 505 76 469 65 450 65"/></Shape>
	    <String CONTENT="31 avril"
                    HPOS="199"
                    VPOS="65"
                    WIDTH="313"
                    HEIGHT="156"></String>
          </TextLine>

          
          
          <TextLine ID="eSc_line_e2dd294c"
                    TAGREFS="LT1364"
                    BASELINE="283 316 487 323" 
                    HPOS="279"
                    VPOS="214"
                    WIDTH="208"
                    HEIGHT="171">
            <Shape><Polygon POINTS="319 254 294 225 283 225 283 316 279 385 483 348 487 323 472 225 458 214 454 214 450 214 447 214 334 221 319 254"/></Shape>
	    <String CONTENT="1928"
                    HPOS="279"
                    VPOS="214"
                    WIDTH="208"
                    HEIGHT="171"></String>
          </TextLine>

          
        </TextBlock>
        
        <TextBlock HPOS="628"
                   VPOS="70"
                   WIDTH="2769"
                   HEIGHT="4258"
                   ID="eSc_textblock_b3030c45"
                   TAGREFS="BT4048">
          <Shape><Polygon POINTS="3397 4320 636 4328 628 70 3034 70 3034 344 3386 344"/></Shape>
          
          
          <TextLine ID="eSc_line_4052d4b2"
                    TAGREFS="LT1364"
                    BASELINE="861 154 1388 157 2918 144" 
                    HPOS="854"
                    VPOS="72"
                    WIDTH="2062"
                    HEIGHT="131">
            <Shape><Polygon POINTS="2817 72 2781 72 2745 72 2730 72 2694 87 2690 87 2668 87 2494 72 2490 72 2454 72 2417 72 2381 72 2345 72 2319 72 2261 90 2250 94 1978 94 1974 90 1948 72 1945 72 1908 72 1872 72 1836 72 1799 72 1788 72 1745 90 1738 94 1719 90 1614 72 1581 72 1570 72 1483 87 1465 72 1436 72 1403 94 1388 94 1239 72 1236 72 1232 72 1228 72 1228 76 1207 94 1203 101 1094 101 1087 94 1058 72 1054 72 1050 72 1036 72 999 72 963 72 949 72 945 72 941 72 854 94 858 152 858 192 1010 203 1014 203 1018 203 1069 192 1112 181 1188 188 1319 203 1323 203 1410 185 1450 178 1461 185 1476 199 1479 199 1483 199 1487 203 1588 203 1588 199 1668 181 1694 178 1716 181 1781 199 1785 199 1788 199 1898 178 1912 178 1934 178 2105 196 2108 196 2112 196 2178 178 2250 196 2254 196 2258 196 2261 196 2308 174 2316 170 2356 174 2585 192 2588 192 2592 192 2596 192 2628 170 2825 188 2828 188 2832 188 2916 163 2916 141 2908 87 2843 72 2817 72"/></Shape>
	    <String CONTENT="Ce matin, avant de partir nous avons mis notre"
                    HPOS="854"
                    VPOS="72"
                    WIDTH="2062"
                    HEIGHT="131"></String>
          </TextLine>

          
          
          <TextLine ID="eSc_line_c3b9a850"
                    TAGREFS="LT1364"
                    BASELINE="630 359 970 315 1508 319 1668 312 2181 312 2247 312 2708 320 3022 328" 
                    HPOS="625"
                    VPOS="203"
                    WIDTH="2396"
                    HEIGHT="193">
            <Shape><Polygon POINTS="629 356 629 396 938 352 1058 381 1061 381 1065 381 1069 381 1174 341 1621 341 1676 363 1679 363 1683 363 1807 341 1890 381 1901 385 1905 385 1908 385 1938 381 2116 334 2265 334 2432 367 2436 367 2439 367 2556 334 2610 370 2625 381 2628 381 2632 381 2636 381 3021 363 3021 327 3017 239 2857 239 2854 236 2825 214 2821 214 2817 214 2814 214 2810 214 2763 228 2716 203 2712 203 2708 203 2705 203 2632 232 2563 214 2559 214 2556 214 2447 232 2439 232 2436 232 2403 203 2399 203 2396 203 2392 203 2388 203 2298 228 2250 243 2192 228 2174 225 2170 225 2167 225 2163 225 2152 228 2123 243 2098 228 2087 221 2083 221 2079 221 2076 221 2072 221 2058 228 2021 243 1992 228 1963 207 1959 207 1956 207 1952 207 1948 207 1894 225 1850 243 1621 247 1527 221 1494 214 1490 214 1487 214 1483 214 1458 221 1378 250 1192 250 1112 218 1094 210 1090 210 1087 210 981 218 785 228 763 214 759 210 756 210 752 210 749 210 625 210 629 356"/></Shape>
	    <String CONTENT="point d&#39;honeur à laisser le lait aussi bien rangé que"
                    HPOS="625"
                    VPOS="203"
                    WIDTH="2396"
                    HEIGHT="193"></String>
          </TextLine>

          
          
          <TextLine ID="eSc_line_f9688d0f"
                    TAGREFS="LT1364"
                    BASELINE="673 483 956 476 1090 479 1188 479 1258 479 1476 479 1650 479 1756 476 1785 476 3087 461" 
                    HPOS="669"
                    VPOS="345"
                    WIDTH="2414"
                    HEIGHT="203">
            <Shape><Polygon POINTS="672 479 676 534 705 526 712 534 727 548 730 548 734 548 738 548 741 548 745 548 759 534 792 505 1268 505 1338 526 1388 541 1392 541 1658 545 1661 545 1665 545 1734 519 1788 497 1825 519 1858 534 1861 534 2167 537 2170 537 2174 537 2218 516 2388 526 2392 526 2396 526 2399 526 2399 523 2417 508 2436 490 2479 508 2545 534 2548 534 2552 534 2556 534 2617 508 2712 523 2716 523 2719 523 2792 505 2814 497 2825 501 2854 516 2857 516 2861 516 2865 516 2908 501 2945 490 2959 501 2963 505 2967 505 2970 505 2974 505 2977 505 2981 505 2985 501 3010 483 3079 497 3083 457 3068 345 2974 374 2439 374 2410 348 2407 348 2407 345 2403 345 2399 345 2396 345 2392 345 2381 348 2327 374 2272 352 2268 352 2265 352 2072 363 2021 352 1996 345 1992 345 1988 345 1945 352 1799 381 1687 352 1658 348 1654 348 1650 348 1636 356 1563 385 1516 363 1512 363 1508 363 1396 385 1356 356 1352 352 1348 352 1345 352 1341 352 1338 352 1319 356 1218 385 1159 359 1152 356 1149 356 1145 356 1065 359 1010 363 1007 363 1003 363 1003 367 999 367 985 385 887 359 879 359 876 359 872 359 869 359 836 377 669 363 672 479"/></Shape>
	    <String CONTENT="possible. Nous sommes partis discretement vers les 6 1/2 en laissant"
                    HPOS="669"
                    VPOS="345"
                    WIDTH="2414"
                    HEIGHT="203"></String>
          </TextLine>

          
          
          <TextLine ID="eSc_line_6abb6dc2"
                    TAGREFS="LT1364"
                    BASELINE="628 647 1316 643 1374 639 1392 639 1479 635 1901 628 2058 632 2508 629" 
                    HPOS="621"
                    VPOS="534"
                    WIDTH="1884"
                    HEIGHT="152">
            <Shape><Polygon POINTS="625 646 625 672 1021 686 1025 686 1105 672 1159 665 1214 672 1265 683 1268 683 1272 683 1301 672 1330 665 1352 672 1370 683 1374 683 1378 683 1450 672 1538 661 1556 672 1559 679 1563 679 1567 679 1570 683 1716 683 1716 679 1810 672 2043 657 2167 672 2192 675 2196 675 2199 675 2203 675 2203 672 2239 654 2501 672 2505 628 2497 563 2221 563 2218 563 2178 534 2174 534 2170 534 1988 534 1985 534 1981 534 1919 563 1821 541 1818 541 1814 541 1810 541 1810 545 1781 566 1781 570 1752 570 1639 570 1578 537 1574 537 1570 537 1447 566 1392 541 1388 541 1243 541 1239 541 1236 541 1159 566 1141 548 1138 548 1134 548 1130 548 970 563 894 545 890 545 887 545 621 577 625 646"/></Shape>
	    <String CONTENT="un dernier mot de remerciment à notre amie-"
                    HPOS="621"
                    VPOS="534"
                    WIDTH="1884"
                    HEIGHT="152"></String>
          </TextLine>

          
          
          <TextLine ID="eSc_line_a8f289cb"
                    TAGREFS="LT1364"
                    BASELINE="1017 790 1338 795 1505 799 1538 799 1603 803 2058 784 3112 784" 
                    HPOS="1010"
                    VPOS="675"
                    WIDTH="2098"
                    HEIGHT="171">
            <Shape><Polygon POINTS="1014 788 1014 846 1247 821 1454 843 1494 846 1498 846 1501 846 1505 846 1505 843 1508 843 1527 824 1545 839 1545 843 1548 843 1552 843 1556 843 1570 843 1752 817 1861 839 1887 843 1890 843 1894 843 1898 843 1901 839 1938 814 2076 832 2079 832 2083 832 2159 814 2196 835 2207 843 2210 843 2214 843 2218 846 2283 846 2283 843 2287 843 2290 843 2301 835 2330 814 2359 835 2370 843 2374 843 2377 843 2381 843 2490 832 2716 810 2817 810 2868 828 2894 839 2897 839 2901 839 2905 839 2930 828 2970 810 3105 824 3108 781 3105 701 3036 679 3032 679 3028 679 3025 679 2981 701 2970 708 2967 701 2945 683 2945 679 2941 679 2937 679 2745 675 2741 675 2737 675 2734 675 2701 701 2679 712 2556 697 2483 690 2479 690 2476 690 2472 690 2472 694 2468 697 2450 715 2330 715 2301 694 2287 683 2283 683 2279 683 2276 683 2210 694 2108 712 2076 694 2058 679 2054 679 2050 679 1956 679 1952 679 1948 679 1912 690 1836 715 1792 690 1781 683 1778 683 1774 683 1770 683 1767 683 1763 683 1756 690 1716 719 1559 719 1519 686 1516 686 1512 686 1508 686 1498 686 1359 708 1298 683 1294 683 1290 683 1287 683 1283 683 1276 683 1174 715 1127 683 1123 683 1119 683 1010 683 1014 788"/></Shape>
	    <String CONTENT="il nous faut 2 bonnes heures pour traverser toute la"
                    HPOS="1010"
                    VPOS="675"
                    WIDTH="2098"
                    HEIGHT="171"></String>
          </TextLine>

          
          
          <TextLine ID="eSc_line_f6cacb5c"
                    TAGREFS="LT1364"
                    BASELINE="670 960 1058 963 1079 963 1214 955 1279 963 1432 955 1698 952 2447 944 2519 948 3097 948" 
                    HPOS="665"
                    VPOS="835"
                    WIDTH="2429"
                    HEIGHT="171">
            <Shape><Polygon POINTS="669 959 672 1006 752 981 832 1006 839 1006 843 1006 847 1006 869 1006 1043 981 1196 981 1239 999 1247 1003 1250 1003 1254 1003 1287 999 1414 984 1512 999 1556 1003 1559 1003 1563 1003 1567 1003 1570 995 1592 981 1836 995 1956 999 1959 999 1963 999 1988 992 2054 973 2265 988 2279 988 2283 988 2287 988 2290 988 2290 984 2308 970 2414 988 2472 995 2476 995 2479 995 2508 984 2541 973 2556 984 2567 995 2570 995 2574 995 2577 995 2581 995 2628 984 2657 977 2679 984 2716 995 2719 995 2723 995 2727 995 2730 995 2748 984 2763 973 2788 981 2828 995 2832 995 2836 995 2839 995 2843 995 2843 992 2854 981 2865 970 2887 981 2908 992 2912 992 2916 992 2919 992 2948 981 2977 970 3090 977 3094 944 3090 850 3050 835 3047 835 3043 835 3039 835 3036 835 3010 854 2988 868 2923 868 2905 854 2883 835 2879 835 2876 835 2872 835 2868 835 2825 854 2792 868 2777 854 2763 843 2763 839 2759 839 2756 839 2752 839 2650 854 2610 861 2596 857 2559 839 2556 839 2552 839 2548 839 2545 839 2527 857 2508 872 2450 872 2432 857 2410 839 2407 839 2403 839 2399 839 2232 843 2228 843 2188 857 2152 872 2105 857 2050 843 2047 843 2043 843 2039 843 1996 857 1959 875 1832 875 1807 861 1774 843 1770 843 1767 843 1661 861 1632 864 1607 861 1556 854 1552 854 1548 854 1545 854 1534 861 1516 875 1465 861 1407 846 1403 846 1399 846 1396 846 1348 861 1330 868 1301 864 1247 854 1243 854 1239 854 1236 854 1225 864 1196 883 839 883 818 864 796 850 792 850 789 850 785 850 665 864 669 959"/></Shape>
	    <String CONTENT="ville, sur un pavé, pas toujours très roulant. A 6h 1/2 nous"
                    HPOS="665"
                    VPOS="835"
                    WIDTH="2429"
                    HEIGHT="171"></String>
          </TextLine>

          
          
          <TextLine ID="eSc_line_2d032873"
                    TAGREFS="LT1364"
                    BASELINE="641 1116 898 1119 923 1119 1643 1108 1694 1115 2705 1115 2908 1115 3029 1109" 
                    HPOS="639"
                    VPOS="999"
                    WIDTH="2389"
                    HEIGHT="171">
            <Shape><Polygon POINTS="3021 1028 2705 999 2701 999 2697 999 2614 1024 2592 1028 2548 1024 2403 1003 2399 1003 2396 1003 2392 1003 2367 1021 2356 1028 2134 1021 1956 1013 1952 1013 1948 1013 1945 1013 1941 1017 1919 1035 1759 1035 1730 1017 1708 1006 1705 1006 1552 1003 1548 1003 1545 1003 1516 1013 1479 1032 1407 1013 1367 1006 1363 1006 1305 1013 1149 1035 1109 1013 1101 1006 1098 1006 1094 1006 865 1006 861 1006 858 1006 839 1010 745 1035 643 1010 639 1115 643 1170 723 1141 774 1159 778 1159 781 1159 869 1141 927 1166 930 1166 934 1170 945 1170 1039 1170 1039 1166 1043 1166 1047 1166 1083 1141 1203 1159 1207 1159 1403 1137 1723 1137 1781 1159 1788 1162 1792 1162 1796 1162 1839 1159 2058 1141 2210 1155 2239 1159 2243 1159 2261 1155 2367 1133 2454 1155 2472 1159 2476 1159 2479 1159 2483 1159 2494 1155 2541 1133 2665 1152 2708 1159 2712 1159 3025 1148 3028 1108 3021 1028"/></Shape>
	    <String CONTENT="disons définitivement adieu à vienne, l&#39;ensorceleuse, où la vie"
                    HPOS="639"
                    VPOS="999"
                    WIDTH="2389"
                    HEIGHT="171"></String>
          </TextLine>

          
          
          <TextLine ID="eSc_line_2684ec49"
                    TAGREFS="LT1364"
                    BASELINE="646 1295 1316 1279 1403 1275 1545 1275 1825 1271 3141 1261" 
                    HPOS="639"
                    VPOS="1159"
                    WIDTH="2498"
                    HEIGHT="182">
            <Shape><Polygon POINTS="643 1293 643 1311 716 1341 719 1341 723 1341 727 1341 730 1341 756 1319 836 1333 839 1333 941 1311 941 1308 1308 1308 1359 1333 1363 1333 1367 1337 1487 1337 1487 1333 1490 1333 1494 1333 1523 1311 1694 1330 1698 1330 1821 1304 1836 1301 2028 1301 2032 1301 2094 1326 2098 1326 2101 1326 2105 1326 2108 1326 2138 1301 2145 1297 2228 1301 2727 1319 2730 1319 2734 1319 2814 1293 2821 1293 2832 1293 2970 1315 2974 1315 3137 1290 3137 1257 3127 1159 3010 1184 2796 1162 2730 1159 2727 1159 2723 1159 2705 1166 2643 1188 2494 1170 2428 1162 2425 1162 2421 1162 2417 1162 2407 1170 2374 1192 2196 1173 2127 1170 2123 1170 2119 1170 2116 1170 2116 1173 2108 1177 2087 1199 1981 1199 1916 1181 1865 1170 1861 1170 1858 1170 1836 1181 1803 1199 1730 1184 1727 1184 1723 1184 1701 1184 1447 1202 1403 1192 1363 1177 1359 1177 1356 1177 1287 1192 1221 1206 1098 1206 1087 1195 1069 1181 1065 1181 1061 1181 1058 1181 970 1199 927 1206 916 1199 898 1184 894 1184 890 1184 887 1184 639 1202 643 1293"/></Shape>
	    <String CONTENT="pourrait être aussi bonne qu&#39;à Paris, mais combien plus tranquile"
                    HPOS="639"
                    VPOS="1159"
                    WIDTH="2498"
                    HEIGHT="182"></String>
          </TextLine>

          
          
          <TextLine ID="eSc_line_6c9ee0bc"
                    TAGREFS="LT1364"
                    BASELINE="655 1433 1439 1435 1890 1431 1948 1424" 
                    HPOS="654"
                    VPOS="1322"
                    WIDTH="1291"
                    HEIGHT="168">
            <Shape><Polygon POINTS="1945 1420 1941 1359 1865 1330 1861 1330 1574 1322 1570 1322 1567 1322 1563 1322 1527 1348 1505 1359 1301 1359 1239 1337 1185 1322 1181 1322 1178 1322 1174 1322 1130 1333 1058 1355 1032 1333 1021 1322 1018 1322 1014 1322 916 1322 912 1322 883 1326 774 1355 654 1322 654 1431 665 1471 679 1453 963 1471 992 1471 996 1471 1021 1471 1232 1457 1276 1471 1323 1486 1327 1486 1330 1490 1581 1490 1581 1486 1585 1486 1588 1486 1614 1471 1643 1453 1694 1471 1745 1486 1748 1486 1752 1486 1945 1468 1945 1420"/></Shape>
	    <String CONTENT="et surtout beaucoup plar propre."
                    HPOS="654"
                    VPOS="1322"
                    WIDTH="1291"
                    HEIGHT="168"></String>
          </TextLine>

          
          
          <TextLine ID="eSc_line_e1f09def"
                    TAGREFS="LT1364"
                    BASELINE="941 1596 1650 1591 1705 1591 3210 1577" 
                    HPOS="934"
                    VPOS="1468"
                    WIDTH="2273"
                    HEIGHT="167">
            <Shape><Polygon POINTS="938 1595 938 1631 2036 1635 2039 1635 2043 1635 2047 1635 2072 1617 2079 1617 2181 1631 2185 1631 2188 1631 2192 1631 2192 1628 2207 1613 2210 1613 2218 1613 2294 1631 2298 1631 2425 1613 2450 1609 2483 1609 2687 1628 2690 1628 2861 1606 2868 1606 2876 1606 3007 1624 3010 1624 3014 1624 3017 1624 3017 1620 3036 1602 3203 1599 3207 1573 3199 1475 2977 1468 2974 1468 2970 1468 2945 1475 2861 1500 2792 1475 2777 1471 2774 1471 2657 1471 2654 1471 2650 1471 2632 1479 2574 1504 2541 1490 2537 1490 2534 1490 2396 1508 2352 1479 2345 1475 2341 1475 2337 1475 2116 1475 2112 1475 2108 1475 2094 1482 2036 1515 1778 1515 1734 1486 1730 1486 1727 1486 1723 1486 1719 1486 1639 1515 1388 1497 1385 1497 1381 1497 1348 1515 1323 1493 1323 1490 1319 1490 1316 1490 1312 1490 1308 1490 1305 1490 1265 1519 1145 1519 1079 1490 1069 1486 1065 1486 1061 1486 934 1490 938 1595"/></Shape>
	    <String CONTENT="Nous roulons ainsi jusqu&#39;à 11 h dans cette belle vallée du"
                    HPOS="934"
                    VPOS="1468"
                    WIDTH="2273"
                    HEIGHT="167"></String>
          </TextLine>

          
          
          <TextLine ID="eSc_line_6b57751f"
                    TAGREFS="LT1364"
                    BASELINE="673 1759 1374 1766 1439 1762 3043 1744" 
                    HPOS="669"
                    VPOS="1631"
                    WIDTH="2370"
                    HEIGHT="178">
            <Shape><Polygon POINTS="2341 1682 2305 1686 2268 1686 2261 1664 2167 1660 1912 1639 1908 1639 1905 1639 1854 1657 1803 1678 1574 1678 1530 1653 1501 1642 1498 1642 1494 1642 1490 1642 1450 1653 1399 1668 1214 1657 1210 1657 1039 1682 669 1649 672 1758 672 1784 1050 1784 1058 1788 1094 1806 1098 1806 1101 1806 1105 1806 1149 1788 1214 1806 1218 1806 1221 1806 1225 1806 1228 1806 1254 1788 1265 1780 1276 1788 1319 1806 1323 1806 1327 1809 1483 1809 1483 1806 1487 1806 1534 1788 1563 1777 1683 1788 1843 1802 1847 1802 2054 1798 2058 1798 2061 1798 2072 1788 2094 1773 2534 1788 2741 1795 2745 1795 2777 1788 2872 1769 3036 1788 3039 1740 3032 1668 2876 1631 2781 1631 2777 1631 2774 1631 2770 1631 2723 1664 2712 1671 2559 1671 2545 1664 2501 1635 2497 1635 2494 1635 2377 1635 2374 1635 2370 1635 2367 1635 2352 1642 2341 1682"/></Shape>
	    <String CONTENT="DANUBE. C&#39;est la plaine à ble par exelence, très fertile"
                    HPOS="669"
                    VPOS="1631"
                    WIDTH="2370"
                    HEIGHT="178"></String>
          </TextLine>

          
          
          <TextLine ID="eSc_line_4be94261"
                    TAGREFS="LT1365"
                    BASELINE="2252 1689 2344 1673" 
                    HPOS="2239"
                    VPOS="1624"
                    WIDTH="102"
                    HEIGHT="76">
            <Shape><Polygon POINTS="2250 1700 2341 1693 2341 1671 2327 1624 2239 1631 2250 1686"/></Shape>
	    <String CONTENT="c"
                    HPOS="2239"
                    VPOS="1624"
                    WIDTH="102"
                    HEIGHT="76"></String>
          </TextLine>

          
          
          <TextLine ID="eSc_line_89876236"
                    TAGREFS="LT1364"
                    BASELINE="814 1914 952 1918 996 1918 1421 1911 1490 1918 3137 1897" 
                    HPOS="807"
                    VPOS="1788"
                    WIDTH="2327"
                    HEIGHT="185">
            <Shape><Polygon POINTS="810 1911 810 1937 872 1955 876 1955 879 1955 1185 1940 1272 1937 1283 1940 1338 1966 1341 1966 1345 1966 1348 1966 1396 1940 1410 1933 1432 1940 1505 1969 1508 1969 1512 1973 1632 1973 1632 1969 1636 1969 1639 1969 1683 1944 1694 1937 1716 1944 1796 1966 1799 1966 1803 1966 2043 1962 2123 1944 2199 1926 2225 1944 2243 1958 2247 1958 2250 1958 2254 1958 2367 1944 2552 1922 2596 1947 2607 1955 2610 1955 2614 1955 2617 1955 2668 1947 2767 1929 2912 1947 2948 1951 2952 1951 2956 1951 2963 1947 3017 1922 3130 1947 3134 1893 3127 1820 2828 1795 2825 1795 2821 1795 2770 1817 2748 1827 2621 1827 2607 1813 2588 1798 2585 1798 2581 1798 2494 1798 2490 1798 2487 1798 2483 1798 2461 1813 2432 1831 2290 1831 2272 1809 2258 1798 2258 1795 2254 1795 2250 1795 2247 1795 2243 1795 2239 1795 2225 1809 2196 1835 2108 1835 2028 1809 1959 1788 1956 1788 1952 1788 1948 1788 1905 1806 1868 1824 1843 1806 1821 1791 1818 1791 1814 1791 1810 1791 1807 1791 1756 1806 1661 1835 1559 1802 1516 1791 1512 1791 1367 1791 1363 1791 1359 1791 1356 1791 1341 1802 1276 1842 1221 1817 1218 1817 1214 1817 1210 1817 1149 1842 1050 1798 1047 1798 1043 1798 807 1798 810 1911"/></Shape>
	    <String CONTENT="La moisson est finie ; des paysans commencent à relabourer"
                    HPOS="807"
                    VPOS="1788"
                    WIDTH="2327"
                    HEIGHT="185"></String>
          </TextLine>

          
          
          <TextLine ID="eSc_line_ee2cfdfc"
                    TAGREFS="LT1364"
                    BASELINE="665 2074 771 2086 861 2086 3250 2060" 
                    HPOS="658"
                    VPOS="1940"
                    WIDTH="2589"
                    HEIGHT="200">
            <Shape><Polygon POINTS="661 2071 661 2140 1072 2140 1083 2140 1283 2104 1447 2129 1450 2129 1454 2129 1458 2129 1498 2100 1625 2133 1650 2136 1654 2136 1658 2136 1661 2136 1668 2133 1730 2096 1945 2096 2028 2122 2032 2122 2036 2122 2039 2122 2098 2093 2279 2115 2283 2115 2287 2115 2348 2100 2392 2122 2403 2125 2407 2125 2410 2129 2661 2129 2661 2125 2665 2125 2690 2118 2774 2086 2865 2111 2868 2111 2872 2111 2988 2086 3101 2111 3137 2118 3141 2118 3243 2107 3247 2056 3239 1976 3028 1944 3025 1944 3021 1944 2956 1976 2843 1940 2839 1940 2836 1940 2672 1966 2617 1944 2614 1944 2610 1944 2607 1944 2545 1976 2508 1951 2505 1951 2501 1951 2497 1951 2494 1951 2407 1976 2134 1947 2130 1947 2127 1947 2123 1947 2083 1980 2003 1958 1999 1958 1996 1958 1992 1958 1988 1958 1956 1984 1948 1987 1927 1984 1836 1966 1832 1966 1828 1966 1785 1984 1778 1991 1454 1991 1436 1987 1374 1966 1370 1966 1367 1966 1239 1980 1188 1962 1185 1962 1181 1962 1065 1991 1039 1995 1025 1991 963 1962 959 1962 698 1962 694 1962 690 1962 687 1962 658 1980 661 2071"/></Shape>
	    <String CONTENT="les chamges de terre noire, d&#39;autres battent le blé. Les villages"
                    HPOS="658"
                    VPOS="1940"
                    WIDTH="2589"
                    HEIGHT="200"></String>
          </TextLine>

          
          
          <TextLine ID="eSc_line_94725fd9"
                    TAGREFS="LT1364"
                    BASELINE="693 2247 1094 2231 1123 2231 1498 2231 1585 2227 1896 2225" 
                    HPOS="687"
                    VPOS="2111"
                    WIDTH="1207"
                    HEIGHT="193">
            <Shape><Polygon POINTS="1887 2136 1661 2111 1658 2111 1654 2111 1650 2111 1610 2140 1603 2144 1574 2140 1476 2125 1472 2125 1468 2125 1465 2125 1465 2129 1450 2140 1443 2151 1334 2151 1327 2140 1305 2122 1305 2118 1301 2118 1298 2118 1294 2118 1290 2118 1287 2118 1250 2144 1232 2155 1072 2155 1054 2144 1032 2125 1029 2125 1025 2125 1021 2125 687 2144 690 2245 690 2304 858 2304 858 2300 861 2300 865 2300 865 2296 905 2271 967 2293 970 2293 974 2293 978 2293 1079 2260 1214 2278 1218 2278 1221 2278 1225 2278 1225 2274 1243 2256 1519 2253 1636 2282 1654 2285 1658 2285 1661 2285 1774 2282 1778 2282 1781 2282 1785 2278 1814 2256 1887 2274 1894 2224 1890 2220 1887 2136"/></Shape>
	    <String CONTENT="sont peu nombreux, mais les"
                    HPOS="687"
                    VPOS="2111"
                    WIDTH="1207"
                    HEIGHT="193"></String>
          </TextLine>

          
          
          <TextLine ID="eSc_line_dd86a620"
                    TAGREFS="LT1364"
                    BASELINE="1910 2225 2195 2223" 
                    HPOS="1905"
                    VPOS="2118"
                    WIDTH="287"
                    HEIGHT="186">
            <Shape><Polygon POINTS="1908 2224 1908 2300 2083 2304 2087 2304 2090 2304 2094 2304 2094 2300 2130 2271 2134 2264 2192 2260 2192 2220 2178 2118 2108 2140 1905 2122 1908 2224"/></Shape>
	    <String CONTENT=""
                    HPOS="1905"
                    VPOS="2118"
                    WIDTH="287"
                    HEIGHT="186"></String>
          </TextLine>

          
          
          <TextLine ID="eSc_line_9711cc14"
                    TAGREFS="LT1364"
                    BASELINE="2215 2220 2759 2220" 
                    HPOS="2214"
                    VPOS="2100"
                    WIDTH="542"
                    HEIGHT="160">
            <Shape><Polygon POINTS="2214 2216 2214 2260 2756 2249 2756 2216 2756 2140 2363 2100 2359 2100 2356 2100 2214 2136 2214 2216"/></Shape>
	    <String CONTENT="sont immenses"
                    HPOS="2214"
                    VPOS="2100"
                    WIDTH="542"
                    HEIGHT="160"></String>
          </TextLine>

          
          
          <TextLine ID="eSc_line_8125b3aa"
                    TAGREFS="LT1364"
                    BASELINE="825 2398 1123 2394 1287 2398 1450 2391 1578 2391 3148 2377" 
                    HPOS="818"
                    VPOS="2274"
                    WIDTH="2327"
                    HEIGHT="164">
            <Shape><Polygon POINTS="821 2394 829 2434 847 2416 905 2431 927 2438 930 2438 934 2438 938 2438 963 2431 1032 2416 1138 2431 1167 2434 1170 2434 1196 2431 1283 2416 1301 2431 1308 2438 1312 2438 1316 2438 1319 2438 1323 2438 1341 2431 1381 2413 1523 2431 1563 2434 1567 2434 1596 2431 1683 2413 1763 2431 1792 2434 1796 2434 1799 2434 1803 2434 1807 2431 1839 2409 1988 2431 2014 2431 2018 2434 2181 2434 2181 2431 2185 2431 2192 2427 2243 2409 2312 2427 2323 2431 2327 2431 2330 2431 2367 2427 2548 2405 2759 2427 2781 2427 2785 2427 2788 2427 2792 2427 2861 2402 2923 2423 2927 2423 2930 2427 3145 2427 3145 2376 3137 2285 2945 2274 2941 2274 2937 2274 2897 2289 2817 2314 2788 2289 2781 2282 2777 2282 2774 2282 2770 2282 2767 2282 2763 2282 2763 2285 2756 2289 2734 2311 2599 2314 2472 2293 2367 2278 2363 2278 2276 2296 2225 2307 2148 2300 1985 2282 1981 2282 1978 2282 1974 2282 1945 2304 1919 2322 1436 2322 1410 2311 1385 2300 1381 2300 1378 2300 1374 2300 1348 2311 1319 2329 1207 2329 1181 2314 1134 2289 1130 2289 1127 2289 1123 2289 1072 2314 909 2289 905 2289 901 2289 818 2318 821 2394"/></Shape>
	    <String CONTENT="vers 11h à nous arrivons au village de HAMBURG, caractérisé"
                    HPOS="818"
                    VPOS="2274"
                    WIDTH="2327"
                    HEIGHT="164"></String>
          </TextLine>

          
          
          <TextLine ID="eSc_line_c47582d7"
                    TAGREFS="LT1364"
                    BASELINE="662 2566 1585 2554 1668 2558 2669 2543" 
                    HPOS="658"
                    VPOS="2431"
                    WIDTH="2010"
                    HEIGHT="203">
            <Shape><Polygon POINTS="661 2565 661 2634 854 2634 858 2634 861 2634 927 2598 1076 2627 1109 2631 1112 2631 1116 2631 1134 2623 1207 2594 1287 2620 1305 2623 1308 2623 1312 2623 1316 2623 1338 2616 1388 2602 1428 2612 1450 2620 1454 2620 1458 2620 1461 2620 1465 2620 1476 2612 1501 2598 1639 2609 1687 2609 1690 2609 1694 2609 1698 2609 1701 2605 1727 2583 1879 2583 1999 2594 2072 2602 2076 2602 2141 2591 2181 2583 2188 2587 2225 2612 2228 2612 2232 2612 2236 2616 2367 2616 2367 2612 2468 2594 2588 2609 2592 2609 2596 2609 2668 2572 2668 2540 2654 2442 2596 2471 2410 2453 2407 2453 2403 2453 2337 2478 2167 2478 2138 2456 2134 2456 2130 2456 2127 2456 2123 2456 2039 2478 1999 2453 1996 2453 1992 2453 1988 2453 1985 2453 1981 2453 1948 2474 1890 2449 1887 2449 1883 2449 1592 2485 1490 2442 1465 2431 1461 2431 1458 2431 1141 2434 1050 2442 1047 2442 949 2493 909 2453 909 2449 905 2449 901 2449 898 2449 894 2449 818 2467 767 2442 763 2442 658 2442 661 2565"/></Shape>
	    <String CONTENT="par 2 portes fortifiées qui datent du moyen âge."
                    HPOS="658"
                    VPOS="2431"
                    WIDTH="2010"
                    HEIGHT="203"></String>
          </TextLine>

          
          
          <TextLine ID="eSc_line_4cf7d04e"
                    TAGREFS="LT1364"
                    BASELINE="979 2709 1207 2707 1266 2710" 
                    HPOS="974"
                    VPOS="2616"
                    WIDTH="291"
                    HEIGHT="135">
            <Shape><Polygon POINTS="978 2707 978 2736 1261 2751 1265 2707 1261 2649 1156 2649 1149 2642 1098 2616 1094 2616 1090 2616 974 2634 978 2707"/></Shape>
	    <String CONTENT="Diner,"
                    HPOS="974"
                    VPOS="2616"
                    WIDTH="291"
                    HEIGHT="135"></String>
          </TextLine>

          
          
          <TextLine ID="eSc_line_21d0649d"
                    TAGREFS="LT1364"
                    BASELINE="1285 2711 1334 2714 1425 2714 2225 2707 2305 2703 2687 2707 2809 2704" 
                    HPOS="1279"
                    VPOS="2598"
                    WIDTH="1528"
                    HEIGHT="163">
            <Shape><Polygon POINTS="1283 2707 1287 2761 1341 2736 1538 2736 1567 2754 1567 2758 1570 2758 1574 2758 1578 2758 1639 2754 1836 2736 1887 2747 1927 2758 1930 2758 1934 2758 1938 2758 1941 2758 1959 2747 1981 2732 2025 2743 2061 2754 2065 2754 2068 2754 2123 2743 2170 2732 2203 2740 2254 2754 2258 2754 2261 2754 2447 2736 2483 2732 2494 2732 2563 2754 2567 2754 2570 2754 2574 2754 2577 2754 2577 2751 2599 2732 2599 2729 2803 2725 2807 2703 2803 2616 2719 2598 2716 2598 2712 2598 2708 2598 2708 2602 2694 2616 2683 2627 2450 2627 2421 2616 2377 2598 2374 2598 2370 2598 2367 2598 2363 2598 2341 2616 2327 2627 2301 2616 2254 2598 2250 2598 2247 2598 2123 2616 2058 2627 1988 2620 1865 2602 1861 2602 1858 2602 1854 2602 1854 2605 1836 2620 1828 2627 1799 2620 1763 2609 1759 2609 1756 2609 1705 2620 1676 2627 1665 2620 1650 2605 1647 2605 1643 2605 1418 2602 1414 2602 1279 2620 1283 2707"/></Shape>
	    <String CONTENT=""
                    HPOS="1279"
                    VPOS="2598"
                    WIDTH="1528"
                    HEIGHT="163"></String>
          </TextLine>

          
          
          <TextLine ID="eSc_line_ecd0628e"
                    TAGREFS="LT1364"
                    BASELINE="2860 2703 3186 2693" 
                    HPOS="2850"
                    VPOS="2572"
                    WIDTH="335"
                    HEIGHT="164">
            <Shape><Polygon POINTS="2857 2700 2857 2736 3185 2729 3185 2692 3174 2583 3007 2605 2988 2587 2974 2576 2974 2572 2970 2572 2967 2572 2894 2572 2890 2572 2887 2572 2850 2587 2857 2700"/></Shape>
	    <String CONTENT="A 14h"
                    HPOS="2850"
                    VPOS="2572"
                    WIDTH="335"
                    HEIGHT="164"></String>
          </TextLine>

          
          
          <TextLine ID="eSc_line_d1133379"
                    TAGREFS="LT1364"
                    BASELINE="644 2894 1149 2878 1258 2878 3284 2859" 
                    HPOS="639"
                    VPOS="2747"
                    WIDTH="2644"
                    HEIGHT="193">
            <Shape><Polygon POINTS="643 2892 647 2940 734 2918 810 2936 814 2936 818 2936 821 2936 825 2936 854 2914 930 2936 938 2936 941 2936 945 2936 959 2932 1069 2907 1127 2929 1130 2929 1134 2929 1141 2929 1690 2900 1723 2918 1741 2925 1745 2925 1748 2929 1959 2929 1959 2925 1963 2925 2010 2910 2061 2896 2316 2903 2712 2918 2716 2918 2719 2918 2803 2892 2810 2892 2814 2892 2857 2910 2861 2910 2865 2910 3057 2889 3090 2885 3097 2889 3145 2907 3148 2907 3152 2907 3279 2881 3283 2856 3279 2783 3174 2747 3170 2747 3167 2747 3163 2747 3017 2783 2879 2754 2876 2754 2756 2772 2668 2754 2665 2754 2661 2754 2596 2787 2370 2754 2367 2754 2178 2758 2174 2758 2094 2791 2003 2761 1999 2761 1996 2761 1992 2761 1883 2791 1745 2769 1741 2769 1610 2798 1603 2798 1585 2798 1378 2783 1374 2783 1210 2801 1199 2801 1192 2801 1069 2776 1065 2776 1061 2776 1029 2791 996 2769 992 2769 989 2769 985 2769 639 2805 643 2892"/></Shape>
	    <String CONTENT="nous repartons, nous n&#39;avons que 6 ou 7 km à faire pour arriver à la"
                    HPOS="639"
                    VPOS="2747"
                    WIDTH="2644"
                    HEIGHT="193"></String>
          </TextLine>

          
          
          <TextLine ID="eSc_line_637bdb32"
                    TAGREFS="LT1364"
                    BASELINE="652 3038 1181 3030 1272 3034 3199 3012" 
                    HPOS="647"
                    VPOS="2910"
                    WIDTH="2549"
                    HEIGHT="186">
            <Shape><Polygon POINTS="650 3034 650 3092 872 3096 876 3096 879 3096 898 3089 970 3063 1087 3085 1127 3092 1130 3092 1134 3092 1138 3092 1149 3085 1188 3059 1283 3059 1348 3081 1370 3089 1374 3089 1378 3089 1436 3078 1552 3059 1578 3078 1596 3089 1599 3089 1603 3089 1607 3089 1756 3074 1959 3052 2101 3067 2239 3081 2243 3081 2323 3063 2370 3052 2403 3063 2454 3078 2457 3078 2461 3078 2465 3078 2468 3078 2468 3074 2487 3059 2501 3045 2567 3045 2668 3045 2694 3056 2737 3074 2741 3074 2745 3078 2821 3078 2821 3074 2825 3074 2865 3052 2890 3041 2981 3041 2996 3049 3017 3070 3021 3070 3025 3070 3028 3070 3196 3045 3196 3009 3188 2936 2919 2910 2916 2910 2912 2910 2908 2910 2872 2936 2872 2940 2792 2940 2592 2940 2541 2918 2537 2918 2534 2918 2530 2918 2479 2936 2388 2910 2385 2910 2381 2910 2221 2940 2152 2914 2148 2914 1992 2914 1988 2914 1985 2914 1981 2914 1948 2932 1508 2921 1505 2921 1501 2921 1498 2921 1498 2925 1468 2950 1465 2950 1450 2950 1272 2929 1268 2929 1265 2929 1221 2950 1218 2954 1192 2950 1021 2932 1018 2932 894 2954 876 2958 872 2954 850 2936 847 2936 843 2936 712 2929 709 2929 705 2929 647 2950 650 3034"/></Shape>
	    <String CONTENT="frontière, que nous atteignions une 1/2 h après. Il nous faut environ"
                    HPOS="647"
                    VPOS="2910"
                    WIDTH="2549"
                    HEIGHT="186"></String>
          </TextLine>

          
          
          <TextLine ID="eSc_line_6af50e86"
                    TAGREFS="LT1364"
                    BASELINE="654 3198 1050 3198 1312 3198 1632 3194 1647 3194 1788 3190 1825 3194 1992 3192" 
                    HPOS="647"
                    VPOS="3085"
                    WIDTH="1341"
                    HEIGHT="160">
            <Shape><Polygon POINTS="650 3194 650 3241 774 3216 854 3241 861 3241 865 3241 869 3241 872 3241 879 3238 949 3216 970 3238 974 3238 974 3241 978 3241 981 3241 985 3241 989 3241 996 3238 1036 3216 1123 3234 1156 3241 1159 3245 1327 3245 1327 3241 1330 3241 1359 3230 1403 3216 1439 3230 1468 3241 1472 3241 1476 3241 1541 3227 1574 3223 1621 3227 1723 3238 1727 3238 1730 3238 1734 3238 1734 3234 1745 3227 1759 3212 1985 3219 1988 3190 1981 3089 1665 3114 1574 3096 1508 3085 1505 3085 1501 3085 1454 3099 1399 3118 1378 3103 1359 3085 1356 3085 1352 3085 1265 3085 1261 3085 1258 3085 1214 3107 1188 3118 1167 3107 1134 3089 1130 3089 1127 3089 1123 3089 1119 3089 1119 3092 1098 3107 1087 3121 999 3121 989 3110 959 3085 956 3085 952 3085 949 3085 945 3085 865 3107 763 3085 759 3085 756 3085 752 3085 712 3118 709 3121 647 3121 650 3194"/></Shape>
	    <String CONTENT="1h pour les formalités, qui sont"
                    HPOS="647"
                    VPOS="3085"
                    WIDTH="1341"
                    HEIGHT="160"></String>
          </TextLine>

          
          
          <TextLine ID="eSc_line_0432e024"
                    TAGREFS="LT1364"
                    BASELINE="2005 3192 2262 3188" 
                    HPOS="1999"
                    VPOS="3056"
                    WIDTH="262"
                    HEIGHT="192">
            <Shape><Polygon POINTS="2003 3190 2003 3248 2258 3227 2261 3187 2254 3096 2098 3056 2094 3056 1999 3067 2003 3190"/></Shape>
	    <String CONTENT=""
                    HPOS="1999"
                    VPOS="3056"
                    WIDTH="262"
                    HEIGHT="192"></String>
          </TextLine>

          
          
          <TextLine ID="eSc_line_730f257d"
                    TAGREFS="LT1364"
                    BASELINE="2268 3188 2614 3183" 
                    HPOS="2261"
                    VPOS="3074"
                    WIDTH="349"
                    HEIGHT="156">
            <Shape><Polygon POINTS="2265 3187 2265 3230 2610 3198 2610 3179 2599 3114 2417 3121 2381 3089 2367 3078 2367 3074 2363 3074 2359 3074 2356 3074 2261 3074 2265 3187"/></Shape>
	    <String CONTENT="par une"
                    HPOS="2261"
                    VPOS="3074"
                    WIDTH="349"
                    HEIGHT="156"></String>
          </TextLine>

          
          
          <TextLine ID="eSc_line_342fc09b"
                    TAGREFS="LT1364"
                    BASELINE="2656 3183 2846 3180" 
                    HPOS="2654"
                    VPOS="3110"
                    WIDTH="189"
                    HEIGHT="153">
            <Shape><Polygon POINTS="2654 3179 2654 3245 2679 3263 2683 3263 2687 3263 2690 3263 2843 3248 2843 3179 2839 3110 2654 3118 2654 3179"/></Shape>
	    <String CONTENT=""
                    HPOS="2654"
                    VPOS="3110"
                    WIDTH="189"
                    HEIGHT="153"></String>
          </TextLine>

          
          
          <TextLine ID="eSc_line_8cd03479"
                    TAGREFS="LT1364"
                    BASELINE="2859 3180 3134 3176" 
                    HPOS="2850"
                    VPOS="3081"
                    WIDTH="280"
                    HEIGHT="167">
            <Shape><Polygon POINTS="2857 3179 2857 3248 3127 3216 3130 3172 3119 3081 2850 3092 2857 3179"/></Shape>
	    <String CONTENT="pourtant"
                    HPOS="2850"
                    VPOS="3081"
                    WIDTH="280"
                    HEIGHT="167"></String>
          </TextLine>

          
          
          <TextLine ID="eSc_line_5abfdd6c"
                    TAGREFS="LT1364"
                    BASELINE="690 3361 1112 3350 1403 3354 1625 3357" 
                    HPOS="683"
                    VPOS="3256"
                    WIDTH="938"
                    HEIGHT="152">
            <Shape><Polygon POINTS="687 3357 690 3408 749 3379 894 3405 912 3405 916 3408 1087 3408 1087 3405 1090 3405 1094 3405 1094 3401 1101 3397 1123 3376 1203 3376 1236 3394 1243 3401 1247 3401 1250 3401 1254 3405 1410 3405 1410 3401 1414 3401 1418 3401 1418 3397 1428 3390 1443 3379 1454 3390 1465 3397 1465 3401 1468 3401 1472 3401 1476 3401 1618 3383 1621 3354 1614 3267 1425 3281 1403 3270 1385 3256 1381 3256 1378 3256 1374 3256 1294 3270 1261 3278 1250 3270 1225 3256 1221 3256 1218 3256 1214 3256 1210 3256 1145 3274 1141 3274 1101 3256 1098 3256 1094 3256 963 3259 959 3259 956 3259 927 3278 912 3285 683 3285 687 3357"/></Shape>
	    <String CONTENT="couramment le français."
                    HPOS="683"
                    VPOS="3256"
                    WIDTH="938"
                    HEIGHT="152"></String>
          </TextLine>

          
          
          <TextLine ID="eSc_line_c00ab57f"
                    TAGREFS="LT1364"
                    BASELINE="1032 3506 3108 3506" 
                    HPOS="1032"
                    VPOS="3416"
                    WIDTH="2076"
                    HEIGHT="149">
            <Shape><Polygon POINTS="3076 3434 2901 3434 2890 3427 2887 3427 2850 3427 2814 3427 2810 3427 2796 3434 2788 3434 2777 3434 2748 3427 2741 3427 2705 3427 2668 3427 2632 3427 2596 3427 2585 3423 2556 3430 2545 3430 2541 3430 2523 3423 2523 3423 2487 3423 2450 3423 2443 3423 2425 3430 2407 3434 2276 3427 2207 3423 2196 3423 2159 3423 2123 3423 2087 3423 2050 3419 2025 3419 1981 3423 1872 3434 1843 3423 1832 3419 1832 3419 1796 3419 1759 3419 1723 3419 1687 3419 1650 3419 1614 3419 1596 3419 1581 3434 1450 3419 1418 3416 1396 3416 1359 3416 1323 3416 1287 3416 1250 3416 1214 3416 1178 3416 1141 3416 1105 3416 1069 3416 1032 3416 1032 3506 1032 3565 1356 3565 1356 3561 1359 3561 1450 3528 1570 3561 1578 3561 1581 3561 1585 3565 1668 3565 1668 3561 1672 3561 1676 3561 1716 3528 1770 3528 1818 3557 1818 3561 1821 3561 1825 3561 1828 3561 1847 3557 1985 3528 2076 3546 2079 3546 2247 3528 2268 3546 2268 3550 2272 3550 2276 3550 2279 3550 2432 3528 2494 3554 2508 3561 2512 3561 2516 3565 2610 3565 2610 3561 2614 3561 2628 3554 2683 3528 2748 3550 2752 3550 2756 3550 2759 3550 2763 3550 2792 3528 3105 3550 3108 3506 3101 3463 3076 3434"/></Shape>
	    <String CONTENT="Quelques km plus loin nous nous baignons dans un"
                    HPOS="1032"
                    VPOS="3416"
                    WIDTH="2076"
                    HEIGHT="149"></String>
          </TextLine>

          
          
          <TextLine ID="eSc_line_dc5732a9"
                    TAGREFS="LT1364"
                    BASELINE="702 3670 1778 3659 1836 3663 3268 3648" 
                    HPOS="698"
                    VPOS="3528"
                    WIDTH="2567"
                    HEIGHT="204">
            <Shape><Polygon POINTS="701 3666 701 3732 934 3732 934 3728 938 3728 941 3728 945 3725 963 3710 1029 3725 1058 3728 1061 3728 1065 3728 1079 3721 1145 3692 1181 3714 1185 3714 1188 3714 1192 3714 1428 3692 1578 3714 1647 3721 1650 3721 1654 3721 1690 3710 1781 3685 1901 3706 1970 3717 1974 3717 2123 3703 2312 3681 2345 3699 2348 3699 2352 3699 2356 3699 2359 3699 2367 3695 2417 3681 2719 3688 2825 3692 2828 3692 2832 3692 2854 3688 2905 3674 2952 3685 3028 3706 3032 3706 3036 3706 3265 3677 3265 3645 3257 3528 3156 3528 3152 3528 3148 3528 3145 3528 3083 3568 3036 3554 3032 3554 3028 3554 2650 3572 2614 3543 2614 3539 2610 3539 2607 3539 2603 3539 2487 3565 2439 3539 2436 3539 2432 3539 2428 3539 2294 3576 2181 3557 2178 3557 2058 3579 2010 3546 2007 3546 2003 3546 1999 3546 1996 3546 1992 3546 1938 3583 1778 3586 1574 3586 1519 3543 1516 3543 1512 3543 1508 3543 1134 3546 905 3554 901 3554 843 3579 698 3554 701 3666"/></Shape>
	    <String CONTENT="étang. Nous suivons toujours de pres ou de loin da vallée du Danube"
                    HPOS="698"
                    VPOS="3528"
                    WIDTH="2567"
                    HEIGHT="204"></String>
          </TextLine>

          
          
          <TextLine ID="eSc_line_ec3ccbcc"
                    TAGREFS="LT1364"
                    BASELINE="848 3838 1773 3825" 
                    HPOS="843"
                    VPOS="3739"
                    WIDTH="927"
                    HEIGHT="135">
            <Shape><Polygon POINTS="847 3837 847 3852 1065 3874 1069 3874 1072 3874 1123 3852 1127 3852 1134 3852 1221 3870 1225 3870 1345 3852 1374 3848 1396 3852 1465 3866 1468 3866 1541 3852 1574 3844 1767 3848 1770 3823 1767 3768 1719 3739 1716 3739 1712 3739 1708 3739 1705 3739 1621 3768 1374 3743 1370 3743 1367 3743 1298 3775 1196 3754 1192 3754 1083 3768 1061 3750 1058 3750 1054 3750 1050 3750 1047 3750 985 3768 949 3750 945 3750 941 3750 938 3750 843 3783 847 3837"/></Shape>
	    <String CONTENT="Sur une colline, nous"
                    HPOS="843"
                    VPOS="3739"
                    WIDTH="927"
                    HEIGHT="135"></String>
          </TextLine>

          
          
          <TextLine ID="eSc_line_d2b00193"
                    TAGREFS="LT1364"
                    BASELINE="1799 3831 2207 3826 2250 3826 2981 3819 3057 3819 3239 3819" 
                    HPOS="1792"
                    VPOS="3721"
                    WIDTH="1444"
                    HEIGHT="163">
            <Shape><Polygon POINTS="1796 3830 1796 3844 1916 3855 1941 3881 1941 3884 1945 3884 1948 3884 1952 3884 2196 3877 2199 3877 2203 3877 2239 3855 2258 3844 2399 3855 2552 3870 2556 3870 2559 3870 2563 3870 2577 3859 2607 3841 2639 3863 2657 3874 2661 3874 2665 3874 2668 3874 2672 3874 2676 3874 2687 3863 2690 3859 2701 3863 2745 3877 2748 3877 2752 3877 2756 3877 2781 3863 2803 3852 2825 3863 2832 3866 2836 3866 2839 3866 2861 3866 3065 3837 3232 3870 3236 3815 3232 3750 2767 3721 2763 3721 2607 3754 2443 3725 2439 3725 2436 3725 2367 3757 2301 3728 2298 3728 2167 3728 2163 3728 2159 3728 2156 3728 2105 3761 2050 3746 2047 3746 2043 3746 1792 3764 1796 3830"/></Shape>
	    <String CONTENT=""
                    HPOS="1792"
                    VPOS="3721"
                    WIDTH="1444"
                    HEIGHT="163"></String>
          </TextLine>

          
          
          <TextLine ID="eSc_line_f95b0db6"
                    TAGREFS="LT1364"
                    BASELINE="705 3992 1382 3995" 
                    HPOS="698"
                    VPOS="3870"
                    WIDTH="683"
                    HEIGHT="189">
            <Shape><Polygon POINTS="698 4033 745 4059 749 4059 752 4059 1378 4033 1381 3993 1378 3877 1232 3870 1228 3870 1225 3870 1221 3870 1221 3874 1214 3881 1178 3913 1105 3888 1101 3888 1098 3888 1094 3888 1090 3888 1090 3892 1061 3921 959 3921 898 3884 879 3877 876 3877 872 3877 869 3877 847 3888 825 3899 807 3888 778 3874 774 3874 770 3874 767 3874 763 3874 741 3888 730 3899 705 3892 701 3990 698 4033"/></Shape>
	    <String CONTENT=""
                    HPOS="698"
                    VPOS="3870"
                    WIDTH="683"
                    HEIGHT="189"></String>
          </TextLine>

          
          
          <TextLine ID="eSc_line_e78597cc"
                    TAGREFS="LT1364"
                    BASELINE="1414 3995 2999 3983 3249 3961" 
                    HPOS="1407"
                    VPOS="3870"
                    WIDTH="1840"
                    HEIGHT="174">
            <Shape><Polygon POINTS="1410 3993 1410 4015 1959 4044 1963 4044 1967 4044 1970 4044 1970 4041 1974 4041 1988 4019 2105 4008 2127 4008 2134 4008 2258 4041 2261 4041 2265 4041 2268 4041 2272 4041 2323 4008 2381 4026 2385 4026 2388 4026 2392 4026 2479 4004 2483 4004 2487 4004 2563 4037 2567 4037 2570 4041 2723 4041 2723 4037 2727 4037 2803 4001 2894 4001 2937 4033 2941 4033 2945 4033 2948 4037 3050 4037 3050 4033 3243 3993 3247 3957 3239 3895 3123 3870 3119 3870 3021 3892 2948 3870 2945 3870 2941 3870 2937 3870 2934 3870 2897 3895 2894 3895 2879 3895 2799 3881 2796 3881 2792 3881 2737 3895 2712 3899 2679 3895 2567 3874 2563 3874 2447 3895 2432 3895 2421 3895 2363 3877 2359 3877 2356 3877 2352 3877 2316 3895 2294 3906 2021 3906 2003 3895 1988 3881 1985 3881 1981 3881 1978 3881 1916 3895 1858 3906 1843 3895 1832 3884 1828 3884 1825 3884 1574 3884 1570 3884 1567 3884 1548 3895 1519 3910 1494 3895 1479 3884 1476 3884 1472 3884 1468 3884 1407 3892 1410 3993"/></Shape>
	    <String CONTENT="Bientôt nous trouvons et traversons un long pont"
                    HPOS="1407"
                    VPOS="3870"
                    WIDTH="1840"
                    HEIGHT="174"></String>
          </TextLine>

          
          
          <TextLine ID="eSc_line_92ab8e56"
                    TAGREFS="LT1364"
                    BASELINE="668 4155 966 4155 1156 4157 1265 4153 3080 4128" 
                    HPOS="661"
                    VPOS="4026"
                    WIDTH="2418"
                    HEIGHT="178">
            <Shape><Polygon POINTS="665 4153 665 4175 927 4204 930 4204 934 4204 1021 4175 1149 4201 1152 4201 1156 4201 1265 4172 1294 4193 1298 4193 1301 4193 1461 4197 1465 4197 1683 4168 2258 4175 2261 4175 2265 4175 2327 4161 2341 4157 2356 4161 2443 4175 2447 4175 2556 4157 2563 4157 2574 4157 2799 4179 2803 4179 2807 4179 2810 4179 2847 4157 2970 4175 2974 4175 3079 4150 3079 4124 3068 4037 2745 4059 2712 4041 2694 4026 2690 4026 2687 4026 2588 4026 2585 4026 2581 4026 2548 4041 2505 4062 2461 4044 2457 4044 2454 4044 2450 4044 2072 4066 2032 4048 2003 4033 1999 4033 1996 4033 1992 4033 1988 4033 1967 4048 1930 4070 1788 4052 1708 4041 1705 4041 1701 4041 1658 4052 1581 4073 1541 4055 1512 4041 1508 4041 1505 4041 1501 4041 1498 4041 1483 4055 1454 4077 1385 4055 1345 4044 1341 4044 1338 4044 1079 4048 1076 4048 1050 4059 1018 4077 992 4059 974 4048 970 4048 967 4048 963 4048 887 4062 792 4081 767 4062 759 4055 756 4055 752 4055 749 4055 661 4062 665 4153"/></Shape>
	    <String CONTENT="en fer sur le Danube, et nous trouvons un douanier qui nous"
                    HPOS="661"
                    VPOS="4026"
                    WIDTH="2418"
                    HEIGHT="178"></String>
          </TextLine>

          
          
          <TextLine ID="eSc_line_4ba9a980"
                    TAGREFS="LT1364"
                    BASELINE="1832 4230 2657 4222" 
                    HPOS="1828"
                    VPOS="4139"
                    WIDTH="829"
                    HEIGHT="211">
            <Shape><Polygon POINTS="2632 4157 2592 4139 2588 4139 2585 4139 2581 4139 2577 4139 2548 4164 2454 4164 2421 4139 2417 4139 2414 4139 2410 4139 2374 4139 2337 4139 2312 4139 2308 4139 2305 4139 2232 4164 2152 4142 2148 4142 2145 4142 1970 4164 1868 4146 1865 4146 1839 4146 1836 4146 1828 4153 1832 4230 1832 4346 2650 4350 2657 4222 2654 4215 2632 4157"/></Shape>
	    <String CONTENT="interpelle en ESPERANTO."
                    HPOS="1828"
                    VPOS="4139"
                    WIDTH="829"
                    HEIGHT="211"></String>
          </TextLine>

          
        </TextBlock>
        
        <TextBlock HPOS="3051"
                   VPOS="150"
                   WIDTH="237"
                   HEIGHT="177"
                   ID="eSc_textblock_dc07774d"
                   TAGREFS="BT4049">
          <Shape><Polygon POINTS="3051 150 3051 327 3288 327 3288 150"/></Shape>
          
          
          <TextLine ID="eSc_line_b69c8de1"
                    TAGREFS="LT1364"
                    BASELINE="3071 259 3224 263" 
                    HPOS="3065"
                    VPOS="156"
                    WIDTH="156"
                    HEIGHT="174">
            <Shape><Polygon POINTS="3068 258 3065 319 3214 330 3221 261 3217 156 3068 167 3068 258"/></Shape>
	    <String CONTENT="5"
                    HPOS="3065"
                    VPOS="156"
                    WIDTH="156"
                    HEIGHT="174"></String>
          </TextLine>

          
        </TextBlock>
        
        <TextBlock HPOS="197"
                   VPOS="3382"
                   WIDTH="455"
                   HEIGHT="242"
                   ID="eSc_textblock_04e3d46f"
                   TAGREFS="BT4049">
          <Shape><Polygon POINTS="197 3382 197 3624 652 3624 652 3382"/></Shape>
          
          
          <TextLine ID="eSc_line_76174723"
                    TAGREFS="LT1364"
                    BASELINE="276 3506 643 3499" 
                    HPOS="272"
                    VPOS="3416"
                    WIDTH="371"
                    HEIGHT="109">
            <Shape><Polygon POINTS="636 3445 599 3441 563 3437 498 3437 498 3434 487 3427 454 3427 418 3427 381 3423 345 3419 309 3416 272 3456 276 3506 276 3525 643 3521 643 3499 636 3445 636 3445"/></Shape>
	    <String CONTENT="Tchecoslovaquie"
                    HPOS="272"
                    VPOS="3416"
                    WIDTH="371"
                    HEIGHT="109"></String>
          </TextLine>

          
        </TextBlock>
        

        
      </PrintSpace>
    </Page>
  </Layout>
</alto>
