<?xml version="1.0" encoding="UTF-8"?>
<alto xmlns:xsi="http://www.w3.org/2001/XMLSchema-instance"
      xmlns="http://www.loc.gov/standards/alto/ns-v4#"
      xsi:schemaLocation="http://www.loc.gov/standards/alto/ns-v4# http://www.loc.gov/standards/alto/v4/alto-4-2.xsd">
  <Description>
    <MeasurementUnit>pixel</MeasurementUnit>
    <sourceImageInformation>
      <fileName>B.20.chine6_0051.jpg</fileName>
      
    </sourceImageInformation>
  </Description>
  
  <Tags>
    <OtherTag ID="BT4049" LABEL="MarginTextZone" DESCRIPTION="block type MarginTextZone"/><OtherTag ID="BT4048" LABEL="MainZone" DESCRIPTION="block type MainZone"/>
    <OtherTag ID="LT1365" LABEL="InterlinearLine" DESCRIPTION="line type InterlinearLine"/><OtherTag ID="LT1364" LABEL="DefaultLine" DESCRIPTION="line type DefaultLine"/>
  </Tags>
  
  <Layout>
    <Page WIDTH="3465"
          HEIGHT="4346"
          PHYSICAL_IMG_NR="25"
          ID="eSc_dummypage_">
      <PrintSpace HPOS="0"
                  VPOS="0"
                  WIDTH="3465"
                  HEIGHT="4346">
        
        <TextBlock HPOS="171"
                   VPOS="366"
                   WIDTH="643"
                   HEIGHT="346"
                   ID="eSc_textblock_b3584d0b"
                   TAGREFS="BT4049">
          <Shape><Polygon POINTS="171 366 171 707 814 712 814 366"/></Shape>
          
          
          <TextLine ID="eSc_line_2f1bc591"
                    TAGREFS="LT1364"
                    BASELINE="246 485 809 482" 
                    HPOS="242"
                    VPOS="369"
                    WIDTH="566"
                    HEIGHT="145">
            <Shape><Polygon POINTS="242 481 242 514 808 507 808 481 808 412 703 387 699 387 619 398 518 409 492 387 474 373 474 369 471 369 467 369 463 369 409 380 347 394 322 373 318 369 315 369 311 369 242 369 242 481"/></Shape>
	    <String CONTENT="tillac. terme marin"
                    HPOS="242"
                    VPOS="369"
                    WIDTH="566"
                    HEIGHT="145"></String>
          </TextLine>

          
          
          <TextLine ID="eSc_line_e1f57e80"
                    TAGREFS="LT1364"
                    BASELINE="253 564 728 557" 
                    HPOS="253"
                    VPOS="499"
                    WIDTH="475"
                    HEIGHT="120">
            <Shape><Polygon POINTS="253 521 253 564 253 593 279 615 282 615 286 615 289 619 395 619 395 615 398 615 402 615 427 593 482 615 485 615 489 615 728 579 728 557 721 499 271 499 253 521"/></Shape>
	    <String CONTENT="signifiant pont en"
                    HPOS="253"
                    VPOS="499"
                    WIDTH="475"
                    HEIGHT="120"></String>
          </TextLine>

          
          
          <TextLine ID="eSc_line_8138eb95"
                    TAGREFS="LT1364"
                    BASELINE="214 648 358 641 387 644 809 642" 
                    HPOS="210"
                    VPOS="568"
                    WIDTH="598"
                    HEIGHT="138">
            <Shape><Polygon POINTS="213 644 213 695 413 677 438 698 438 702 442 702 445 702 449 706 579 706 579 702 587 702 721 677 801 702 808 641 804 590 630 568 627 568 471 586 420 568 416 568 413 568 289 586 264 568 260 568 257 568 253 568 250 568 210 586 213 644"/></Shape>
	    <String CONTENT="bois et un bateau"
                    HPOS="210"
                    VPOS="568"
                    WIDTH="598"
                    HEIGHT="138"></String>
          </TextLine>

          
        </TextBlock>
        
        <TextBlock HPOS="805"
                   VPOS="60"
                   WIDTH="2598"
                   HEIGHT="4194"
                   ID="eSc_textblock_0700678d"
                   TAGREFS="BT4048">
          <Shape><Polygon POINTS="3403 4254 805 4254 805 60 3133 60 3133 267 3403 267"/></Shape>
          
          
          <TextLine ID="eSc_line_c2e28abf"
                    TAGREFS="LT1364"
                    BASELINE="887 155 3003 159" 
                    HPOS="880"
                    VPOS="61"
                    WIDTH="2121"
                    HEIGHT="152">
            <Shape><Polygon POINTS="2837 61 2801 61 2776 61 2754 72 2732 86 2638 86 2609 72 2577 61 2548 61 2511 61 2475 61 2439 61 2403 61 2366 61 2330 61 2294 61 2258 61 2221 61 2185 61 2149 61 2113 61 2076 61 2040 61 2004 61 1997 61 1964 76 1942 83 1866 76 1714 61 1710 61 1707 61 1703 61 1703 65 1689 76 1681 86 1181 86 1174 79 1145 61 1141 61 1138 61 1134 61 1130 61 1083 79 1080 83 1072 79 1032 61 1025 61 996 61 884 79 884 152 880 206 993 210 996 210 1000 210 1003 210 1036 184 1058 202 1061 202 1065 202 1069 202 1072 202 1134 173 1283 210 1293 210 1297 210 1301 210 1304 210 1304 206 1326 188 1366 202 1370 202 1373 202 1377 202 1428 181 1489 206 1493 206 1496 206 1500 206 1554 181 1804 173 1870 206 1873 206 1877 206 1881 206 1949 173 2004 210 2007 210 2011 210 2015 213 2171 213 2171 210 2174 210 2294 173 2584 173 2725 210 2729 210 2732 213 2997 213 3001 155 2997 72 2841 61 2837 61"/></Shape>
	    <String CONTENT="agravent mon mal de mer, de telle manière, que je"
                    HPOS="880"
                    VPOS="61"
                    WIDTH="2121"
                    HEIGHT="152"></String>
          </TextLine>

          
          
          <TextLine ID="eSc_line_58844006"
                    TAGREFS="LT1364"
                    BASELINE="837 322 1816 314 2130 312 2214 316 3149 315" 
                    HPOS="830"
                    VPOS="195"
                    WIDTH="2316"
                    HEIGHT="188">
            <Shape><Polygon POINTS="3091 195 3088 195 3084 195 3080 195 3077 195 3055 217 3026 242 2899 242 2859 217 2830 199 2827 199 2823 199 2754 199 2750 199 2747 199 2743 199 2743 202 2721 220 2718 224 2711 220 2692 206 2689 206 2685 206 2682 206 2580 220 2577 220 2573 220 2548 246 2493 246 2468 220 2446 202 2446 199 2442 199 2439 199 2435 199 2432 199 2428 199 2399 220 2366 242 2334 220 2297 199 2294 199 2290 199 2214 199 2210 199 2207 199 2203 199 2203 202 2181 220 2156 249 2080 249 2040 224 2011 202 2007 202 2004 202 1981 230 1953 273 1930 219 1754 202 1750 202 1746 202 1667 224 1591 246 1511 228 1460 213 1457 213 1453 213 1449 213 1413 228 1348 253 1203 253 1170 228 1163 220 1159 220 1156 220 1152 220 1112 228 1018 249 945 231 887 213 884 213 880 213 877 213 830 228 833 318 833 340 1145 340 1148 340 1246 362 1250 362 1380 340 1446 383 1449 383 1453 383 1457 383 1460 383 1464 383 1536 340 1547 336 1779 336 1786 340 1837 380 1841 380 1844 380 1848 383 1924 383 1924 380 1928 380 2004 344 2065 380 2069 380 2073 380 2076 383 2152 383 2152 380 2156 380 2261 340 2283 333 2337 336 2337 340 2374 373 2374 376 2377 376 2381 376 2384 376 2471 358 2577 373 2580 373 2584 373 2587 373 2616 347 2678 376 2682 376 2685 380 2892 380 2892 376 2895 376 2899 376 2953 340 2975 329 3004 340 3044 358 3048 358 3051 358 3146 340 3146 311 3142 268 3131 213"/></Shape>
	    <String CONTENT="deviens une loque, une chife, ayant à peine la force de"
                    HPOS="830"
                    VPOS="195"
                    WIDTH="2316"
                    HEIGHT="188"></String>
          </TextLine>

          
          
          <TextLine ID="eSc_line_9dcea99f"
                    TAGREFS="LT1365"
                    BASELINE="1927 227 1985 229" 
                    HPOS="1917"
                    VPOS="159"
                    WIDTH="65"
                    HEIGHT="119">
            <Shape><Polygon POINTS="1917 275 1975 278 1982 228 1982 162 1924 159 1924 224"/></Shape>
	    <String CONTENT="f"
                    HPOS="1917"
                    VPOS="159"
                    WIDTH="65"
                    HEIGHT="119"></String>
          </TextLine>

          
          
          <TextLine ID="eSc_line_ba649253"
                    TAGREFS="LT1364"
                    BASELINE="845 482 3254 470" 
                    HPOS="840"
                    VPOS="369"
                    WIDTH="2411"
                    HEIGHT="156">
            <Shape><Polygon POINTS="844 481 844 514 1333 525 1337 525 1341 525 1377 510 1402 499 1435 510 1478 521 1482 521 1486 521 1489 521 1536 507 1576 496 1634 507 1718 521 1721 521 1725 521 1772 503 1801 496 1826 503 1870 517 1873 517 1877 517 1881 517 1884 517 1902 503 1913 496 1957 503 2036 514 2040 514 2044 514 2084 499 2102 492 2558 492 2569 496 2631 517 2634 517 2638 517 2642 517 2645 517 2674 492 2678 488 2689 492 2725 510 2729 510 2732 510 2736 510 2787 496 3084 514 3088 514 3247 485 3251 467 3236 369 3153 394 3117 369 3113 369 3109 369 2957 369 2953 369 2928 373 2805 398 2685 376 2678 376 2674 376 2671 376 2667 376 2634 405 2504 405 2457 380 2453 380 2450 380 2446 380 2392 402 2276 383 2210 373 2207 373 2156 383 2084 402 2044 387 2036 383 2033 383 2029 383 2026 383 2022 383 2022 387 2000 405 1957 387 1931 376 1928 376 1924 376 1920 376 1895 387 1855 409 1772 409 1739 391 1714 376 1710 376 1562 376 1558 376 1554 376 1551 376 1551 380 1533 394 1522 405 1500 394 1460 376 1457 376 1453 376 1449 376 1446 376 1446 380 1428 394 1409 412 1167 412 1134 398 1080 380 1076 380 1072 380 1069 380 989 402 956 409 840 405 844 481"/></Shape>
	    <String CONTENT="m&#39;agriper sur le tillac* du canot. Je suis incapable de"
                    HPOS="840"
                    VPOS="369"
                    WIDTH="2411"
                    HEIGHT="156"></String>
          </TextLine>

          
          
          <TextLine ID="eSc_line_fc63b8e6"
                    TAGREFS="LT1364"
                    BASELINE="845 642 2286 628 2528 639 3113 630" 
                    HPOS="840"
                    VPOS="514"
                    WIDTH="2269"
                    HEIGHT="184">
            <Shape><Polygon POINTS="844 641 844 698 1206 655 1424 677 1428 677 1663 655 1765 688 1768 688 1772 688 1775 688 1848 670 1917 688 1920 688 1924 688 1928 688 1931 688 1935 688 1986 651 2029 684 2033 684 2036 684 2040 688 2102 688 2152 688 2152 684 2156 684 2160 684 2196 655 2294 662 2297 662 2301 662 2345 644 2504 666 2508 666 2627 648 2667 677 2671 677 2674 677 2678 680 2736 680 2845 680 2845 677 2848 677 2914 651 2957 673 2961 673 2964 673 2968 673 3030 655 3098 673 3109 626 3098 550 3022 550 3015 546 2964 514 2961 514 2957 514 2953 514 2750 546 2721 550 2714 546 2671 514 2667 514 2663 514 2660 514 2656 514 2653 514 2653 517 2624 546 2616 557 2395 557 2381 543 2352 517 2348 517 2345 517 2341 517 2200 521 2196 521 2192 521 2192 525 2171 543 2160 543 2040 528 2036 528 2033 528 2029 528 2011 543 1997 550 1920 539 1848 532 1844 532 1841 532 1837 532 1826 539 1797 561 1739 539 1699 525 1696 525 1692 525 1689 525 1638 539 1562 561 1482 539 1449 528 1446 528 1442 528 1438 528 1435 528 1424 539 1384 564 1087 543 1083 543 1080 543 1003 568 938 536 931 532 927 532 924 532 840 532 844 641"/></Shape>
	    <String CONTENT="faire un mouvement, et ce pendant # longues heures"
                    HPOS="840"
                    VPOS="514"
                    WIDTH="2269"
                    HEIGHT="184"></String>
          </TextLine>

          
          
          <TextLine ID="eSc_line_26798a09"
                    TAGREFS="LT1365"
                    BASELINE="2474 548 2609 550" 
                    HPOS="2471"
                    VPOS="474"
                    WIDTH="134"
                    HEIGHT="105">
            <Shape><Polygon POINTS="2482 474 2471 481 2471 546 2471 568 2602 579 2605 546 2605 488 2537 474 2508 474"/></Shape>
	    <String CONTENT="deux"
                    HPOS="2471"
                    VPOS="474"
                    WIDTH="134"
                    HEIGHT="105"></String>
          </TextLine>

          
          
          <TextLine ID="eSc_line_c52607aa"
                    TAGREFS="LT1364"
                    BASELINE="837 804 3218 789" 
                    HPOS="833"
                    VPOS="670"
                    WIDTH="2385"
                    HEIGHT="191">
            <Shape><Polygon POINTS="837 804 837 840 924 861 927 861 931 861 935 861 960 840 982 822 1250 822 1279 836 1308 854 1312 854 1315 854 1319 854 1420 836 1511 818 1536 832 1573 858 1576 858 1580 858 1583 858 1587 858 1591 858 1627 832 1634 829 1681 832 1953 858 1957 858 1960 858 2026 829 2058 814 2174 814 2196 825 2210 840 2214 840 2218 840 2221 840 2225 840 2258 825 2283 814 2297 825 2334 854 2337 854 2341 854 2345 858 2508 858 2508 854 2511 854 2569 822 2584 814 2598 822 2649 851 2653 851 2656 854 2881 854 2881 851 2885 851 2953 818 3214 814 3218 789 3207 670 2993 713 2725 713 2660 684 2656 684 2653 684 2649 684 2645 684 2602 720 2428 720 2381 684 2377 684 2374 684 2370 684 2366 684 2363 684 2316 717 2189 698 2185 698 2181 698 2149 717 2127 698 2123 698 2120 698 2116 698 2113 698 2109 698 2084 717 2047 684 2044 684 2040 684 2036 684 2033 684 2029 684 1975 720 1928 680 1924 677 1920 677 1917 677 1913 677 1910 677 1906 677 1899 680 1841 724 1678 724 1631 684 1627 684 1623 684 1620 684 1616 684 1612 684 1573 720 1453 688 1428 680 1424 680 1420 680 833 691 837 804"/></Shape>
	    <String CONTENT="pendant lesquelles notre esquif et son courageux équipage remonte"
                    HPOS="833"
                    VPOS="670"
                    WIDTH="2385"
                    HEIGHT="191"></String>
          </TextLine>

          
          
          <TextLine ID="eSc_line_31f91678"
                    TAGREFS="LT1364"
                    BASELINE="830 959 3077 952" 
                    HPOS="826"
                    VPOS="840"
                    WIDTH="2251"
                    HEIGHT="163">
            <Shape><Polygon POINTS="830 959 830 995 1196 970 1250 992 1272 999 1275 999 1279 1003 1453 1003 1453 999 1457 999 1460 999 1475 988 1500 970 1594 970 1707 985 1823 999 1826 999 1830 999 1873 981 1895 974 1910 981 1924 992 1928 992 1931 992 1935 992 1997 981 2047 970 2084 977 2116 988 2120 988 2123 988 2127 988 2152 977 2181 966 2221 977 2261 988 2265 988 2268 988 2272 988 2323 974 2345 970 2352 974 2381 995 2384 995 2388 995 2392 995 2395 995 2399 995 2432 974 2442 974 2609 995 2613 995 2616 995 2620 995 2660 970 2667 966 2682 970 2776 995 2779 995 2783 995 2787 995 2790 995 2790 992 2816 966 2819 966 2834 966 2953 985 2957 985 3073 963 3077 952 3066 861 2584 880 2566 865 2555 858 2555 854 2551 854 2548 854 2544 854 2540 854 2537 854 2537 858 2526 865 2508 883 2341 883 2301 869 2236 851 2232 851 2229 851 2225 851 2221 851 2196 872 2181 883 1993 883 1848 880 1844 876 1783 840 1779 840 1775 840 1772 840 1768 840 1689 876 1678 883 1670 880 1612 840 1609 840 1605 840 1333 840 1330 840 1326 840 1272 865 1246 843 1246 840 1243 840 1239 840 1235 840 1232 840 1159 858 1105 840 1101 840 1098 840 1094 840 1007 883 964 843 960 843 956 843 877 840 873 840 869 840 866 840 866 843 826 876 830 959"/></Shape>
	    <String CONTENT="lentement le flot de l&#39;estuaire. Vers midi, nous devons"
                    HPOS="826"
                    VPOS="840"
                    WIDTH="2251"
                    HEIGHT="163"></String>
          </TextLine>

          
          
          <TextLine ID="eSc_line_11a5caa6"
                    TAGREFS="LT1364"
                    BASELINE="826 1119 3236 1113" 
                    HPOS="819"
                    VPOS="1003"
                    WIDTH="2414"
                    HEIGHT="163">
            <Shape><Polygon POINTS="822 1115 822 1148 982 1137 1029 1151 1072 1162 1076 1162 1080 1166 1246 1166 1246 1162 1304 1151 1337 1144 1362 1151 1399 1162 1402 1162 1406 1162 1409 1162 1449 1151 1500 1137 1551 1151 1587 1162 1591 1162 1594 1162 1598 1162 1627 1151 1663 1137 2065 1137 2326 1155 2461 1162 2464 1162 2468 1162 2490 1155 2540 1137 2870 1137 2906 1155 2921 1162 2924 1162 2928 1162 3229 1155 3233 1111 3225 1017 3167 1003 3164 1003 3160 1003 3113 1017 3040 1043 2863 1043 2812 1021 2765 1003 2761 1003 2758 1003 2754 1003 2750 1003 2750 1006 2732 1021 2711 1043 2584 1043 2555 1024 2522 1003 2519 1003 2515 1003 2439 1003 2435 1003 2432 1003 2355 1024 2308 1043 1837 1043 1826 1032 1797 1006 1797 1003 1794 1003 1790 1003 1786 1003 1783 1003 1696 1028 1612 1003 1609 1003 1605 1003 1602 1003 1544 1028 1475 1003 1471 1003 1467 1003 1464 1003 1460 1003 1460 1006 1424 1035 1420 1043 1377 1043 1370 1039 1283 1003 1279 1003 1127 1003 1123 1003 1119 1003 1065 1028 1025 1003 1022 1003 1018 1003 869 1003 866 1003 862 1003 859 1003 819 1028 822 1115"/></Shape>
	    <String CONTENT="faire le transbordement sur une péniche en bois, qui, elle"
                    HPOS="819"
                    VPOS="1003"
                    WIDTH="2414"
                    HEIGHT="163"></String>
          </TextLine>

          
          
          <TextLine ID="eSc_line_28a6863f"
                    TAGREFS="LT1364"
                    BASELINE="855 1282 3320 1274" 
                    HPOS="851"
                    VPOS="1158"
                    WIDTH="2469"
                    HEIGHT="178">
            <Shape><Polygon POINTS="3309 1198 3138 1198 3098 1169 3095 1169 3091 1169 3088 1169 3084 1169 3080 1169 3040 1195 2573 1195 2533 1162 2533 1158 2529 1158 2526 1158 2522 1158 2319 1180 2098 1158 2094 1158 2091 1158 2036 1184 2000 1162 1997 1162 1993 1162 1801 1162 1797 1162 1794 1162 1790 1162 1743 1191 1649 1173 1645 1173 1641 1173 1638 1173 1605 1198 1337 1162 1333 1162 1330 1162 1228 1198 1152 1162 1148 1162 1145 1162 1141 1162 1029 1198 909 1162 906 1162 902 1162 898 1162 895 1162 851 1195 855 1282 862 1325 884 1311 982 1325 1054 1332 1058 1332 1061 1332 1065 1332 1080 1321 1116 1300 1373 1300 1417 1318 1446 1332 1449 1332 1453 1336 1663 1336 1663 1332 1667 1332 1714 1314 1757 1300 1794 1314 1837 1332 1841 1332 1844 1332 1848 1332 1852 1332 1881 1314 1906 1300 2004 1311 2029 1314 2033 1314 2091 1311 2305 1296 2381 1307 2508 1329 2511 1332 2700 1332 2700 1329 2703 1329 2747 1307 2808 1329 2812 1329 2816 1329 2819 1329 2823 1329 2859 1303 2870 1296 2877 1303 2914 1325 2917 1325 2921 1325 2924 1325 2928 1325 2932 1325 2968 1303 2975 1296 2993 1300 3048 1318 3051 1318 3055 1318 3316 1296 3320 1274 3312 1209 3309 1198"/></Shape>
	    <String CONTENT="longe la rive. Je suis fourbu, blême, trempé jusqu&#39;aux os, car"
                    HPOS="851"
                    VPOS="1158"
                    WIDTH="2469"
                    HEIGHT="178"></String>
          </TextLine>

          
          
          <TextLine ID="eSc_line_8fed88f2"
                    TAGREFS="LT1364"
                    BASELINE="837 1441 3374 1426" 
                    HPOS="833"
                    VPOS="1318"
                    WIDTH="2541"
                    HEIGHT="170">
            <Shape><Polygon POINTS="3352 1347 3287 1318 3283 1318 3280 1318 3160 1343 3026 1318 3022 1318 3019 1318 2910 1350 2856 1321 2852 1321 2740 1318 2736 1318 2732 1318 2656 1354 2645 1361 2566 1361 2551 1350 2500 1321 2497 1321 2493 1321 2490 1321 2348 1350 2312 1358 2297 1350 2250 1321 2247 1321 2243 1321 2239 1321 2236 1321 2232 1321 2185 1350 2181 1354 2174 1350 2138 1321 2134 1321 2131 1321 2127 1321 2011 1325 2007 1325 2004 1325 1971 1347 1949 1361 1685 1354 1674 1347 1627 1325 1623 1325 1620 1325 1616 1325 1536 1347 1460 1368 1362 1368 1333 1343 1315 1329 1312 1329 1308 1329 1304 1329 1301 1329 1268 1343 1221 1365 833 1343 837 1441 837 1484 967 1459 1163 1459 1225 1484 1239 1488 1243 1488 1246 1488 1250 1488 1264 1484 1337 1459 1435 1481 1457 1484 1460 1484 1464 1484 1482 1481 1576 1455 1721 1455 1848 1474 1910 1484 1913 1484 1917 1484 1920 1484 1920 1481 1931 1474 1953 1455 2007 1470 2011 1470 2015 1470 2102 1452 2131 1470 2145 1481 2149 1481 2152 1481 2156 1484 2290 1484 2290 1481 2294 1481 2297 1481 2316 1470 2334 1459 2374 1466 2421 1477 2424 1477 2428 1477 2461 1466 2508 1452 2584 1466 2678 1481 2682 1481 2761 1463 2805 1452 2823 1463 2841 1470 2845 1470 2848 1470 2950 1459 3051 1448 3066 1459 3088 1477 3091 1477 3095 1477 3098 1477 3374 1452 3374 1426 3370 1397 3352 1347"/></Shape>
	    <String CONTENT="pour moi, le mal de mer, est la pire des maladies. Et pourtant"
                    HPOS="833"
                    VPOS="1318"
                    WIDTH="2541"
                    HEIGHT="170"></String>
          </TextLine>

          
          
          <TextLine ID="eSc_line_47061cbd"
                    TAGREFS="LT1364"
                    BASELINE="1123 1600 3265 1600" 
                    HPOS="1123"
                    VPOS="1484"
                    WIDTH="2142"
                    HEIGHT="163">
            <Shape><Polygon POINTS="1123 1600 1123 1647 1312 1647 1312 1644 1315 1644 1319 1644 1359 1618 1551 1636 1554 1636 1558 1636 1594 1618 1612 1640 1616 1640 1616 1644 1620 1644 1623 1644 1627 1644 1699 1636 1888 1618 2007 1618 2018 1633 2029 1640 2029 1644 2033 1644 2036 1644 2040 1644 2044 1644 2087 1633 2138 1618 2196 1629 2250 1640 2254 1640 2381 1629 2479 1618 2493 1626 2529 1644 2533 1644 2537 1644 3048 1618 3077 1618 3080 1618 3204 1644 3207 1644 3211 1644 3265 1615 3265 1600 3265 1513 3138 1484 2972 1484 2968 1484 2964 1484 2910 1510 2783 1484 2779 1484 2776 1484 2685 1510 2663 1517 2649 1510 2605 1488 2602 1488 2598 1488 2595 1488 2591 1488 2566 1510 2558 1517 2537 1510 2442 1484 2439 1484 2435 1484 2432 1484 2428 1484 2399 1510 2381 1528 2142 1528 2123 1510 2098 1488 2094 1488 2091 1488 2087 1488 2084 1488 2040 1510 2011 1528 1685 1528 1634 1510 1551 1484 1547 1484 1544 1484 1438 1510 1373 1524 1330 1510 1290 1495 1286 1495 1283 1495 1279 1495 1275 1495 1257 1510 1250 1517 1239 1510 1206 1484 1203 1484 1199 1484 1196 1484 1192 1484 1123 1506 1123 1600"/></Shape>
	    <String CONTENT="heureusement que sur cette rive, la tempête molit, et"
                    HPOS="1123"
                    VPOS="1484"
                    WIDTH="2142"
                    HEIGHT="163"></String>
          </TextLine>

          
          
          <TextLine ID="eSc_line_c87c7c83"
                    TAGREFS="LT1364"
                    BASELINE="844 1767 1565 1752 3236 1760" 
                    HPOS="840"
                    VPOS="1644"
                    WIDTH="2396"
                    HEIGHT="163">
            <Shape><Polygon POINTS="844 1767 840 1778 1290 1803 1293 1803 1297 1803 1380 1778 1402 1774 1428 1778 1496 1792 1500 1792 1612 1778 1652 1774 1660 1778 1685 1796 1689 1796 1692 1796 1696 1799 1696 1796 1699 1796 1703 1796 1728 1778 1739 1774 1917 1774 1928 1778 1975 1799 1978 1799 2301 1803 2305 1803 2308 1803 2312 1803 2348 1778 2352 1774 2461 1774 2464 1778 2493 1799 2493 1803 2497 1803 2500 1803 2504 1807 2558 1807 2558 1803 2562 1803 2631 1778 2638 1774 2645 1778 2732 1803 2736 1803 2740 1803 2743 1803 2747 1803 2772 1778 2834 1774 2895 1774 2899 1774 2946 1799 2950 1799 2953 1799 2957 1799 3044 1774 3055 1774 3069 1774 3175 1792 3178 1792 3182 1792 3233 1774 3236 1760 3233 1655 3019 1644 3015 1644 3011 1644 3008 1644 2997 1655 2968 1680 2881 1658 2830 1644 2827 1644 2823 1644 2747 1658 2725 1662 2696 1658 2562 1644 2558 1644 2555 1644 2508 1662 2482 1673 2475 1662 2461 1651 2461 1647 2457 1647 2453 1647 2363 1644 2359 1644 2355 1644 2352 1644 2352 1647 2330 1665 2312 1680 2196 1665 2156 1662 2152 1662 2116 1665 2040 1680 2022 1669 2000 1651 1997 1651 1993 1651 1989 1651 1848 1662 1768 1644 1765 1644 1761 1644 1757 1644 1703 1673 1685 1684 1308 1684 1297 1676 1264 1655 1261 1655 1257 1655 1254 1655 1250 1655 1246 1655 1246 1658 1221 1676 1217 1684 1043 1684 1036 1680 927 1655 924 1655 920 1655 844 1680 844 1767"/></Shape>
	    <String CONTENT="commence pour moi, un des voyages les plus interessants de"
                    HPOS="840"
                    VPOS="1644"
                    WIDTH="2396"
                    HEIGHT="163"></String>
          </TextLine>

          
          
          <TextLine ID="eSc_line_7f75a84b"
                    TAGREFS="LT1364"
                    BASELINE="844 1926 3280 1915" 
                    HPOS="840"
                    VPOS="1810"
                    WIDTH="2440"
                    HEIGHT="145">
            <Shape><Polygon POINTS="3269 1854 3262 1843 3131 1847 3120 1843 3077 1810 3073 1810 3069 1810 2924 1810 2921 1810 2917 1810 2914 1810 2859 1843 2848 1850 2653 1850 2642 1847 2540 1810 2537 1810 2533 1810 2403 1836 2236 1814 2232 1814 2229 1814 2181 1839 2145 1818 2142 1818 2138 1818 2134 1818 2131 1818 2065 1847 2058 1854 1815 1854 1808 1850 1768 1828 1765 1828 1761 1828 1757 1828 1754 1828 1732 1850 1728 1854 1649 1854 1645 1850 1605 1818 1602 1818 1598 1818 1533 1818 1529 1818 1525 1818 1522 1818 1522 1821 1486 1850 1482 1857 1359 1857 1351 1854 1308 1821 1304 1821 1301 1821 1040 1818 1036 1818 1032 1818 1029 1818 993 1850 840 1854 844 1926 844 1955 1757 1955 1757 1952 1761 1952 1765 1952 1765 1948 1779 1933 1823 1952 1826 1952 1830 1952 1833 1952 1852 1952 1968 1933 2018 1952 2026 1952 2029 1952 2033 1952 2051 1952 2142 1933 2392 1948 2461 1952 2464 1952 2468 1952 2482 1948 2544 1933 2689 1948 2707 1948 2711 1948 2714 1948 2718 1948 2740 1930 2808 1948 2812 1948 2816 1948 2819 1948 2830 1948 2939 1930 3276 1944 3280 1915 3269 1854 3269 1854"/></Shape>
	    <String CONTENT="mes aventures. On se croirait transporté à un siècle au"
                    HPOS="840"
                    VPOS="1810"
                    WIDTH="2440"
                    HEIGHT="145"></String>
          </TextLine>

          
          
          <TextLine ID="eSc_line_1e69d037"
                    TAGREFS="LT1364"
                    BASELINE="848 2078 3233 2064" 
                    HPOS="844"
                    VPOS="1952"
                    WIDTH="2389"
                    HEIGHT="173">
            <Shape><Polygon POINTS="848 2078 851 2125 909 2096 964 2122 967 2122 971 2122 1087 2096 1460 2096 1529 2118 1547 2122 1551 2122 1554 2122 1558 2122 1569 2115 1602 2100 1649 2115 1670 2122 1674 2122 1678 2122 1681 2122 1710 2115 1765 2100 1895 2111 2007 2122 2011 2122 2015 2122 2040 2111 2073 2093 2142 2107 2185 2118 2189 2118 2276 2107 2334 2100 2348 2107 2370 2115 2374 2115 2377 2115 2381 2115 2399 2104 2428 2089 2464 2104 2497 2118 2500 2118 2504 2118 2703 2115 2707 2115 2711 2115 2732 2100 2761 2086 3229 2093 3233 2064 3225 1999 2812 1999 2808 1995 2729 1952 2725 1952 2721 1952 2461 1977 2381 1955 2377 1955 2076 1955 2073 1955 2069 1955 1957 1995 1931 2002 1891 1995 1779 1973 1775 1973 1772 1973 1721 1995 1699 2006 1602 2006 1522 1995 1489 1991 1460 1966 1460 1962 1457 1962 1453 1962 1333 1962 1330 1962 1326 1962 1322 1962 1275 1995 1250 2006 1119 2002 1109 1995 1080 1973 1076 1973 1072 1973 1069 1973 844 1991 848 2078"/></Shape>
	    <String CONTENT="moins en arrière : notre gondole, est propulsće ... ... .."
                    HPOS="844"
                    VPOS="1952"
                    WIDTH="2389"
                    HEIGHT="173"></String>
          </TextLine>

          
          
          <TextLine ID="eSc_line_d6752359"
                    TAGREFS="LT1364"
                    BASELINE="852 2239 3160 2230" 
                    HPOS="848"
                    VPOS="2122"
                    WIDTH="2308"
                    HEIGHT="174">
            <Shape><Polygon POINTS="851 2238 851 2263 1014 2256 1036 2263 1098 2292 1101 2292 1105 2296 1301 2296 1301 2292 1304 2292 1308 2292 1341 2263 1355 2252 1380 2263 1420 2281 1424 2281 1428 2281 1431 2281 1435 2281 1460 2263 1475 2256 1536 2263 1612 2274 1616 2274 1678 2263 1761 2249 1786 2263 1823 2288 1826 2288 1830 2288 1833 2288 1837 2288 1924 2263 1953 2256 1982 2263 2076 2288 2080 2288 2084 2288 2087 2288 2091 2288 2131 2263 2138 2263 2312 2285 2316 2285 2319 2285 2359 2263 2392 2245 2479 2263 2540 2274 2544 2274 2609 2263 2627 2259 2631 2263 2660 2281 2663 2281 2667 2281 2671 2281 2674 2281 2678 2281 2703 2263 2718 2252 2754 2263 2798 2274 2801 2274 2805 2274 2874 2263 2946 2249 2986 2263 3011 2270 3015 2270 3019 2270 3153 2259 3156 2227 3149 2122 2990 2122 2986 2122 2982 2122 2979 2122 2979 2125 2928 2162 2845 2162 2801 2129 2798 2129 2794 2129 2790 2129 2787 2129 2711 2158 2678 2129 2671 2122 2667 2122 2663 2122 2533 2122 2529 2122 2526 2122 2522 2122 2504 2133 2464 2162 2377 2165 2152 2165 2120 2144 2094 2125 2091 2125 2087 2125 2084 2125 2080 2125 2022 2144 1989 2154 1964 2147 1899 2125 1895 2125 1891 2125 1888 2125 1884 2125 1844 2147 1819 2165 1739 2165 1721 2151 1689 2125 1685 2125 1681 2125 1678 2125 1674 2125 1616 2154 1591 2165 1558 2154 1471 2129 1467 2129 1214 2129 1210 2129 1206 2129 1203 2129 1156 2165 1148 2169 1076 2169 1072 2165 1003 2129 1000 2129 996 2129 993 2129 989 2129 938 2169 848 2169 851 2238"/></Shape>
	    <String CONTENT="à la gaffe et à la voile, dans un dédale de corridors"
                    HPOS="848"
                    VPOS="2122"
                    WIDTH="2308"
                    HEIGHT="174"></String>
          </TextLine>

          
          
          <TextLine ID="eSc_line_2738d317"
                    TAGREFS="LT1364"
                    BASELINE="837 2397 3126 2387" 
                    HPOS="830"
                    VPOS="2281"
                    WIDTH="2294"
                    HEIGHT="174">
            <Shape><Polygon POINTS="833 2393 833 2412 964 2451 967 2451 971 2451 974 2451 1043 2415 1047 2415 1054 2415 1174 2448 1177 2448 1181 2448 1185 2448 1188 2448 1235 2419 1250 2412 1272 2419 1304 2433 1308 2433 1312 2433 1315 2433 1355 2422 1388 2412 1424 2422 1511 2451 1515 2451 1518 2455 1732 2455 1732 2451 1736 2451 1739 2451 1772 2430 1794 2412 1862 2430 1881 2433 1884 2433 1888 2433 1910 2430 1989 2412 2033 2433 2051 2441 2055 2441 2058 2441 2062 2441 2080 2433 2123 2415 2178 2433 2185 2437 2189 2437 2192 2437 2196 2437 2203 2433 2290 2408 2345 2437 2352 2441 2355 2441 2359 2441 2363 2441 2370 2437 2428 2408 2486 2441 2500 2448 2504 2448 2508 2448 2511 2448 2515 2448 2515 2444 2522 2441 2551 2415 2678 2437 2682 2437 2685 2437 2772 2408 2801 2433 2805 2433 2808 2433 2812 2433 2935 2415 3001 2448 3004 2448 3008 2451 3120 2451 3124 2386 3113 2299 2964 2317 2946 2299 2928 2285 2928 2281 2924 2281 2921 2281 2834 2281 2830 2281 2827 2281 2750 2303 2685 2321 2348 2321 2330 2307 2301 2281 2297 2281 2294 2281 2102 2281 2098 2281 2094 2281 2044 2310 2033 2314 2026 2310 1978 2288 1975 2288 1971 2288 1873 2310 1826 2321 1815 2310 1786 2288 1783 2288 1779 2288 1775 2288 1667 2303 1645 2285 1641 2285 1638 2285 1457 2285 1453 2285 1449 2285 1446 2285 1409 2314 1406 2321 1395 2317 1330 2288 1326 2288 1322 2288 1319 2288 1264 2317 1254 2325 1148 2325 1141 2317 1090 2285 1087 2285 1083 2285 1080 2285 1076 2285 974 2321 971 2321 964 2321 880 2288 877 2288 873 2288 869 2288 866 2288 830 2310 833 2393"/></Shape>
	    <String CONTENT="de verdure et de plages où seuls, ces marins nés s&#39;y"
                    HPOS="830"
                    VPOS="2281"
                    WIDTH="2294"
                    HEIGHT="174"></String>
          </TextLine>

          
          
          <TextLine ID="eSc_line_19fea82a"
                    TAGREFS="LT1364"
                    BASELINE="837 2560 3225 2560" 
                    HPOS="837"
                    VPOS="2451"
                    WIDTH="2388"
                    HEIGHT="152">
            <Shape><Polygon POINTS="837 2560 837 2603 924 2603 924 2600 927 2600 931 2600 931 2596 953 2578 1080 2578 1112 2600 1116 2600 1119 2600 1123 2600 1148 2600 1322 2578 1351 2596 1355 2600 1359 2600 1362 2600 1366 2600 1370 2600 1388 2596 1457 2578 1558 2593 1605 2600 1609 2603 1844 2603 1844 2600 1848 2600 1870 2589 1899 2578 2232 2578 2239 2585 2254 2600 2258 2600 2261 2600 2265 2603 2341 2603 2341 2600 2345 2600 2348 2600 2348 2596 2363 2585 2370 2578 2388 2585 2439 2600 2442 2600 2446 2600 2526 2585 2558 2578 2972 2578 2979 2578 3037 2600 3040 2600 3044 2600 3225 2575 3225 2560 3225 2484 3167 2455 3164 2455 3160 2455 3156 2455 3088 2480 3059 2455 3059 2451 3055 2451 3051 2451 3048 2451 2812 2480 2711 2451 2707 2451 2703 2451 2700 2451 2609 2484 2519 2451 2515 2451 2511 2451 2508 2451 2504 2451 2504 2455 2468 2488 2348 2488 2290 2455 2287 2455 2163 2451 2160 2451 2156 2451 2152 2451 2113 2488 1888 2488 1859 2459 1859 2455 1855 2455 1852 2455 1779 2451 1775 2451 1772 2451 1768 2451 1728 2488 1493 2488 1453 2451 1449 2451 1446 2451 1268 2451 1264 2451 1261 2451 1257 2451 1225 2473 1109 2451 1105 2451 1101 2451 1018 2488 837 2488 837 2560"/></Shape>
	    <String CONTENT="reconnaissent, et ce, par un temps âpre, et hostile de"
                    HPOS="837"
                    VPOS="2451"
                    WIDTH="2388"
                    HEIGHT="152"></String>
          </TextLine>

          
          
          <TextLine ID="eSc_line_8716d36d"
                    TAGREFS="LT1364"
                    BASELINE="844 2734 3385 2712" 
                    HPOS="840"
                    VPOS="2600"
                    WIDTH="2545"
                    HEIGHT="181">
            <Shape><Polygon POINTS="3356 2600 2997 2629 2906 2600 2899 2600 2895 2600 2892 2600 2888 2600 2885 2600 2841 2632 2740 2603 2736 2603 2732 2603 2729 2603 2725 2603 2678 2632 2624 2603 2616 2600 2613 2600 2537 2600 2533 2600 2500 2603 2316 2640 2138 2640 2022 2607 2011 2607 2007 2607 2004 2607 1997 2607 1881 2643 1656 2647 1533 2647 1493 2611 1489 2611 1486 2611 1482 2611 1478 2611 1475 2611 1435 2643 1275 2622 1272 2622 1268 2622 1206 2647 1098 2614 1094 2614 1090 2614 1087 2614 1072 2614 945 2632 840 2618 844 2734 848 2781 913 2752 974 2777 978 2777 982 2777 985 2777 1040 2759 1225 2777 1257 2777 1261 2777 1264 2777 1275 2774 1359 2748 1558 2748 1645 2770 1670 2774 1674 2774 1678 2774 1696 2770 1768 2741 2142 2741 2189 2759 2196 2763 2200 2763 2203 2763 2207 2763 2218 2759 2301 2741 2403 2759 2461 2766 2464 2766 2519 2756 2605 2737 2656 2756 2674 2759 2678 2759 2682 2759 2721 2752 2812 2737 2906 2748 2979 2759 2982 2759 3385 2741 3385 2712 3374 2614 3356 2600"/></Shape>
	    <String CONTENT="tempête, qui donne un charme redoutable, à cette promenade"
                    HPOS="840"
                    VPOS="2600"
                    WIDTH="2545"
                    HEIGHT="181"></String>
          </TextLine>

          
          
          <TextLine ID="eSc_line_9776f597"
                    TAGREFS="LT1364"
                    BASELINE="833 2886 3106 2875" 
                    HPOS="830"
                    VPOS="2763"
                    WIDTH="2276"
                    HEIGHT="170">
            <Shape><Polygon POINTS="833 2886 837 2922 895 2900 1003 2919 1022 2922 1025 2922 1029 2922 1032 2922 1032 2919 1058 2900 1199 2915 1203 2915 1206 2915 1210 2915 1232 2897 1333 2915 1362 2919 1366 2919 1370 2919 1373 2919 1377 2915 1406 2897 1547 2911 1707 2929 1710 2929 1714 2929 1718 2929 1739 2908 1761 2893 1848 2893 1895 2908 1971 2929 1975 2929 1978 2933 2102 2933 2102 2929 2105 2929 2109 2929 2142 2904 2171 2929 2174 2929 2178 2929 2181 2933 2330 2933 2330 2929 2334 2929 2337 2929 2370 2900 2381 2890 2413 2900 2471 2915 2475 2915 2479 2915 2482 2915 2551 2897 2584 2890 2667 2893 3055 2926 3059 2926 3062 2926 3066 2926 3106 2890 3106 2875 3102 2795 3011 2763 3008 2763 3004 2763 3001 2763 2924 2792 2917 2795 2906 2792 2841 2766 2837 2766 2834 2766 2830 2766 2783 2792 2772 2799 2580 2799 2573 2788 2562 2781 2562 2777 2558 2777 2555 2777 2551 2777 2453 2788 2341 2799 2294 2785 2232 2766 2229 2766 2225 2766 2076 2781 1986 2792 1939 2781 1881 2766 1877 2766 1873 2766 1870 2766 1866 2766 1866 2770 1855 2781 1833 2803 1757 2803 1689 2777 1652 2766 1649 2766 1645 2766 1641 2766 1605 2777 1525 2803 1344 2774 1308 2770 1304 2770 1301 2770 1290 2774 1203 2803 1119 2770 1112 2770 1109 2770 830 2770 833 2886"/></Shape>
	    <String CONTENT="lacustre. Et une fois de plus, je suis en admiration"
                    HPOS="830"
                    VPOS="2763"
                    WIDTH="2276"
                    HEIGHT="170"></String>
          </TextLine>

          
          
          <TextLine ID="eSc_line_190b29e7"
                    TAGREFS="LT1364"
                    BASELINE="851 3045 3294 3038" 
                    HPOS="848"
                    VPOS="2915"
                    WIDTH="2446"
                    HEIGHT="181">
            <Shape><Polygon POINTS="851 3045 851 3056 993 3082 996 3082 1000 3082 1080 3060 1094 3056 1312 3056 1322 3060 1373 3096 1377 3096 1380 3096 1384 3096 1388 3096 1471 3060 1478 3060 1496 3063 1623 3082 1627 3082 1631 3082 1674 3063 1692 3056 1721 3063 1815 3085 1819 3085 1823 3085 1895 3063 1917 3060 2084 3060 2098 3067 2145 3085 2149 3085 2152 3085 2156 3085 2225 3067 2276 3053 2301 3067 2352 3092 2355 3092 2359 3092 2692 3089 2696 3089 2769 3071 2798 3063 2852 3071 2975 3085 2979 3085 3048 3071 3135 3053 3287 3071 3294 3038 3287 2944 3167 2919 3164 2919 3160 2919 3106 2944 3095 2948 3080 2944 3004 2919 3001 2919 2841 2915 2837 2915 2834 2915 2765 2940 2674 2915 2671 2915 2667 2915 2663 2915 2580 2948 2577 2948 2573 2948 2497 2919 2493 2919 2490 2919 2486 2919 2482 2919 2450 2948 2446 2948 2319 2922 2316 2922 2312 2922 2308 2922 2268 2948 2084 2915 2080 2915 2076 2915 1989 2948 1949 2919 1946 2919 1942 2919 1939 2919 1935 2919 1862 2940 1790 2919 1786 2919 1783 2919 1779 2919 1775 2919 1775 2922 1739 2951 1739 2955 1602 2955 1576 2955 1525 2929 1522 2929 1518 2929 1515 2929 1511 2929 1486 2955 1275 2955 1210 2919 1206 2919 942 2919 938 2919 935 2919 848 2951 851 3045"/></Shape>
	    <String CONTENT="devant les quatre chevaliers de la gaffe, leur habileté, leur"
                    HPOS="848"
                    VPOS="2915"
                    WIDTH="2446"
                    HEIGHT="181"></String>
          </TextLine>

          
          
          <TextLine ID="eSc_line_f212b136"
                    TAGREFS="LT1364"
                    BASELINE="844 3205 3298 3197" 
                    HPOS="844"
                    VPOS="3092"
                    WIDTH="2454"
                    HEIGHT="163">
            <Shape><Polygon POINTS="844 3176 844 3205 844 3245 971 3223 1185 3223 1214 3241 1225 3252 1228 3252 1232 3252 1235 3252 1239 3252 1264 3241 1290 3230 1304 3241 1315 3252 1319 3252 1322 3252 1326 3252 1330 3252 1366 3241 1424 3223 1475 3241 1504 3248 1507 3248 1511 3248 1631 3237 1794 3223 1819 3237 1844 3255 1848 3255 1852 3255 1855 3255 1859 3255 1902 3234 1920 3226 1935 3234 1964 3255 1968 3255 1971 3255 1975 3255 1978 3255 2033 3234 2044 3230 2055 3234 2113 3252 2116 3252 2120 3252 2123 3252 2178 3234 2196 3226 2203 3234 2225 3252 2229 3252 2232 3252 2236 3255 2381 3255 2381 3252 2384 3252 2388 3252 2413 3230 2428 3219 2439 3230 2461 3245 2464 3245 2468 3245 2471 3245 2475 3245 2522 3230 2551 3219 2562 3230 2591 3252 2595 3252 2598 3252 2602 3255 2660 3255 2660 3252 2663 3252 2667 3252 2696 3226 2700 3226 2703 3226 2779 3241 2783 3241 2910 3226 2961 3219 2979 3223 3059 3252 3062 3252 3066 3255 3178 3255 3178 3252 3182 3252 3185 3252 3225 3223 3233 3219 3291 3219 3298 3197 3291 3103 3131 3092 3127 3092 3124 3092 3120 3092 3106 3103 3077 3125 3001 3103 2964 3096 2961 3096 2957 3096 2953 3096 2935 3107 2895 3129 2479 3129 2446 3111 2399 3092 2395 3092 2392 3092 2388 3092 2345 3114 2330 3121 2316 3114 2287 3092 2283 3092 2279 3092 2276 3092 2272 3092 2203 3114 2167 3125 2138 3114 2076 3092 2073 3092 2069 3092 1960 3118 1910 3129 1888 3118 1848 3096 1844 3096 1841 3096 1837 3096 1833 3096 1801 3118 1783 3129 1663 3129 1652 3121 1631 3103 1627 3103 1623 3103 1620 3103 1616 3103 1612 3103 1587 3121 1573 3132 1475 3132 1460 3121 1417 3096 1413 3096 1409 3096 1301 3096 1297 3096 1293 3096 1290 3096 1290 3100 1257 3125 1257 3129 1105 3129 1094 3129 974 3096 971 3096 967 3096 964 3096 960 3096 916 3129 916 3132 855 3132 844 3176"/></Shape>
	    <String CONTENT="andurance, leur science de la navigation, qui me &quot;soufle&quot;"
                    HPOS="844"
                    VPOS="3092"
                    WIDTH="2454"
                    HEIGHT="163"></String>
          </TextLine>

          
          
          <TextLine ID="eSc_line_af75d625"
                    TAGREFS="LT1364"
                    BASELINE="1181 3360 3160 3360" 
                    HPOS="1181"
                    VPOS="3255"
                    WIDTH="1979"
                    HEIGHT="163">
            <Shape><Polygon POINTS="1181 3360 1181 3386 1573 3386 1580 3389 1612 3415 1616 3415 1620 3415 1623 3415 1746 3393 1775 3415 1779 3415 1783 3415 1786 3418 1920 3418 1920 3415 1924 3415 1928 3415 1928 3411 1949 3393 1957 3386 1971 3393 2022 3415 2026 3415 2029 3418 2105 3418 2105 3415 2109 3415 2113 3415 2138 3393 2152 3386 2232 3397 2305 3404 2308 3404 2312 3404 2330 3397 2348 3389 2355 3397 2374 3411 2377 3411 2381 3411 2384 3411 2479 3397 2493 3397 2497 3397 2515 3415 2519 3415 2522 3415 2526 3415 2620 3400 2707 3386 2761 3400 2772 3404 2776 3404 2779 3404 2798 3400 2885 3386 2968 3404 3022 3415 3026 3415 3160 3404 3160 3360 3160 3281 3055 3255 3051 3255 3048 3255 3044 3255 2997 3281 2968 3295 2783 3277 2696 3270 2692 3270 2689 3270 2685 3270 2685 3273 2682 3277 2656 3299 2446 3299 2413 3273 2392 3255 2388 3255 2384 3255 2381 3255 2377 3255 2323 3270 2250 3292 2196 3270 2163 3255 2160 3255 2044 3255 2040 3255 2036 3255 2033 3255 2033 3259 2022 3266 2004 3288 1877 3292 1815 3273 1812 3273 1808 3273 1804 3273 1754 3288 1689 3263 1674 3255 1670 3255 1667 3255 1663 3255 1660 3255 1652 3259 1612 3288 1482 3259 1464 3255 1460 3255 1457 3255 1453 3255 1453 3259 1417 3295 1337 3295 1283 3255 1279 3255 1275 3255 1181 3255 1181 3360"/></Shape>
	    <String CONTENT="Les autres passagers, plus endurcis que moi, sont"
                    HPOS="1181"
                    VPOS="3255"
                    WIDTH="1979"
                    HEIGHT="163"></String>
          </TextLine>

          
          
          <TextLine ID="eSc_line_51a53369"
                    TAGREFS="LT1364"
                    BASELINE="866 3527 3341 3505" 
                    HPOS="862"
                    VPOS="3393"
                    WIDTH="2479"
                    HEIGHT="188">
            <Shape><Polygon POINTS="866 3527 866 3581 1022 3581 1022 3578 1025 3578 1029 3578 1072 3549 1297 3574 1330 3574 1333 3574 1337 3574 1344 3570 1409 3545 1446 3570 1449 3574 1453 3574 1457 3574 1460 3578 1605 3578 1605 3574 1649 3567 1750 3545 1786 3563 1790 3563 1794 3563 1797 3563 1801 3563 1837 3541 1978 3560 2004 3563 2007 3563 2011 3563 2015 3563 2018 3560 2047 3541 2084 3556 2087 3556 2091 3556 2094 3556 2138 3538 2381 3538 2424 3552 2457 3567 2461 3567 2464 3567 2529 3552 2605 3534 2787 3549 2863 3552 2866 3552 2903 3545 2943 3538 2953 3545 2972 3560 2975 3560 2979 3560 2982 3560 3124 3541 3218 3531 3243 3541 3287 3560 3291 3560 3294 3560 3298 3560 3341 3538 3341 3505 3323 3393 3272 3426 3247 3407 3247 3404 3243 3404 3240 3404 3153 3397 3113 3393 3109 3393 3091 3397 2921 3436 2787 3436 2721 3404 2718 3404 2714 3404 2711 3404 2653 3436 2522 3436 2428 3400 2424 3400 2421 3400 2417 3400 2413 3400 2410 3400 2345 3436 2239 3400 2232 3400 2229 3400 2225 3400 2221 3400 2218 3400 2218 3404 2163 3436 2127 3411 2123 3411 2120 3411 2116 3411 2113 3411 2000 3440 1873 3407 1870 3407 1866 3407 1862 3407 1765 3440 1699 3407 1692 3404 1689 3404 1685 3404 1681 3404 1674 3407 1598 3444 1511 3418 1507 3418 1504 3418 1500 3418 1413 3444 1301 3411 1293 3407 1290 3407 1286 3407 1283 3407 1272 3411 1134 3447 1065 3411 1061 3411 1058 3411 1054 3411 862 3411 866 3527"/></Shape>
	    <String CONTENT="placidement et sagement assis sur leur banc. Ils me plaisantent"
                    HPOS="862"
                    VPOS="3393"
                    WIDTH="2479"
                    HEIGHT="188"></String>
          </TextLine>

          
          
          <TextLine ID="eSc_line_852e3226"
                    TAGREFS="LT1364"
                    BASELINE="862 3694 1283 3679 3327 3672" 
                    HPOS="859"
                    VPOS="3567"
                    WIDTH="2468"
                    HEIGHT="174">
            <Shape><Polygon POINTS="3309 3599 3146 3599 3138 3599 3091 3567 3088 3567 3084 3567 3011 3567 3008 3567 3004 3567 3001 3567 2964 3599 2957 3607 2812 3607 2801 3599 2758 3570 2754 3570 2750 3570 2747 3570 2743 3570 2674 3599 2663 3607 2515 3607 2497 3599 2370 3567 2366 3567 2363 3567 2192 3592 2120 3570 2116 3570 2113 3570 2109 3570 2051 3603 2047 3603 2015 3578 2011 3578 2007 3578 2004 3578 2000 3578 1935 3603 1931 3603 1928 3603 1870 3570 1866 3570 1641 3570 1638 3570 1634 3570 1631 3570 1580 3603 1562 3614 1312 3614 1304 3603 1283 3589 1283 3585 1279 3585 1275 3585 1272 3585 1268 3585 1264 3585 1243 3603 1159 3578 1156 3578 1152 3578 1148 3578 1061 3603 1051 3610 916 3610 913 3607 887 3585 887 3581 884 3581 880 3581 877 3581 873 3581 869 3581 869 3585 859 3592 862 3694 862 3733 1000 3704 1069 3733 1083 3737 1087 3737 1090 3737 1130 3730 1235 3712 1322 3726 1326 3726 1330 3726 1333 3726 1351 3708 1377 3726 1391 3737 1395 3737 1399 3737 1402 3741 1573 3741 1573 3737 1576 3737 1602 3723 1649 3701 1942 3701 2026 3719 2102 3733 2105 3737 2265 3737 2265 3733 2268 3733 2326 3712 2377 3697 2453 3712 2548 3730 2551 3733 2653 3733 2653 3730 2656 3730 2696 3708 2721 3697 2866 3697 2885 3704 2914 3719 2917 3719 2921 3719 3033 3704 3069 3730 3073 3730 3077 3730 3080 3730 3327 3697 3327 3672 3320 3636 3309 3599"/></Shape>
	    <String CONTENT="se moquant &quot;sagement&quot; de mon &quot; pied marin&quot;, avec malice mais"
                    HPOS="859"
                    VPOS="3567"
                    WIDTH="2468"
                    HEIGHT="174"></String>
          </TextLine>

          
          
          <TextLine ID="eSc_line_ca9334bb"
                    TAGREFS="LT1364"
                    BASELINE="833 3849 3251 3831" 
                    HPOS="830"
                    VPOS="3712"
                    WIDTH="2421"
                    HEIGHT="170">
            <Shape><Polygon POINTS="833 3849 833 3867 1058 3882 1061 3882 1065 3882 1123 3867 1141 3864 1156 3867 1228 3882 1232 3882 1377 3864 1417 3860 1453 3864 1573 3878 1576 3878 1580 3878 1612 3864 1616 3860 1641 3860 1790 3878 1794 3878 2377 3857 2468 3853 2479 3853 2537 3871 2540 3871 2544 3871 2645 3853 2649 3853 2653 3853 2729 3871 2732 3871 2736 3871 2740 3871 2743 3871 2769 3853 2895 3867 2899 3867 2903 3867 2968 3849 2975 3849 2990 3849 3164 3867 3167 3867 3171 3867 3251 3846 3251 3831 3243 3759 3069 3759 3069 3755 2982 3712 2979 3712 2975 3712 2801 3741 2696 3715 2692 3715 2689 3715 2685 3715 2577 3755 2566 3759 2558 3755 2519 3726 2515 3726 2511 3726 2508 3726 2504 3726 2500 3726 2461 3755 2450 3762 2040 3762 2018 3755 1942 3719 1939 3719 1935 3719 1765 3723 1761 3723 1757 3723 1721 3752 1707 3766 1681 3752 1616 3723 1612 3723 1547 3723 1544 3723 1540 3723 1536 3723 1536 3726 1504 3752 1493 3766 1449 3752 1355 3723 1351 3723 1348 3723 1181 3741 1054 3726 1051 3726 1047 3726 989 3752 945 3770 909 3752 877 3733 873 3733 869 3733 866 3733 830 3748 833 3849"/></Shape>
	    <String CONTENT="sans hostilité. Il cherchent même à lier conversation en"
                    HPOS="830"
                    VPOS="3712"
                    WIDTH="2421"
                    HEIGHT="170"></String>
          </TextLine>

          
          
          <TextLine ID="eSc_line_3bc0ca6a"
                    TAGREFS="LT1364"
                    BASELINE="830 4012 2711 3998" 
                    HPOS="826"
                    VPOS="3886"
                    WIDTH="1885"
                    HEIGHT="166">
            <Shape><Polygon POINTS="826 3962 830 4012 830 4045 1181 4030 1228 4041 1293 4052 1297 4052 1399 4038 1464 4027 1486 4034 1518 4049 1522 4049 1525 4049 1529 4049 1533 4049 1533 4045 1547 4034 1551 4027 1569 4034 1598 4045 1602 4045 1605 4045 1750 4030 1826 4023 1884 4027 2036 4045 2040 4045 2500 4041 2504 4041 2508 4041 2540 4020 2616 4041 2620 4041 2624 4041 2627 4041 2711 4012 2711 3998 2696 3896 2645 3918 2602 3896 2573 3886 2569 3886 2566 3886 2562 3886 2526 3900 2482 3918 2468 3900 2457 3893 2457 3889 2453 3889 2450 3889 2359 3886 2355 3886 2352 3886 2348 3886 2348 3889 2330 3904 2316 3922 2218 3922 2174 3907 2145 3896 2142 3896 2138 3896 2134 3896 2113 3907 2087 3922 1906 3922 1888 3911 1859 3889 1855 3889 1852 3889 1848 3889 1692 3893 1689 3893 1685 3893 1656 3915 1293 3893 1290 3893 1286 3893 1283 3893 1235 3925 833 3933 826 3962"/></Shape>
	    <String CONTENT="une mimique expressive et comique pour tous"
                    HPOS="826"
                    VPOS="3886"
                    WIDTH="1885"
                    HEIGHT="166"></String>
          </TextLine>

          
          
          <TextLine ID="eSc_line_93a30333"
                    TAGREFS="LT1364"
                    BASELINE="945 4161 2058 4157 2397 4152 3223 4155" 
                    HPOS="938"
                    VPOS="4041"
                    WIDTH="2284"
                    HEIGHT="163">
            <Shape><Polygon POINTS="942 4157 942 4204 1174 4204 1174 4201 1177 4201 1235 4175 1464 4193 1467 4193 1732 4175 1768 4201 1772 4201 1775 4201 1779 4201 1783 4201 1790 4201 1877 4175 1931 4201 1935 4201 1939 4201 1942 4201 2098 4197 3182 4175 3207 4197 3222 4154 3218 4063 3022 4041 3019 4041 3015 4041 2972 4059 2935 4074 2895 4059 2852 4041 2848 4041 2845 4041 2841 4041 2808 4059 2776 4077 2743 4056 2718 4041 2714 4041 2711 4041 2707 4041 2634 4056 2544 4077 2450 4056 2388 4041 2384 4041 2301 4045 2297 4045 2294 4045 2294 4049 2287 4052 2261 4081 1689 4081 1656 4049 1649 4045 1649 4041 1645 4041 1641 4041 1583 4041 1580 4041 1529 4049 1337 4077 1250 4049 1246 4049 1243 4049 1058 4067 1025 4045 1025 4041 1022 4041 1018 4041 1014 4041 938 4041 942 4157"/></Shape>
	    <String CONTENT="Suite du carnet steno N° 21, sur manifold N°21. Libourne le"
                    HPOS="938"
                    VPOS="4041"
                    WIDTH="2284"
                    HEIGHT="163"></String>
          </TextLine>

          
          
          <TextLine ID="eSc_line_66bc8a9a"
                    TAGREFS="LT1364"
                    BASELINE="2285 4248 2939 4237" 
                    HPOS="2283"
                    VPOS="4157"
                    WIDTH="652"
                    HEIGHT="167">
            <Shape><Polygon POINTS="2787 4157 2750 4157 2714 4157 2678 4157 2674 4157 2616 4174 2555 4157 2533 4157 2497 4157 2493 4157 2402 4204 2348 4157 2316 4157 2301 4157 2289 4178 2289 4244 2283 4317 2928 4324 2935 4233 2928 4164 2848 4157 2823 4157"/></Shape>
	    <String CONTENT="23 Aout 1969 P."
                    HPOS="2283"
                    VPOS="4157"
                    WIDTH="652"
                    HEIGHT="167"></String>
          </TextLine>

          
        </TextBlock>
        
        <TextBlock HPOS="3156"
                   VPOS="74"
                   WIDTH="206"
                   HEIGHT="179"
                   ID="eSc_textblock_1caa2ada"
                   TAGREFS="BT4049">
          <Shape><Polygon POINTS="3156 74 3156 253 3362 253 3362 74"/></Shape>
          
          
          <TextLine ID="eSc_line_42a3c307"
                    TAGREFS="LT1364"
                    BASELINE="3178 213 3276 220" 
                    HPOS="3171"
                    VPOS="101"
                    WIDTH="109"
                    HEIGHT="167">
            <Shape><Polygon POINTS="3178 213 3171 264 3269 268 3276 220 3280 112 3182 101 3178 213"/></Shape>
	    <String CONTENT="50"
                    HPOS="3171"
                    VPOS="101"
                    WIDTH="109"
                    HEIGHT="167"></String>
          </TextLine>

          
        </TextBlock>
        

        
      </PrintSpace>
    </Page>
  </Layout>
</alto>
