<?xml version="1.0" encoding="UTF-8"?>
<alto xmlns:xsi="http://www.w3.org/2001/XMLSchema-instance"
      xmlns="http://www.loc.gov/standards/alto/ns-v4#"
      xsi:schemaLocation="http://www.loc.gov/standards/alto/ns-v4# http://www.loc.gov/standards/alto/v4/alto-4-2.xsd">
  <Description>
    <MeasurementUnit>pixel</MeasurementUnit>
    <sourceImageInformation>
      <fileName>B.25.siam_0003.jpg</fileName>
      
    </sourceImageInformation>
  </Description>
  
  <Tags>
    <OtherTag ID="BT4049" LABEL="MarginTextZone" DESCRIPTION="block type MarginTextZone"/><OtherTag ID="BT4048" LABEL="MainZone" DESCRIPTION="block type MainZone"/>
    <OtherTag ID="LT1365" LABEL="InterlinearLine" DESCRIPTION="line type InterlinearLine"/><OtherTag ID="LT1364" LABEL="DefaultLine" DESCRIPTION="line type DefaultLine"/>
  </Tags>
  
  <Layout>
    <Page WIDTH="3456"
          HEIGHT="4334"
          PHYSICAL_IMG_NR="30"
          ID="eSc_dummypage_">
      <PrintSpace HPOS="0"
                  VPOS="0"
                  WIDTH="3456"
                  HEIGHT="4334">
        
        <TextBlock HPOS="371"
                   VPOS="118"
                   WIDTH="2498"
                   HEIGHT="678"
                   ID="eSc_textblock_6ae5ab60"
                   TAGREFS="BT4048">
          <Shape><Polygon POINTS="371 118 375 433 883 425 895 764 2869 796 2869 118"/></Shape>
          
          
          <TextLine ID="eSc_line_333268df"
                    TAGREFS="LT1364"
                    BASELINE="469 256 1062 260 1088 260 2689 260" 
                    HPOS="466"
                    VPOS="137"
                    WIDTH="2219"
                    HEIGHT="177">
            <Shape><Polygon POINTS="2678 137 2494 162 2458 137 2454 137 2451 137 2259 137 2255 137 2252 137 2248 137 2183 180 2035 180 1948 137 1944 137 1941 137 1829 162 1662 137 1659 137 1655 137 1652 137 1594 176 1514 180 1062 180 994 144 990 144 986 144 983 144 979 144 921 180 817 180 733 137 730 137 726 137 723 137 545 158 469 137 466 252 466 285 516 274 531 288 556 306 556 310 560 310 563 310 567 314 697 314 697 310 701 310 704 310 704 306 723 288 741 274 831 274 871 292 914 310 918 310 921 314 1001 314 1001 310 1004 310 1041 292 1066 278 1156 278 1174 296 1178 296 1178 299 1182 299 1185 299 1189 299 1192 299 1211 296 1254 281 1268 296 1272 299 1276 299 1279 299 1283 299 1286 299 1297 296 1348 274 1446 292 1449 292 1453 292 1489 274 1536 299 1540 299 1543 299 1547 299 1550 299 1554 299 1554 296 1583 274 1637 274 1684 299 1688 303 1691 303 1695 303 1699 303 1702 303 1713 299 1778 281 1832 303 1854 310 1858 310 1861 314 1981 314 1981 310 2031 303 2226 274 2317 306 2328 310 2331 310 2335 310 2338 310 2353 306 2479 274 2512 299 2516 299 2519 299 2523 299 2599 288 2675 310 2685 256 2678 137"/></Shape>
	    <String CONTENT="Manifold N°25 commencé à Libourne le 20 Juillet 1970"
                    HPOS="466"
                    VPOS="137"
                    WIDTH="2219"
                    HEIGHT="177"></String>
          </TextLine>

          
          
          <TextLine ID="eSc_line_8560df9c"
                    TAGREFS="LT1364"
                    BASELINE="1095 418 1308 426" 
                    HPOS="1091"
                    VPOS="296"
                    WIDTH="217"
                    HEIGHT="180">
            <Shape><Polygon POINTS="1095 404 1095 418 1091 437 1196 476 1200 476 1203 476 1207 476 1305 447 1308 426 1308 328 1189 296 1185 296 1182 296 1178 296 1113 328 1095 404"/></Shape>
	    <String CONTENT="Fini"
                    HPOS="1091"
                    VPOS="296"
                    WIDTH="217"
                    HEIGHT="180"></String>
          </TextLine>

          
          
          <TextLine ID="eSc_line_728863e8"
                    TAGREFS="LT1364"
                    BASELINE="1981 426 2458 426 2487 426 2696 437" 
                    HPOS="1973"
                    VPOS="299"
                    WIDTH="720"
                    HEIGHT="152">
            <Shape><Polygon POINTS="1977 422 1973 451 2689 451 2693 433 2693 339 2606 306 2602 306 2599 306 2595 306 2530 335 2516 343 2447 343 2432 328 2404 303 2400 303 2396 303 2393 303 2389 303 2320 325 2273 339 2223 321 2172 299 2169 299 2165 299 1977 306 1977 422"/></Shape>
	    <String CONTENT="le 16 Aout 1970"
                    HPOS="1973"
                    VPOS="299"
                    WIDTH="720"
                    HEIGHT="152"></String>
          </TextLine>

          
          
          <TextLine ID="eSc_line_430f7937"
                    TAGREFS="LT1364"
                    BASELINE="1019 664 2386 665" 
                    HPOS="1012"
                    VPOS="545"
                    WIDTH="1373"
                    HEIGHT="170">
            <Shape><Polygon POINTS="1012 704 1211 693 1236 704 1250 711 1254 711 1258 711 1297 704 1388 682 1420 700 1435 711 1438 711 1442 711 1446 715 1738 715 1738 711 1742 711 1782 693 1803 682 1836 693 1865 700 1868 700 1872 700 1876 700 1879 700 1879 697 1887 689 1897 682 2049 682 2075 686 2183 711 2187 711 2190 711 2194 711 2219 689 2244 711 2248 711 2252 711 2255 711 2382 678 2385 664 2382 588 2150 588 2140 577 2096 548 2093 548 2089 548 1970 548 1966 548 1962 548 1959 548 1930 574 1912 585 1825 570 1728 552 1724 552 1720 552 1691 567 1648 585 1612 563 1590 548 1587 548 1583 548 1579 548 1576 548 1540 559 1485 577 1359 556 1319 548 1315 548 1312 548 1308 548 1305 552 1243 588 1167 588 1019 545 1015 660 1012 704"/></Shape>
	    <String CONTENT="LE SIAM et ETATS MALAIS"
                    HPOS="1012"
                    VPOS="545"
                    WIDTH="1373"
                    HEIGHT="170"></String>
          </TextLine>

          
        </TextBlock>
        
        <TextBlock HPOS="248"
                   VPOS="1078"
                   WIDTH="3149"
                   HEIGHT="3184"
                   ID="eSc_textblock_c178c5ba"
                   TAGREFS="BT4048">
          <Shape><Polygon POINTS="448 1143 448 2503 248 2576 261 2741 430 2709 412 4258 3365 4262 3397 1143 2264 1143 2054 1078 1736 1078 1566 1143"/></Shape>
          
          
          <TextLine ID="eSc_line_b706fc52"
                    TAGREFS="LT1364"
                    BASELINE="1778 1141 2042 1148" 
                    HPOS="1774"
                    VPOS="1054"
                    WIDTH="268"
                    HEIGHT="137">
            <Shape><Polygon POINTS="1778 1141 1774 1159 1908 1191 1912 1191 2038 1170 2042 1148 2042 1079 1897 1054 1894 1054 1778 1069 1778 1141"/></Shape>
	    <String CONTENT="TITRE"
                    HPOS="1774"
                    VPOS="1054"
                    WIDTH="268"
                    HEIGHT="137"></String>
          </TextLine>

          
          
          <TextLine ID="eSc_line_1cb093c1"
                    TAGREFS="LT1364"
                    BASELINE="535 1303 755 1300 780 1300 3296 1318" 
                    HPOS="531"
                    VPOS="1202"
                    WIDTH="2762"
                    HEIGHT="152">
            <Shape><Polygon POINTS="531 1300 531 1343 788 1343 788 1339 791 1339 795 1339 827 1321 1312 1321 1337 1339 1341 1347 1344 1347 1348 1347 1352 1350 1485 1350 1485 1347 1489 1347 1493 1347 1500 1339 1525 1325 1735 1339 1861 1350 1865 1350 1941 1339 2038 1329 2082 1339 2114 1350 2118 1350 2122 1350 2172 1339 2234 1329 2248 1339 2255 1347 2255 1350 2259 1350 2263 1350 2385 1354 2389 1354 3289 1339 3293 1314 3286 1220 3108 1242 2805 1220 2740 1217 2736 1217 2732 1217 2729 1217 2725 1220 2696 1238 2519 1220 2465 1217 2461 1217 2382 1220 2237 1231 2216 1220 2197 1213 2194 1213 2190 1213 2187 1213 2154 1220 2107 1235 1912 1224 1753 1213 1749 1213 1446 1224 1232 1231 1185 1224 1095 1209 1091 1209 972 1224 950 1206 947 1206 943 1206 939 1206 744 1227 715 1227 701 1227 596 1202 592 1202 589 1202 531 1220 531 1300"/></Shape>
	    <String CONTENT="UNE COURSE A PIED IMPROVISÉE, et IMPREVUE A SVERDLOVSK"
                    HPOS="531"
                    VPOS="1202"
                    WIDTH="2762"
                    HEIGHT="152"></String>
          </TextLine>

          
          
          <TextLine ID="eSc_line_62853a6d"
                    TAGREFS="LT1364"
                    BASELINE="831 1542 3181 1571" 
                    HPOS="827"
                    VPOS="1426"
                    WIDTH="2354"
                    HEIGHT="188">
            <Shape><Polygon POINTS="831 1542 827 1560 943 1585 947 1589 1077 1589 1077 1585 1080 1585 1084 1585 1084 1581 1098 1571 1117 1589 1120 1589 1124 1589 1127 1589 1261 1563 1297 1560 1344 1563 1514 1589 1518 1589 1521 1589 1579 1567 1594 1563 1608 1567 1681 1589 1684 1589 1688 1589 2035 1581 2056 1599 2060 1599 2064 1599 2067 1599 2219 1574 2263 1592 2266 1592 2270 1592 2393 1574 2422 1596 2425 1596 2429 1596 2432 1596 2436 1596 2483 1574 2541 1596 2545 1596 2548 1596 2635 1578 2855 1596 2859 1596 2863 1596 2866 1596 2888 1578 2967 1610 2971 1610 2975 1614 3090 1614 3090 1610 3094 1610 3177 1578 3181 1571 3181 1488 3004 1488 2993 1480 2892 1444 2888 1444 2884 1444 2881 1444 2798 1477 2794 1477 2732 1448 2729 1448 2725 1448 2722 1448 2718 1448 2689 1473 2678 1484 2599 1484 2382 1480 2360 1466 2302 1437 2299 1437 2295 1437 2154 1462 2107 1469 2096 1462 2075 1444 2071 1444 2067 1444 2064 1444 1999 1459 1984 1462 1977 1459 1955 1437 1955 1433 1952 1433 1948 1433 1944 1433 1713 1451 1543 1466 1521 1448 1503 1433 1503 1430 1500 1430 1496 1430 1493 1430 1417 1433 1413 1433 1409 1433 1409 1437 1399 1444 1377 1462 1305 1444 1283 1437 1279 1437 1276 1437 1250 1441 1167 1462 1135 1437 1131 1433 1127 1433 1124 1433 1120 1433 1117 1433 1106 1437 1077 1451 1044 1437 1023 1426 1019 1426 1015 1426 831 1430 831 1542"/></Shape>
	    <String CONTENT="Il y avait dans cette chambre, des concurents etrangers"
                    HPOS="827"
                    VPOS="1426"
                    WIDTH="2354"
                    HEIGHT="188"></String>
          </TextLine>

          
          
          <TextLine ID="eSc_line_5c41a191"
                    TAGREFS="LT1364"
                    BASELINE="535 1704 1427 1701 3177 1726" 
                    HPOS="531"
                    VPOS="1574"
                    WIDTH="2646"
                    HEIGHT="177">
            <Shape><Polygon POINTS="535 1636 535 1704 531 1719 3170 1751 3177 1726 3170 1607 3076 1639 2863 1636 2830 1607 2816 1592 2812 1592 2808 1592 2685 1592 2682 1592 2678 1592 2675 1592 2653 1607 2631 1621 2613 1607 2595 1596 2592 1596 2588 1596 2584 1596 2581 1596 2541 1607 2505 1618 2465 1607 2393 1592 2389 1592 2385 1592 2382 1592 2360 1610 2320 1632 2111 1632 2064 1610 2009 1589 2006 1589 2002 1589 1999 1589 1955 1610 1944 1614 1865 1610 1709 1603 1706 1603 1652 1610 1572 1625 1554 1610 1536 1599 1532 1599 1529 1599 1525 1599 1521 1599 1493 1610 1471 1621 1456 1614 1402 1578 1399 1578 1395 1578 1391 1578 1388 1578 1384 1578 1366 1592 1095 1574 1091 1574 1088 1574 1012 1614 1004 1618 986 1614 824 1574 820 1574 817 1574 712 1614 712 1618 553 1618 535 1636"/></Shape>
	    <String CONTENT="au district de Sverdlovsk, à des championnats d&#39;athlétisme, et"
                    HPOS="531"
                    VPOS="1574"
                    WIDTH="2646"
                    HEIGHT="177"></String>
          </TextLine>

          
          
          <TextLine ID="eSc_line_38cc155c"
                    TAGREFS="LT1364"
                    BASELINE="535 1852 3260 1881" 
                    HPOS="531"
                    VPOS="1748"
                    WIDTH="2729"
                    HEIGHT="202">
            <Shape><Polygon POINTS="531 1874 661 1899 665 1899 791 1881 943 1928 947 1928 950 1928 954 1928 1073 1885 1221 1932 1225 1932 1229 1935 1373 1935 1373 1932 1377 1932 1460 1896 1554 1935 1558 1935 1561 1939 1637 1939 1637 1935 1641 1935 1749 1888 1955 1910 1959 1910 2046 1892 2143 1892 2216 1892 2234 1906 2234 1910 2237 1910 2241 1910 2244 1910 2469 1896 2577 1946 2581 1946 2584 1950 2805 1950 2805 1946 2808 1946 2949 1903 3094 1950 3098 1950 3101 1950 3105 1950 3257 1899 3260 1881 3260 1805 3014 1805 3007 1798 2975 1773 2971 1773 2967 1773 2964 1773 2794 1794 2754 1798 2711 1791 2552 1766 2418 1766 2414 1766 2411 1766 2371 1784 2353 1798 2270 1798 2252 1784 2237 1769 2234 1769 2230 1769 2226 1769 2136 1780 2049 1791 1966 1776 1865 1758 1601 1758 1597 1758 1594 1758 1590 1758 1576 1769 1558 1780 1489 1766 1420 1755 1417 1755 1413 1755 1391 1766 1352 1787 1221 1787 932 1755 874 1751 871 1751 867 1751 864 1751 864 1755 831 1780 715 1780 668 1751 668 1748 665 1748 661 1748 657 1748 654 1748 647 1751 585 1769 538 1748 535 1852 531 1874"/></Shape>
	    <String CONTENT="entre autre un grand gaillard de 1m80, d&#39;envergure, champion"
                    HPOS="531"
                    VPOS="1748"
                    WIDTH="2729"
                    HEIGHT="202"></String>
          </TextLine>

          
          
          <TextLine ID="eSc_line_5ae459a1"
                    TAGREFS="LT1364"
                    BASELINE="538 2018 1897 2033" 
                    HPOS="535"
                    VPOS="1899"
                    WIDTH="1362"
                    HEIGHT="181">
            <Shape><Polygon POINTS="538 2018 535 2051 665 2044 737 2055 795 2065 798 2065 802 2065 824 2055 842 2044 860 2055 874 2065 878 2065 882 2065 1048 2069 1051 2069 1117 2055 1153 2047 1482 2047 1485 2055 1500 2065 1500 2069 1503 2069 1507 2069 1511 2069 1619 2055 1641 2073 1641 2076 1644 2076 1648 2076 1652 2080 1789 2080 1789 2076 1894 2051 1897 2033 1887 1914 1767 1950 1619 1917 1615 1917 1612 1917 1608 1917 1561 1950 1500 1928 1496 1928 1493 1928 1225 1946 1182 1910 1182 1906 1178 1906 1174 1906 1171 1906 1023 1943 986 1910 986 1906 983 1906 979 1906 976 1906 972 1906 914 1939 882 1906 882 1903 878 1903 874 1903 871 1903 867 1903 831 1921 770 1903 766 1903 762 1903 759 1903 755 1903 712 1939 657 1939 618 1906 618 1903 614 1903 610 1903 538 1899 538 2018"/></Shape>
	    <String CONTENT="du district de course à pied."
                    HPOS="535"
                    VPOS="1899"
                    WIDTH="1362"
                    HEIGHT="181"></String>
          </TextLine>

          
          
          <TextLine ID="eSc_line_02446bc5"
                    TAGREFS="LT1364"
                    BASELINE="907 2177 3275 2210" 
                    HPOS="907"
                    VPOS="2065"
                    WIDTH="2368"
                    HEIGHT="185">
            <Shape><Polygon POINTS="907 2177 907 2199 1044 2192 1080 2203 1124 2221 1127 2221 1131 2221 1200 2206 1258 2195 1388 2210 1543 2228 1547 2228 1615 2213 1695 2199 1814 2217 1818 2217 1923 2203 1955 2221 1970 2228 1973 2228 1977 2228 2013 2224 2096 2206 2114 2224 2118 2224 2118 2228 2122 2228 2125 2228 2129 2228 2132 2228 2136 2228 2140 2224 2165 2206 2299 2228 2306 2228 2310 2228 2317 2228 2454 2210 2577 2235 2628 2242 2631 2242 2693 2235 2798 2224 3014 2242 3112 2250 3116 2250 3119 2250 3123 2250 3127 2246 3155 2224 3268 2246 3275 2210 3275 2101 3148 2094 3145 2094 3141 2094 3134 2098 3076 2127 3029 2101 3025 2101 3022 2101 3018 2101 2967 2127 2826 2127 2758 2091 2747 2087 2743 2087 2740 2087 2736 2087 2725 2091 2671 2120 2223 2120 2114 2083 2107 2080 2103 2080 1901 2076 1897 2076 1894 2076 1887 2080 1840 2101 1670 2076 1644 2073 1641 2073 1619 2076 1435 2105 1305 2080 1301 2080 1297 2080 1229 2101 1138 2069 1135 2069 907 2065 907 2177"/></Shape>
	    <String CONTENT="Vu la douceur de la nuit, nous avions laissé grandes"
                    HPOS="907"
                    VPOS="2065"
                    WIDTH="2368"
                    HEIGHT="185"></String>
          </TextLine>

          
          
          <TextLine ID="eSc_line_3f348955"
                    TAGREFS="LT1364"
                    BASELINE="556 2343 3174 2365" 
                    HPOS="556"
                    VPOS="2224"
                    WIDTH="2618"
                    HEIGHT="188">
            <Shape><Polygon POINTS="556 2343 556 2376 976 2362 1004 2376 1037 2398 1041 2398 1044 2398 1048 2401 1261 2401 1261 2398 1265 2398 1319 2376 1355 2365 1377 2376 1395 2390 1399 2390 1402 2390 1406 2390 1467 2376 1503 2369 1518 2376 1543 2401 1547 2401 1550 2401 1554 2401 1738 2376 1760 2376 1767 2376 1811 2398 1814 2398 1818 2398 1821 2398 1872 2376 1876 2376 1879 2376 1908 2401 1912 2401 1915 2401 1919 2401 1923 2401 1984 2376 1995 2376 2263 2376 2291 2376 2545 2408 2548 2408 2552 2408 2653 2376 2660 2376 2685 2398 2689 2398 2693 2398 2696 2398 2884 2380 2967 2412 2971 2412 2975 2412 3170 2376 3174 2365 3170 2268 3127 2271 3116 2264 3080 2242 3076 2242 3072 2242 3069 2242 3065 2242 3025 2264 2982 2286 2566 2286 2512 2257 2508 2257 2505 2257 2501 2257 2451 2286 2335 2286 2176 2278 2129 2250 2100 2235 2096 2235 2093 2235 2020 2250 1868 2278 1753 2246 1709 2232 1706 2232 1702 2232 1518 2235 1514 2235 1511 2235 1503 2242 1474 2264 1391 2239 1352 2228 1348 2228 1344 2228 1341 2228 1308 2239 1268 2250 1117 2235 1037 2228 1033 2228 1001 2232 871 2260 809 2232 795 2224 791 2224 788 2224 784 2224 766 2228 697 2250 556 2228 556 2343"/></Shape>
	    <String CONTENT="ouvertes les fenêtres, séparées de la rue par une courette"
                    HPOS="556"
                    VPOS="2224"
                    WIDTH="2618"
                    HEIGHT="188"></String>
          </TextLine>

          
          
          <TextLine ID="eSc_line_d9f42212"
                    TAGREFS="LT1364"
                    BASELINE="545 2502 2989 2520" 
                    HPOS="542"
                    VPOS="2380"
                    WIDTH="2447"
                    HEIGHT="184">
            <Shape><Polygon POINTS="545 2502 542 2546 723 2549 726 2549 730 2549 737 2546 773 2528 795 2546 798 2546 802 2546 806 2546 809 2546 871 2520 1077 2524 1113 2546 1127 2553 1131 2553 1135 2553 1373 2546 1843 2528 1926 2542 2013 2560 2017 2560 2107 2542 2150 2535 2194 2542 2252 2553 2255 2553 2393 2542 2490 2535 2501 2542 2523 2557 2526 2557 2530 2557 2534 2557 2624 2542 2667 2535 2714 2542 2863 2564 2866 2564 2870 2564 2873 2564 2902 2542 2910 2539 2982 2539 2989 2520 2986 2427 2859 2398 2855 2398 2852 2398 2848 2398 2812 2423 2794 2437 2508 2437 2494 2423 2454 2394 2451 2394 2447 2394 2443 2394 2440 2394 2378 2423 2335 2390 2331 2390 2328 2390 2042 2390 2038 2390 2035 2390 1955 2423 1948 2427 1937 2423 1894 2401 1890 2401 1887 2401 1883 2401 1843 2423 1832 2430 1666 2430 1655 2423 1590 2387 1587 2387 1583 2387 1471 2408 1435 2383 1431 2383 1427 2383 1348 2383 1344 2383 1341 2383 1211 2423 1200 2427 1055 2427 1048 2419 954 2380 950 2380 947 2380 596 2383 592 2383 589 2383 545 2412 545 2502"/></Shape>
	    <String CONTENT="précedée d&#39;un petit parterre de fleurs et d&#39;une murette."
                    HPOS="542"
                    VPOS="2380"
                    WIDTH="2447"
                    HEIGHT="184"></String>
          </TextLine>

          
          
          <TextLine ID="eSc_line_c84836b6"
                    TAGREFS="LT1365"
                    BASELINE="321 2661 856 2632 2328 2618" 
                    HPOS="318"
                    VPOS="2517"
                    WIDTH="2010"
                    HEIGHT="191">
            <Shape><Polygon POINTS="2132 2517 2129 2517 2125 2517 2118 2524 2093 2546 1988 2546 1923 2531 1887 2520 1883 2520 1879 2520 1825 2531 1753 2549 1691 2535 1637 2524 1634 2524 1630 2524 1597 2539 1576 2549 1558 2539 1529 2524 1525 2524 1521 2524 1518 2524 1471 2542 1442 2553 1406 2542 1344 2528 1341 2528 1337 2528 1333 2528 1294 2546 1272 2557 1185 2549 1012 2535 1008 2535 1004 2535 1001 2535 976 2557 972 2560 950 2557 889 2542 885 2542 882 2542 878 2542 867 2553 849 2539 849 2535 845 2535 842 2535 838 2535 748 2553 654 2539 650 2539 647 2539 596 2564 563 2549 560 2549 556 2549 437 2567 426 2557 426 2560 390 2571 354 2582 318 2593 321 2661 321 2708 459 2708 459 2705 462 2705 466 2705 560 2669 610 2701 614 2701 618 2701 621 2701 625 2701 629 2701 672 2665 766 2694 770 2694 773 2694 777 2694 780 2694 780 2690 813 2661 929 2676 932 2676 1294 2654 1344 2654 1388 2690 1391 2690 1395 2690 1399 2690 1402 2690 1568 2650 1637 2650 1684 2687 1688 2687 1691 2687 1695 2687 1702 2687 1821 2661 1843 2679 1847 2679 1850 2679 1854 2679 1858 2679 1923 2661 1952 2683 1955 2683 1959 2683 1962 2683 2328 2676 2328 2618 2317 2520 2212 2542 2158 2524 2140 2517 2136 2517"/></Shape>
	    <String CONTENT="malade hospitalisé du 22 au 30 juillet 1970. Narration reprise le"
                    HPOS="318"
                    VPOS="2517"
                    WIDTH="2010"
                    HEIGHT="191"></String>
          </TextLine>

          
          
          <TextLine ID="eSc_line_112c6aaf"
                    TAGREFS="LT1364"
                    BASELINE="795 2827 3202 2817" 
                    HPOS="791"
                    VPOS="2705"
                    WIDTH="2411"
                    HEIGHT="173">
            <Shape><Polygon POINTS="795 2827 795 2864 874 2878 878 2878 882 2878 929 2864 976 2849 1171 2849 1200 2860 1239 2878 1243 2878 1247 2878 1250 2878 1254 2878 1254 2874 1272 2860 1286 2849 1370 2849 1384 2856 1409 2878 1413 2878 1417 2878 1420 2878 1424 2878 1489 2856 1496 2856 1500 2856 1587 2878 1590 2878 1594 2878 1597 2878 1652 2856 1677 2845 1847 2845 1858 2853 1883 2871 1887 2871 1890 2871 1894 2871 1897 2871 1970 2853 1995 2845 2190 2845 2197 2849 2252 2874 2255 2874 2259 2874 2877 2871 2881 2871 2884 2871 2913 2853 3007 2871 3011 2871 3202 2835 3202 2817 3195 2744 3080 2723 3076 2723 2935 2741 2924 2741 2917 2741 2830 2719 2826 2719 2823 2719 2819 2719 2816 2719 2790 2741 2787 2744 2454 2744 2443 2737 2360 2705 2357 2705 2353 2705 2201 2712 2197 2712 2194 2712 2158 2734 2140 2744 2046 2734 1793 2705 1789 2705 1662 2723 1608 2705 1605 2705 1601 2705 1597 2705 1594 2705 1565 2730 1543 2748 1514 2730 1471 2708 1467 2708 1279 2708 1276 2708 1272 2708 1268 2708 1243 2730 1239 2730 1229 2726 1149 2708 1145 2708 1142 2708 1138 2708 1080 2726 1015 2748 947 2726 896 2708 892 2708 889 2708 791 2723 795 2827"/></Shape>
	    <String CONTENT="La nuit s&#39;était passée sans incident, car après les épreuves"
                    HPOS="791"
                    VPOS="2705"
                    WIDTH="2411"
                    HEIGHT="173"></String>
          </TextLine>

          
          
          <TextLine ID="eSc_line_090565fc"
                    TAGREFS="LT1364"
                    BASELINE="2302 2672 2935 2683" 
                    HPOS="2299"
                    VPOS="2553"
                    WIDTH="636"
                    HEIGHT="170">
            <Shape><Polygon POINTS="2306 2607 2302 2672 2299 2697 2440 2715 2443 2715 2447 2715 2469 2705 2505 2690 2545 2708 2559 2715 2563 2715 2566 2715 2599 2712 2711 2694 2928 2723 2935 2683 2931 2557 2805 2560 2801 2560 2754 2585 2667 2582 2642 2560 2635 2553 2631 2553 2628 2553 2624 2553 2620 2553 2595 2564 2534 2589 2317 2571 2306 2607"/></Shape>
	    <String CONTENT="1er Aout 1970)"
                    HPOS="2299"
                    VPOS="2553"
                    WIDTH="636"
                    HEIGHT="170"></String>
          </TextLine>

          
          
          <TextLine ID="eSc_line_58bcc299"
                    TAGREFS="LT1364"
                    BASELINE="585 2979 3076 2986" 
                    HPOS="582"
                    VPOS="2860"
                    WIDTH="2494"
                    HEIGHT="181">
            <Shape><Polygon POINTS="585 2882 585 2979 582 3001 723 3026 726 3026 730 3026 780 3012 806 3033 806 3037 809 3037 813 3037 817 3041 1004 3041 1004 3037 1008 3037 1091 3012 1145 3033 1149 3033 1153 3033 1156 3033 1203 3008 1268 3037 1272 3037 1276 3037 1279 3037 1333 3008 1348 3001 1435 3008 1579 3022 1583 3022 1587 3022 1612 3012 1626 3004 1644 3012 1728 3037 1731 3037 1735 3037 1738 3037 1793 3012 1800 3008 1807 3012 1850 3041 1854 3041 1858 3041 1861 3041 2009 3012 2064 3004 2252 3004 2266 3015 2310 3041 2313 3041 2317 3041 2320 3041 2324 3041 2371 3015 2378 3012 2414 3015 2494 3026 2498 3026 2501 3026 2519 3015 2545 3004 2595 3019 2682 3041 2685 3041 2689 3041 2693 3041 2736 3019 2761 3004 2798 3019 2852 3041 2855 3041 2859 3041 3072 3019 3076 2986 3072 2900 2957 2900 2957 2896 2892 2864 2888 2864 2884 2864 2657 2882 2479 2864 2476 2864 2472 2864 2404 2889 2382 2896 2357 2889 2273 2864 2270 2864 2266 2864 2169 2885 2125 2896 2096 2885 2060 2871 2056 2871 2053 2871 1959 2882 1890 2892 1854 2882 1793 2864 1789 2864 1785 2864 1702 2882 1673 2885 1662 2878 1634 2860 1630 2860 1626 2860 1623 2860 1619 2860 1615 2860 1594 2878 1576 2896 1493 2896 1460 2878 1427 2860 1424 2860 1272 2860 1268 2860 1265 2860 1261 2860 1239 2874 1203 2896 1117 2896 1088 2871 1077 2864 1073 2864 1070 2864 1066 2864 1062 2864 1044 2871 997 2896 809 2896 773 2867 766 2860 762 2860 759 2860 755 2860 600 2864 585 2882"/></Shape>
	    <String CONTENT="de la journées tout le monde, aspirait au repos. Au petit jour,"
                    HPOS="582"
                    VPOS="2860"
                    WIDTH="2494"
                    HEIGHT="181"></String>
          </TextLine>

          
          
          <TextLine ID="eSc_line_fd21c540"
                    TAGREFS="LT1364"
                    BASELINE="589 3138 3145 3149" 
                    HPOS="585"
                    VPOS="3033"
                    WIDTH="2560"
                    HEIGHT="170">
            <Shape><Polygon POINTS="589 3138 585 3167 618 3192 621 3192 625 3192 629 3192 632 3192 726 3163 788 3181 791 3181 795 3181 961 3163 1008 3192 1012 3192 1015 3192 1019 3192 1145 3163 1221 3192 1225 3192 1229 3192 1232 3192 1236 3192 1276 3167 1315 3181 1319 3181 1323 3181 1326 3181 1402 3163 1406 3163 1485 3163 1746 3167 1807 3196 1811 3196 1814 3199 2020 3199 2020 3196 2024 3196 2028 3196 2053 3174 2179 3196 2183 3196 2187 3196 2248 3178 2291 3199 2295 3199 2299 3203 2418 3203 2418 3199 2422 3199 2494 3171 2646 3199 2649 3199 3141 3171 3145 3149 3134 3055 3094 3069 3054 3055 3022 3041 3018 3041 3014 3041 3011 3041 2964 3055 2913 3069 2895 3055 2877 3041 2873 3041 2870 3041 2866 3041 2863 3041 2826 3055 2808 3062 2798 3055 2779 3041 2776 3041 2772 3041 2642 3041 2638 3041 2635 3041 2602 3055 2570 3073 2295 3073 2259 3055 2208 3037 2205 3037 2201 3037 2197 3037 2194 3037 2161 3055 2147 3066 2118 3055 2071 3041 2067 3041 2064 3041 2060 3041 1999 3059 1962 3066 1919 3059 1818 3037 1814 3037 1811 3037 1807 3037 1782 3059 1771 3069 1540 3069 1529 3059 1511 3044 1507 3044 1503 3044 1500 3044 1496 3044 1460 3059 1438 3066 1323 3059 968 3033 965 3033 961 3033 892 3059 885 3062 885 3059 853 3033 849 3033 845 3033 788 3033 784 3033 589 3059 589 3138"/></Shape>
	    <String CONTENT="vers les 3 heures 30, un minuscule grincement me reveilla. ce tres"
                    HPOS="585"
                    VPOS="3033"
                    WIDTH="2560"
                    HEIGHT="170"></String>
          </TextLine>

          
          
          <TextLine ID="eSc_line_8cb3f1d9"
                    TAGREFS="LT1364"
                    BASELINE="589 3297 3228 3311" 
                    HPOS="585"
                    VPOS="3171"
                    WIDTH="2643"
                    HEIGHT="184">
            <Shape><Polygon POINTS="585 3319 730 3337 733 3337 737 3337 773 3322 791 3315 1030 3315 1044 3322 1073 3344 1077 3344 1080 3344 1250 3348 1254 3348 1359 3322 1384 3319 1399 3322 1460 3348 1464 3348 1467 3348 1471 3348 1518 3326 1525 3322 1550 3326 1699 3344 1702 3344 1706 3344 1742 3326 1749 3322 1814 3326 2089 3344 2093 3344 2096 3344 2100 3344 2122 3326 2125 3322 2147 3326 2241 3351 2244 3351 2248 3351 2469 3329 2534 3322 2559 3329 2642 3355 2646 3355 2649 3355 2653 3355 2714 3337 2888 3351 2892 3351 2989 3329 3011 3326 3025 3329 3072 3351 3076 3351 3080 3351 3224 3329 3228 3311 3224 3185 3112 3185 3108 3185 3105 3185 3040 3217 2892 3192 2888 3192 2884 3192 2823 3210 2765 3185 2761 3185 2758 3185 2281 3214 2169 3181 2165 3181 2161 3181 1905 3214 1771 3214 1713 3178 1709 3178 1706 3178 1702 3178 1297 3210 1153 3174 1149 3174 1145 3174 744 3181 741 3181 697 3203 592 3171 589 3297 585 3319"/></Shape>
	    <String CONTENT="discret bruit faisait contraste avec la respiration regulière des autres"
                    HPOS="585"
                    VPOS="3171"
                    WIDTH="2643"
                    HEIGHT="184"></String>
          </TextLine>

          
          
          <TextLine ID="eSc_line_27a17bc7"
                    TAGREFS="LT1364"
                    BASELINE="585 3459 3311 3474" 
                    HPOS="585"
                    VPOS="3340"
                    WIDTH="2726"
                    HEIGHT="174">
            <Shape><Polygon POINTS="3296 3391 3293 3384 3130 3384 3123 3380 3040 3351 3036 3351 3033 3351 3029 3351 2946 3376 2931 3380 2920 3376 2863 3348 2859 3348 2855 3348 2610 3369 2541 3376 2508 3369 2407 3344 2404 3344 2400 3344 2179 3366 2042 3376 1926 3362 1836 3348 1832 3348 1829 3348 1796 3358 1753 3373 1706 3358 1662 3340 1659 3340 1655 3340 1652 3340 1619 3355 1579 3373 1431 3369 1409 3351 1395 3340 1391 3340 1388 3340 1229 3340 1225 3340 1221 3340 1218 3340 1207 3348 1167 3373 683 3373 589 3340 585 3459 585 3499 683 3485 1185 3503 1286 3506 1290 3506 1294 3506 1305 3503 1377 3485 1691 3485 1883 3506 1887 3506 1890 3506 1894 3506 2103 3488 2143 3510 2147 3510 2150 3510 2154 3510 2158 3510 2161 3510 2205 3488 2465 3488 2505 3510 2508 3510 2512 3510 2660 3514 2664 3514 2667 3514 2671 3514 2671 3510 2707 3492 2917 3514 2939 3514 2942 3514 2946 3514 2949 3514 2986 3492 3213 3492 3300 3514 3311 3474 3304 3420 3296 3391"/></Shape>
	    <String CONTENT="dormeurs, et me tint maintenant en un eveil lucide. Par intermitten-"
                    HPOS="585"
                    VPOS="3340"
                    WIDTH="2726"
                    HEIGHT="174"></String>
          </TextLine>

          
          
          <TextLine ID="eSc_line_30e374ed"
                    TAGREFS="LT1364"
                    BASELINE="574 3622 3090 3633" 
                    HPOS="571"
                    VPOS="3499"
                    WIDTH="2519"
                    HEIGHT="184">
            <Shape><Polygon POINTS="574 3622 571 3633 647 3669 650 3669 654 3669 925 3640 968 3662 972 3662 976 3662 1073 3644 1192 3676 1196 3676 1200 3680 1276 3680 1276 3676 1279 3676 1283 3676 1337 3644 1341 3640 1344 3644 1409 3680 1413 3680 1417 3680 1420 3680 1489 3644 1493 3644 1532 3644 1630 3651 1670 3680 1673 3680 1677 3680 1681 3683 1825 3683 1825 3680 1829 3680 1923 3651 1944 3644 1966 3651 2031 3673 2035 3673 2038 3673 2042 3673 2096 3651 2118 3644 2176 3651 2259 3665 2263 3665 2346 3655 2375 3651 2382 3655 2396 3669 2400 3669 2404 3669 2407 3669 2411 3669 2414 3669 2436 3655 2443 3651 2461 3655 2559 3683 2563 3683 2566 3683 3087 3662 3090 3633 3090 3557 2986 3532 2982 3532 2884 3543 2834 3506 2830 3506 2826 3506 2823 3506 2819 3506 2675 3553 2671 3557 2566 3557 2563 3553 2458 3506 2454 3506 2451 3506 2447 3506 2443 3506 2389 3553 2385 3557 2259 3557 2252 3553 2183 3503 2179 3503 2176 3503 2172 3503 1702 3521 1677 3503 1673 3503 1670 3503 1413 3499 1344 3499 1341 3499 1337 3499 1232 3546 1232 3550 994 3550 986 3546 835 3510 831 3510 827 3510 824 3510 777 3546 773 3546 574 3546 574 3622"/></Shape>
	    <String CONTENT="ce, il recommençait, tel le bruit d&#39;une souris: rongeant par"
                    HPOS="571"
                    VPOS="3499"
                    WIDTH="2519"
                    HEIGHT="184"></String>
          </TextLine>

          
          
          <TextLine ID="eSc_line_d032c011"
                    TAGREFS="LT1364"
                    BASELINE="585 3785 2982 3799" 
                    HPOS="585"
                    VPOS="3673"
                    WIDTH="2397"
                    HEIGHT="180">
            <Shape><Polygon POINTS="585 3785 585 3817 647 3806 679 3817 737 3842 741 3842 744 3846 878 3846 878 3842 882 3842 939 3817 976 3803 1015 3817 1026 3821 1030 3821 1033 3821 1178 3817 1493 3806 1511 3817 1529 3831 1532 3831 1536 3831 1540 3831 1543 3831 1583 3817 1608 3806 1626 3817 1673 3846 1677 3846 1681 3846 1684 3850 1937 3850 1937 3846 1941 3846 1995 3817 2049 3850 2053 3850 2056 3850 2060 3853 2179 3853 2179 3850 2183 3850 2187 3850 2187 3846 2223 3813 2230 3810 2281 3810 2288 3813 2360 3850 2364 3850 2526 3853 2530 3853 2534 3853 2537 3853 2584 3821 2978 3810 2982 3799 2975 3712 2873 3720 2859 3709 2834 3687 2834 3683 2830 3683 2826 3683 2725 3683 2722 3683 2718 3683 2675 3705 2660 3716 2393 3720 2320 3720 2299 3701 2273 3680 2270 3680 2266 3680 2107 3680 2103 3680 2100 3680 2064 3698 2028 3716 2006 3694 1988 3680 1984 3680 1981 3680 1789 3680 1785 3680 1706 3691 1576 3712 1543 3691 1525 3676 1521 3676 1518 3676 1413 3676 1409 3676 1406 3676 1384 3687 1337 3712 1265 3683 1250 3680 1247 3680 1243 3680 1239 3680 1225 3683 1167 3705 1127 3691 1124 3691 1120 3691 950 3709 878 3680 860 3673 856 3673 853 3673 849 3673 831 3680 751 3709 585 3676 585 3785"/></Shape>
	    <String CONTENT="à coups, mais en beaucoup plus feutré. Je me levais"
                    HPOS="585"
                    VPOS="3673"
                    WIDTH="2397"
                    HEIGHT="180"></String>
          </TextLine>

          
          
          <TextLine ID="eSc_line_164c8d23"
                    TAGREFS="LT1364"
                    BASELINE="582 3940 3123 3958" 
                    HPOS="578"
                    VPOS="3824"
                    WIDTH="2545"
                    HEIGHT="174">
            <Shape><Polygon POINTS="582 3940 578 3969 900 3983 903 3983 907 3983 925 3976 957 3958 1077 3958 1185 3976 1221 3983 1225 3983 1229 3983 1232 3983 1236 3980 1258 3961 1521 3961 1558 3983 1565 3987 1568 3987 1572 3987 1717 3990 1720 3990 1724 3990 1749 3983 1814 3965 2017 3965 2042 3987 2046 3987 2046 3990 2049 3990 2053 3990 2216 3994 2219 3994 2259 3990 2411 3969 2440 3990 2443 3990 2447 3990 2451 3990 2454 3990 2628 3972 3116 3998 3123 3958 3119 3886 2725 3839 2722 3839 2570 3853 2505 3835 2501 3835 2498 3835 2494 3835 2490 3835 2436 3871 2425 3882 2237 3882 2216 3868 2197 3857 2194 3857 2190 3857 2187 3857 2183 3857 2179 3857 2165 3868 2158 3871 2154 3868 2107 3842 2103 3842 2100 3842 2096 3842 2093 3842 2064 3868 2049 3878 1955 3878 1941 3864 1901 3831 1897 3831 1894 3831 1760 3831 1756 3831 1753 3831 1749 3831 1706 3860 1684 3875 1644 3860 1576 3831 1572 3831 1568 3831 1565 3831 1485 3857 1467 3860 1438 3857 1352 3839 1348 3839 1344 3839 1308 3853 1261 3875 1167 3875 1138 3850 1135 3846 1131 3846 1127 3846 1124 3846 1120 3846 1106 3850 1037 3868 1012 3850 983 3824 979 3824 976 3824 972 3824 582 3839 582 3940"/></Shape>
	    <String CONTENT="discretement, et vis à l&#39;extremite opposé à la chambre, un"
                    HPOS="578"
                    VPOS="3824"
                    WIDTH="2545"
                    HEIGHT="174"></String>
          </TextLine>

          
          
          <TextLine ID="eSc_line_76a2534b"
                    TAGREFS="LT1364"
                    BASELINE="560 4102 3282 4135" 
                    HPOS="560"
                    VPOS="3987"
                    WIDTH="2722"
                    HEIGHT="289">
            <Shape><Polygon POINTS="3271 4117 3242 4016 3137 4016 3134 4016 3130 4016 3127 4016 3090 4041 3000 4016 2996 4016 2993 4016 2989 4016 2928 4048 2685 4048 2635 4012 2631 4008 2628 4008 2624 4008 2620 4008 2599 4012 2432 4041 2389 4012 2382 4005 2378 4005 2375 4005 2371 4005 2367 4005 2353 4008 2320 4027 2284 4008 2273 4005 2270 4005 2266 4005 2263 4005 2248 4008 2179 4037 2046 4008 2002 4001 1999 4001 1934 4008 1865 4016 1673 4008 1380 3994 1377 3994 1373 3994 1370 3994 1355 4005 1323 4027 968 4027 914 4005 864 3987 860 3987 856 3987 853 3987 817 4005 784 4019 560 4005 560 4102 560 4240 788 4135 896 4153 900 4153 903 4153 986 4124 1218 4149 1221 4149 1225 4149 1315 4128 1370 4153 1373 4153 1377 4153 1380 4153 1446 4128 1655 4153 1659 4153 1662 4153 1746 4131 1919 4157 1923 4157 2176 4153 2259 4193 2263 4193 2266 4193 2331 4185 2436 4218 2494 4268 2498 4268 2501 4268 3275 4276 3282 4135 3282 4016 3271 4016 3271 4117"/></Shape>
	    <String CONTENT="jeune homme en train de visiter les poches et bagages déposés là."
                    HPOS="560"
                    VPOS="3987"
                    WIDTH="2722"
                    HEIGHT="289"></String>
          </TextLine>

          
        </TextBlock>
        
        <TextBlock HPOS="1057"
                   VPOS="849"
                   WIDTH="1848"
                   HEIGHT="218"
                   ID="eSc_textblock_5d37d37a"
                   TAGREFS="BT4048">
          <Shape><Polygon POINTS="1057 849 1057 1067 2905 1067 2905 849"/></Shape>
          
          
          <TextLine ID="eSc_line_c832eee6"
                    TAGREFS="LT1364"
                    BASELINE="1131 982 2700 996" 
                    HPOS="1127"
                    VPOS="870"
                    WIDTH="1573"
                    HEIGHT="202">
            <Shape><Polygon POINTS="2685 892 2675 892 2649 892 2613 892 2595 892 2588 899 2584 902 2563 899 2526 888 2523 888 2519 888 2516 888 2476 899 2429 910 2414 895 2396 884 2396 884 2360 884 2324 884 2288 884 2252 881 2216 881 2179 881 2143 881 2140 877 2140 881 2122 895 2111 910 2006 910 1991 895 1973 881 1973 877 1970 877 1966 877 1962 877 1959 877 1915 895 1897 902 1868 895 1800 877 1796 877 1793 877 1554 895 1489 899 1482 895 1449 870 1424 870 1377 895 1366 902 1312 902 1305 895 1283 874 1276 874 1239 877 1214 877 1156 888 1131 913 1131 982 1127 1011 1182 1036 1185 1036 1189 1036 1192 1036 1258 1011 1272 1000 1518 1000 1554 1011 1662 1054 1666 1054 1670 1054 1673 1054 1677 1054 1677 1050 1720 1014 1724 1011 1731 1014 1811 1036 1814 1036 1818 1036 1821 1036 1865 1014 1887 1004 1901 1014 1912 1025 1915 1025 1919 1025 1923 1025 2028 1022 2093 1065 2096 1065 2100 1065 2306 1069 2310 1072 2385 1072 2385 1069 2389 1069 2487 1022 2498 1018 2693 1022 2700 996 2700 920 2685 892"/></Shape>
	    <String CONTENT="Suite de la p. 50 du manifold N° 24"
                    HPOS="1127"
                    VPOS="870"
                    WIDTH="1573"
                    HEIGHT="202"></String>
          </TextLine>

          
        </TextBlock>
        
        <TextBlock HPOS="3123"
                   VPOS="155"
                   WIDTH="234"
                   HEIGHT="206"
                   ID="eSc_textblock_8bf2e6bb"
                   TAGREFS="BT4049">
          <Shape><Polygon POINTS="3123 155 3123 361 3357 361 3357 155"/></Shape>
          
          
          <TextLine ID="eSc_line_70e85003"
                    TAGREFS="LT1364"
                    BASELINE="3139 284 3285 284" 
                    HPOS="3137"
                    VPOS="162"
                    WIDTH="145"
                    HEIGHT="163">
            <Shape><Polygon POINTS="3137 310 3224 325 3228 325 3231 325 3282 303 3282 281 3278 180 3192 184 3141 162 3137 281 3137 310"/></Shape>
	    <String CONTENT="1"
                    HPOS="3137"
                    VPOS="162"
                    WIDTH="145"
                    HEIGHT="163"></String>
          </TextLine>

          
        </TextBlock>
        

        
      </PrintSpace>
    </Page>
  </Layout>
</alto>
