<?xml version="1.0" encoding="UTF-8"?>
<alto xmlns:xsi="http://www.w3.org/2001/XMLSchema-instance"
      xmlns="http://www.loc.gov/standards/alto/ns-v4#"
      xsi:schemaLocation="http://www.loc.gov/standards/alto/ns-v4# http://www.loc.gov/standards/alto/v4/alto-4-2.xsd">
  <Description>
    <MeasurementUnit>pixel</MeasurementUnit>
    <sourceImageInformation>
      <fileName>D.1.notes-1-et-2_0010.jpg</fileName>
      
    </sourceImageInformation>
  </Description>
  
  <Tags>
    <OtherTag ID="BT7525" LABEL="MarginTextZone" DESCRIPTION="block type MarginTextZone"/><OtherTag ID="BT7524" LABEL="NumberingZone" DESCRIPTION="block type NumberingZone"/><OtherTag ID="BT7523" LABEL="MainZone" DESCRIPTION="block type MainZone"/>
    <OtherTag ID="LT2526" LABEL="InterlinearLine" DESCRIPTION="line type InterlinearLine"/><OtherTag ID="LT2525" LABEL="DefaultLine" DESCRIPTION="line type DefaultLine"/>
  </Tags>
  
  <Layout>
    <Page WIDTH="3059"
          HEIGHT="4921"
          PHYSICAL_IMG_NR="48"
          ID="eSc_dummypage_">
      <PrintSpace HPOS="0"
                  VPOS="0"
                  WIDTH="3059"
                  HEIGHT="4921">
        
        <TextBlock HPOS="197.0"
                   VPOS="116.0"
                   WIDTH="2735.0"
                   HEIGHT="4741.0"
                   ID="eSc_textblock_1977291e"
                   TAGREFS="BT7523">
          <Shape><Polygon POINTS="197 120 247 4857 2932 4852 2914 375 2540 390 2508 116"/></Shape>
          
          
          <TextLine ID="eSc_line_88b4479f"
                    TAGREFS="LT2525"
                    BASELINE="394 317 2214 311" 
                    HPOS="385.0"
                    VPOS="20.0"
                    WIDTH="1828.0"
                    HEIGHT="344.0">
            <Shape><Polygon POINTS="390 315 390 364 2209 336 2213 307 2200 20 385 36 390 315"/></Shape>
	    <String CONTENT="OÙ AIS-JE COMMENCÉ MON VOYAGE ?"
                    HPOS="385.0"
                    VPOS="20.0"
                    WIDTH="1828.0"
                    HEIGHT="344.0"></String>
          </TextLine>

          
          
          <TextLine ID="eSc_line_48b4e11a"
                    TAGREFS="LT2525"
                    BASELINE="322 475 2626 467" 
                    HPOS="316.0"
                    VPOS="356.0"
                    WIDTH="2307.0"
                    HEIGHT="156.0">
            <Shape><Polygon POINTS="320 471 320 512 2619 508 2623 463 2611 405 2053 405 2032 393 1987 356 1983 356 1979 356 1724 356 1720 356 1716 356 1712 356 1679 385 1654 410 1170 410 1055 389 1051 389 932 410 891 373 878 364 878 360 874 360 870 360 866 360 316 360 320 471"/></Shape>
	    <String CONTENT="En fait, je l’ai commencé sur la côte ATLANTIQUE, A"
                    HPOS="316.0"
                    VPOS="356.0"
                    WIDTH="2307.0"
                    HEIGHT="156.0"></String>
          </TextLine>

          
          
          <TextLine ID="eSc_line_7a899c0d"
                    TAGREFS="LT2525"
                    BASELINE="333 639 1099 626 2878 628" 
                    HPOS="328.0"
                    VPOS="520.0"
                    WIDTH="2546.0"
                    HEIGHT="177.0">
            <Shape><Polygon POINTS="332 635 332 676 587 668 611 676 656 693 661 693 665 693 669 693 673 693 673 688 689 676 693 668 706 676 722 684 726 684 730 684 734 684 771 676 825 664 1465 664 1486 672 1543 693 1547 693 1552 697 1896 697 1896 693 1901 693 1905 693 1946 668 2020 693 2024 693 2028 693 2032 693 2118 668 2131 664 2139 668 2188 693 2192 693 2196 693 2200 693 2204 693 2204 688 2233 664 2237 664 2447 664 2451 664 2492 693 2496 693 2500 693 2504 697 2673 697 2673 693 2677 693 2681 693 2722 664 2726 664 2870 664 2874 627 2870 520 2521 520 2517 520 2512 520 2508 520 2508 524 2504 524 2471 557 2303 557 2233 529 2209 520 2204 520 2200 520 2196 520 2192 520 2192 524 2184 529 2151 561 2044 561 1962 533 1913 520 1909 520 1905 520 1901 520 1896 520 1872 537 1831 561 1736 561 1699 541 1671 520 1667 520 1662 520 1482 520 1478 520 1474 520 1469 520 1469 524 1445 545 1428 561 1322 561 1305 545 1272 520 1268 520 1264 520 1079 520 1075 520 1071 520 1067 520 1067 524 1038 549 1030 561 932 561 923 553 899 533 899 529 895 529 891 529 767 520 763 520 759 520 755 520 755 524 718 557 714 561 328 561 332 635"/></Shape>
	    <String CONTENT="BIARRITZ, station balnéaire du pays Basque, près de la frontière"
                    HPOS="328.0"
                    VPOS="520.0"
                    WIDTH="2546.0"
                    HEIGHT="177.0"></String>
          </TextLine>

          
          
          <TextLine ID="eSc_line_1b3b2c5d"
                    TAGREFS="LT2525"
                    BASELINE="328 798 703 792 744 790 793 790 826 790 2656 790" 
                    HPOS="320.0"
                    VPOS="676.0"
                    WIDTH="2332.0"
                    HEIGHT="205.0">
            <Shape><Polygon POINTS="324 795 328 881 414 852 488 877 492 877 496 877 500 877 505 877 550 840 595 861 599 861 603 861 607 861 611 861 636 836 706 873 718 877 722 877 726 881 878 881 878 877 882 877 886 877 899 869 952 828 1047 824 1104 852 1108 852 1112 852 1297 824 1367 857 1371 857 1375 857 1379 857 1383 857 1391 852 1465 832 1486 852 1515 877 1519 877 1523 877 1527 881 1790 881 1790 877 1794 877 1798 877 1798 873 1835 844 1864 820 1991 840 2011 840 2016 840 2020 840 2032 836 2098 820 2287 832 2447 840 2451 840 2648 820 2652 787 2648 713 2537 676 2533 676 2126 676 2122 676 2118 676 2114 676 2114 680 2073 717 1962 717 1913 680 1909 680 1905 680 1654 676 1650 676 1646 676 1642 676 1642 680 1601 717 1318 717 1244 676 1240 676 1235 676 1137 697 952 676 948 676 673 713 570 676 566 676 562 676 558 676 480 717 320 717 324 795"/></Shape>
	    <String CONTENT="espagnole.. J’y étais allé en congé juste avant le service"
                    HPOS="320.0"
                    VPOS="676.0"
                    WIDTH="2332.0"
                    HEIGHT="205.0"></String>
          </TextLine>

          
          
          <TextLine ID="eSc_line_df0edc95"
                    TAGREFS="LT2525"
                    BASELINE="331 954 2853 948" 
                    HPOS="324.0"
                    VPOS="848.0"
                    WIDTH="2525.0"
                    HEIGHT="152.0">
            <Shape><Polygon POINTS="328 951 328 1000 2845 980 2849 947 2841 889 2767 889 2730 852 2730 848 2726 848 2722 848 2718 848 2714 848 2627 889 2057 889 2020 852 2020 848 2016 848 2011 848 1798 848 1794 848 1790 848 1786 848 1728 889 1260 889 1133 848 1129 848 895 848 891 848 886 848 882 848 882 852 849 881 628 885 578 848 574 848 570 848 500 848 496 848 492 848 488 848 488 852 463 877 324 889 328 951"/></Shape>
	    <String CONTENT="militaire, à vélo depuis LAVARDAC, et même DEPUIS PARIS, d’où"
                    HPOS="324.0"
                    VPOS="848.0"
                    WIDTH="2525.0"
                    HEIGHT="152.0"></String>
          </TextLine>

          
          
          <TextLine ID="eSc_line_f9ee96e1"
                    TAGREFS="LT2525"
                    BASELINE="352 1115 2046 1109" 
                    HPOS="344.0"
                    VPOS="1004.0"
                    WIDTH="1700.0"
                    HEIGHT="181.0">
            <Shape><Polygon POINTS="349 1111 349 1185 574 1144 628 1164 632 1164 636 1164 899 1144 936 1172 944 1181 948 1181 952 1181 956 1181 1001 1172 1129 1144 1203 1168 1244 1181 1248 1181 1252 1181 1256 1181 1297 1164 1322 1156 1338 1164 1359 1181 1363 1181 1367 1181 1371 1181 1375 1181 1424 1164 1461 1152 1527 1160 1658 1181 1662 1181 1667 1181 1736 1156 1773 1144 1802 1156 1827 1164 1831 1164 1835 1164 2040 1148 2044 1107 2036 1008 1958 1004 1954 1004 1950 1004 1946 1004 1946 1008 1909 1045 1486 1045 1428 1008 1424 1004 1420 1004 1416 1004 1322 1004 1318 1004 1313 1004 1309 1004 1305 1008 1256 1045 1166 1045 1133 1008 1129 1008 1129 1004 1125 1004 1120 1004 837 1004 833 1004 829 1004 825 1004 821 1008 767 1041 611 1041 566 1008 562 1004 558 1004 554 1004 550 1004 344 1008 349 1111"/></Shape>
	    <String CONTENT="j’etais arrivé à vélo quelques jours avant."
                    HPOS="344.0"
                    VPOS="1004.0"
                    WIDTH="1700.0"
                    HEIGHT="181.0"></String>
          </TextLine>

          
          
          <TextLine ID="eSc_line_e66dd16e"
                    TAGREFS="LT2525"
                    BASELINE="585 1279 1540 1263 2856 1268" 
                    HPOS="578.0"
                    VPOS="1148.0"
                    WIDTH="2275.0"
                    HEIGHT="176.0">
            <Shape><Polygon POINTS="583 1275 583 1299 648 1324 652 1324 656 1324 792 1304 812 1299 825 1304 886 1320 891 1320 895 1320 1022 1304 1055 1299 1174 1304 1580 1320 1584 1320 1589 1320 1617 1304 1630 1299 1662 1304 1757 1324 1761 1324 1847 1308 1868 1304 1896 1308 2040 1324 2044 1324 2048 1324 2081 1308 2094 1299 2106 1308 2135 1324 2139 1324 2143 1324 2147 1324 2849 1308 2853 1267 2845 1193 2755 1193 2751 1189 2709 1152 2709 1148 2705 1148 2701 1148 2529 1148 2525 1148 2521 1148 2410 1189 2389 1193 2369 1189 2241 1148 2237 1148 2081 1148 2077 1148 2073 1148 2069 1148 2020 1185 2003 1197 1720 1197 1708 1185 1667 1148 1662 1148 1658 1148 1654 1148 1301 1168 1198 1148 1194 1148 1190 1148 1186 1148 1145 1181 1120 1197 833 1197 784 1176 714 1152 710 1152 706 1152 578 1172 583 1275"/></Shape>
	    <String CONTENT="Après mon service militaire accompli je repartis donc"
                    HPOS="578.0"
                    VPOS="1148.0"
                    WIDTH="2275.0"
                    HEIGHT="176.0"></String>
          </TextLine>

          
          
          <TextLine ID="eSc_line_e1c83d2b"
                    TAGREFS="LT2525"
                    BASELINE="331 1432 2894 1432" 
                    HPOS="328.0"
                    VPOS="1312.0"
                    WIDTH="2562.0"
                    HEIGHT="193.0">
            <Shape><Polygon POINTS="328 1431 328 1480 628 1472 652 1480 689 1492 693 1492 698 1492 763 1480 817 1468 833 1480 866 1500 870 1500 874 1500 878 1505 1305 1505 1305 1500 1309 1500 1313 1500 1313 1496 1338 1476 1346 1468 1461 1468 2459 1468 2471 1468 2627 1500 2631 1500 2636 1500 2718 1468 2730 1463 2886 1463 2890 1431 2890 1312 2303 1312 2299 1312 2295 1312 2291 1312 2291 1316 2282 1320 2246 1357 2044 1357 2011 1324 1999 1316 1999 1312 1995 1312 1991 1312 1609 1312 1605 1312 1601 1312 1597 1312 1564 1332 1523 1357 1235 1357 1182 1340 1096 1316 1092 1316 1088 1316 1083 1316 1018 1345 989 1353 964 1345 882 1312 878 1312 874 1312 328 1353 328 1431"/></Shape>
	    <String CONTENT="en 1927, à Lyon, toujours à vélo, à travers le Massif central."
                    HPOS="328.0"
                    VPOS="1312.0"
                    WIDTH="2562.0"
                    HEIGHT="193.0"></String>
          </TextLine>

          
          
          <TextLine ID="eSc_line_d77905fb"
                    TAGREFS="LT2525"
                    BASELINE="508 1599 2897 1588" 
                    HPOS="500.0"
                    VPOS="1463.0"
                    WIDTH="2394.0"
                    HEIGHT="189.0">
            <Shape><Polygon POINTS="505 1595 505 1652 862 1652 862 1648 866 1648 870 1648 870 1644 891 1628 1547 1628 1572 1636 1605 1648 1609 1648 1613 1648 1617 1648 1658 1636 1695 1623 1724 1636 1749 1644 1753 1644 1757 1644 1818 1632 1876 1623 2155 1628 2853 1644 2857 1644 2861 1644 2866 1644 2894 1623 2894 1587 2886 1484 1892 1463 1888 1463 1572 1476 1133 1492 1059 1472 1038 1468 1034 1468 1030 1468 997 1472 895 1492 854 1472 845 1468 841 1468 837 1468 833 1468 829 1468 829 1472 825 1472 808 1488 500 1472 505 1595"/></Shape>
	    <String CONTENT="Le point culminant de cet itinéraire fut le Mont Lorian."
                    HPOS="500.0"
                    VPOS="1463.0"
                    WIDTH="2394.0"
                    HEIGHT="189.0"></String>
          </TextLine>

          
          
          <TextLine ID="eSc_line_fc9e451a"
                    TAGREFS="LT2525"
                    BASELINE="478 1749 2861 1744" 
                    HPOS="472.0"
                    VPOS="1644.0"
                    WIDTH="2385.0"
                    HEIGHT="180.0">
            <Shape><Polygon POINTS="476 1746 476 1783 591 1812 595 1812 599 1812 656 1783 665 1779 669 1783 702 1816 702 1820 706 1820 710 1820 714 1824 907 1824 907 1820 911 1820 915 1820 915 1816 944 1787 1005 1783 1059 1779 1067 1783 1112 1820 1116 1820 1120 1820 1125 1820 1129 1820 1219 1783 1227 1779 1235 1783 1313 1820 1318 1820 1322 1820 1326 1820 1330 1820 1383 1783 1387 1779 1387 1783 1441 1820 1445 1820 1449 1820 1453 1820 1457 1820 1461 1820 1494 1796 1527 1820 1531 1820 1535 1820 1539 1824 1658 1824 1658 1820 1662 1820 1736 1787 1880 1804 1884 1804 2098 1783 2122 1804 2126 1804 2131 1804 2135 1804 2139 1804 2188 1779 2266 1820 2270 1820 2274 1820 2278 1820 2282 1820 2340 1783 2484 1800 2488 1800 2857 1775 2857 1742 2849 1685 1892 1685 1876 1669 1855 1648 1855 1644 1851 1644 1847 1644 1474 1644 1469 1644 1465 1644 1461 1644 1461 1648 1445 1660 1428 1681 1014 1681 981 1652 973 1648 973 1644 969 1644 964 1644 960 1644 472 1644 476 1746"/></Shape>
	    <String CONTENT="Cela signifie, que quand j&gt;e&lt; &quot;Suis ARRIVE A VLADIVOS-"
                    HPOS="472.0"
                    VPOS="1644.0"
                    WIDTH="2385.0"
                    HEIGHT="180.0"></String>
          </TextLine>

          
          
          <TextLine ID="eSc_line_252e15fa"
                    TAGREFS="LT2525"
                    BASELINE="325 1905 2749 1905" 
                    HPOS="324.0"
                    VPOS="1792.0"
                    WIDTH="2422.0"
                    HEIGHT="180.0">
            <Shape><Polygon POINTS="324 1902 328 1972 422 1943 513 1972 517 1972 521 1972 525 1972 529 1972 533 1972 591 1939 903 1939 1301 1939 1408 1964 1453 1972 1457 1972 1461 1972 1490 1964 1539 1943 1617 1943 1642 1960 1654 1972 1658 1972 1662 1972 1667 1972 1732 1960 1814 1943 1868 1960 1913 1972 1917 1972 1921 1972 2048 1956 2180 1939 2221 1956 2254 1968 2258 1968 2262 1968 2266 1968 2315 1956 2348 1943 2360 1951 2377 1968 2377 1972 2381 1972 2385 1972 2389 1972 2746 1947 2746 1902 2746 1804 1740 1792 1736 1792 1732 1792 1728 1792 1728 1796 1704 1816 1687 1837 1589 1837 1572 1816 1564 1812 1564 1808 1560 1808 1556 1808 1367 1792 1363 1792 1359 1792 1293 1812 1170 1800 1166 1800 1162 1800 1157 1800 1157 1804 1137 1824 1125 1833 1063 1824 932 1808 927 1808 923 1808 919 1808 919 1812 903 1828 899 1828 866 1800 866 1796 862 1796 858 1796 854 1796 849 1796 845 1796 845 1800 812 1828 804 1837 324 1837 324 1902"/></Shape>
	    <String CONTENT="-TOK, en extrême orient Sibérien, le 5 Juillet 1930, j’étais"
                    HPOS="324.0"
                    VPOS="1792.0"
                    WIDTH="2422.0"
                    HEIGHT="180.0"></String>
          </TextLine>

          
          
          <TextLine ID="eSc_line_56928e47"
                    TAGREFS="LT2525"
                    BASELINE="320 2075 2848 2061" 
                    HPOS="312.0"
                    VPOS="1993.0"
                    WIDTH="2533.0"
                    HEIGHT="123.0">
            <Shape><Polygon POINTS="316 2070 316 2116 2841 2116 2845 2058 2833 1993 312 2001 316 2070"/></Shape>
	    <String CONTENT="VRAISEMBLABLEMENT LE PREMIER HOMME ET SURTOUT LE"
                    HPOS="312.0"
                    VPOS="1993.0"
                    WIDTH="2533.0"
                    HEIGHT="123.0"></String>
          </TextLine>

          
          
          <TextLine ID="eSc_line_02af92d9"
                    TAGREFS="LT2525"
                    BASELINE="336 2228 2752 2219" 
                    HPOS="328.0"
                    VPOS="2107.0"
                    WIDTH="2423.0"
                    HEIGHT="193.0">
            <Shape><Polygon POINTS="332 2226 336 2300 418 2259 808 2259 841 2292 845 2292 845 2296 849 2296 854 2296 858 2296 895 2292 1055 2259 1112 2288 1133 2296 1137 2296 1141 2296 1638 2292 1642 2292 1646 2292 1667 2275 1704 2255 2102 2255 2126 2267 2139 2280 2143 2280 2147 2280 2151 2280 2303 2263 2365 2259 2373 2263 2406 2292 2410 2292 2414 2292 2418 2296 2525 2296 2525 2292 2746 2255 2751 2218 2738 2161 2475 2161 2471 2161 2397 2107 2393 2107 2389 2107 2385 2107 2262 2128 2229 2107 2225 2107 2221 2107 1564 2107 1560 2107 1556 2107 1387 2165 1383 2165 1350 2165 739 2148 734 2148 328 2169 332 2226"/></Shape>
	    <String CONTENT="PREMIER FRANÇAIS QUI reliait l’ océan Atlantique, à"
                    HPOS="328.0"
                    VPOS="2107.0"
                    WIDTH="2423.0"
                    HEIGHT="193.0"></String>
          </TextLine>

          
          
          <TextLine ID="eSc_line_b66e93ba"
                    TAGREFS="LT2525"
                    BASELINE="333 2392 2856 2386" 
                    HPOS="328.0"
                    VPOS="2271.0"
                    WIDTH="2525.0"
                    HEIGHT="160.0">
            <Shape><Polygon POINTS="332 2390 332 2431 2853 2431 2853 2382 2845 2316 2077 2316 2061 2304 2011 2271 2007 2271 2003 2271 1999 2271 1162 2275 1157 2275 1153 2275 1153 2280 1137 2296 1112 2321 1005 2321 981 2292 964 2280 964 2275 960 2275 956 2275 689 2275 685 2275 681 2275 677 2275 677 2280 665 2288 632 2316 328 2288 332 2390"/></Shape>
	    <String CONTENT="l’ocean Pacifique A VELO GRÂCE A L’ESPERANTO."
                    HPOS="328.0"
                    VPOS="2271.0"
                    WIDTH="2525.0"
                    HEIGHT="160.0"></String>
          </TextLine>

          
          
          <TextLine ID="eSc_line_4308304b"
                    TAGREFS="LT2525"
                    BASELINE="741 2627 2779 2627" 
                    HPOS="739.0"
                    VPOS="2522.0"
                    WIDTH="2036.0"
                    HEIGHT="155.0">
            <Shape><Polygon POINTS="739 2624 739 2677 2775 2677 2775 2624 2771 2522 2590 2558 2048 2563 1215 2563 1120 2522 1116 2522 1112 2522 1108 2522 739 2522 739 2624"/></Shape>
	    <String CONTENT="OÙ &gt;AISJ&lt;. AIS-JE FINI MON VOYAGE ?"
                    HPOS="739.0"
                    VPOS="2522.0"
                    WIDTH="2036.0"
                    HEIGHT="155.0"></String>
          </TextLine>

          
          
          <TextLine ID="eSc_line_9b074d53"
                    TAGREFS="LT2525"
                    BASELINE="582 2799 812 2785 2831 2777" 
                    HPOS="574.0"
                    VPOS="2657.0"
                    WIDTH="2255.0"
                    HEIGHT="188.0">
            <Shape><Polygon POINTS="578 2796 578 2825 595 2841 599 2841 603 2841 607 2841 611 2841 685 2817 689 2817 903 2817 907 2817 936 2841 936 2845 940 2845 944 2845 948 2845 1063 2821 1067 2821 1071 2821 1186 2845 1190 2845 1194 2845 1276 2821 1297 2817 1301 2821 1318 2837 1322 2837 1326 2837 1330 2837 1334 2837 1371 2825 1391 2817 1486 2825 1662 2841 1667 2841 1728 2829 1794 2813 1946 2829 1991 2833 1995 2833 2057 2829 2348 2813 2389 2833 2389 2837 2393 2837 2397 2837 2402 2837 2430 2833 2582 2813 2640 2837 2644 2837 2648 2841 2829 2841 2829 2776 2820 2673 2619 2657 2615 2657 2611 2657 2607 2657 2590 2673 2558 2702 2196 2702 2102 2673 2069 2661 2065 2661 2061 2661 2057 2661 2053 2661 2040 2673 2024 2681 1469 2673 1096 2665 1092 2665 1088 2665 1083 2665 1079 2673 1059 2690 1005 2673 1001 2673 997 2673 993 2673 989 2673 989 2677 952 2710 689 2710 652 2677 652 2673 648 2673 644 2673 574 2673 578 2796"/></Shape>
	    <String CONTENT="A mon point de Depart, c’est à dire mon village"
                    HPOS="574.0"
                    VPOS="2657.0"
                    WIDTH="2255.0"
                    HEIGHT="188.0"></String>
          </TextLine>

          
          
          <TextLine ID="eSc_line_0563082e"
                    TAGREFS="LT2525"
                    BASELINE="336 2944 2790 2947" 
                    HPOS="328.0"
                    VPOS="2829.0"
                    WIDTH="2460.0"
                    HEIGHT="181.0">
            <Shape><Polygon POINTS="332 2940 328 2997 574 2985 677 3001 710 3005 714 3005 718 3005 722 3005 726 3001 755 2985 833 3001 862 3005 866 3005 895 3001 985 2981 1042 3001 1059 3005 1063 3005 1067 3005 1112 3001 1227 2981 1281 2997 1301 3005 1305 3005 1309 3005 1313 3005 1318 3005 1318 3001 1322 2997 1338 2985 1486 2997 1502 2997 1506 2997 1515 2997 1625 2977 1868 2977 1901 2997 1913 3005 1917 3005 1921 3005 1925 3005 1929 3005 1962 2993 2024 2977 2098 2993 2151 3005 2155 3010 2389 3010 2389 3005 2393 3005 2438 2993 2496 2977 2779 2989 2788 2944 2783 2833 2122 2833 2118 2833 2114 2833 2110 2833 2110 2837 2073 2870 1970 2833 1966 2833 1962 2833 1958 2833 1954 2833 1954 2837 1913 2874 763 2874 714 2833 710 2833 706 2833 332 2829 332 2940"/></Shape>
	    <String CONTENT="natal de LAVARDAC EN GASCOGNE le 24 Juillet 1932"
                    HPOS="328.0"
                    VPOS="2829.0"
                    WIDTH="2460.0"
                    HEIGHT="181.0"></String>
          </TextLine>

          
          
          <TextLine ID="eSc_line_f7b25702"
                    TAGREFS="LT2525"
                    BASELINE="774 3193 1882 3187" 
                    HPOS="771.0"
                    VPOS="3059.0"
                    WIDTH="1109.0"
                    HEIGHT="164.0">
            <Shape><Polygon POINTS="771 3223 1876 3215 1880 3186 1872 3083 1515 3059 1511 3059 1424 3075 1396 3079 1350 3075 1281 3067 1276 3067 1272 3067 1256 3075 1170 3112 849 3112 776 3067 771 3190 771 3223"/></Shape>
	    <String CONTENT="BUTS ET MOYENS"
                    HPOS="771.0"
                    VPOS="3059.0"
                    WIDTH="1109.0"
                    HEIGHT="164.0"></String>
          </TextLine>

          
          
          <TextLine ID="eSc_line_091b1b43"
                    TAGREFS="LT2525"
                    BASELINE="366 3346 916 3335 2867 3343" 
                    HPOS="361.0"
                    VPOS="3215.0"
                    WIDTH="2505.0"
                    HEIGHT="192.0">
            <Shape><Polygon POINTS="365 3342 361 3383 669 3370 726 3387 776 3399 780 3399 784 3399 788 3399 792 3399 812 3387 833 3374 849 3383 870 3395 874 3395 878 3395 882 3395 886 3395 899 3383 915 3370 993 3383 1026 3387 1030 3387 1059 3383 1153 3366 1457 3379 1979 3403 1983 3403 1987 3403 1991 3403 1991 3399 2020 3374 2028 3370 2044 3374 2135 3395 2139 3395 2143 3395 2147 3395 2147 3391 2167 3374 2172 3370 2266 3370 2270 3370 2336 3403 2340 3403 2344 3403 2348 3403 2406 3374 2471 3403 2475 3403 2480 3407 2767 3407 2767 3403 2771 3403 2861 3366 2866 3342 2857 3264 2373 3264 2348 3251 2303 3223 2299 3223 2295 3223 2291 3223 2287 3223 2282 3223 2282 3227 2254 3251 2241 3268 1810 3268 1790 3243 1777 3235 1777 3231 1773 3231 1769 3231 1564 3219 1560 3219 1276 3235 1227 3235 1182 3231 1010 3215 1005 3215 1001 3215 997 3215 981 3227 973 3235 911 3227 808 3215 804 3215 800 3215 767 3227 730 3235 673 3223 628 3215 624 3215 570 3223 435 3243 365 3219 365 3342"/></Shape>
	    <String CONTENT="M’instruire, étudier les causes des guerres modernes, propager"
                    HPOS="361.0"
                    VPOS="3215.0"
                    WIDTH="2505.0"
                    HEIGHT="192.0"></String>
          </TextLine>

          
          
          <TextLine ID="eSc_line_576ec023"
                    TAGREFS="LT2525"
                    BASELINE="347 3504 2779 3491" 
                    HPOS="340.0"
                    VPOS="3379.0"
                    WIDTH="2435.0"
                    HEIGHT="184.0">
            <Shape><Polygon POINTS="344 3502 349 3563 427 3534 505 3563 513 3563 517 3563 521 3563 525 3563 529 3563 591 3530 981 3530 1014 3551 1018 3551 1022 3551 1026 3551 1149 3534 1174 3551 1182 3559 1186 3559 1190 3559 1194 3559 1198 3559 1231 3551 1313 3530 1860 3530 1872 3543 1892 3559 1896 3559 1901 3559 1905 3559 2024 3539 2106 3526 2418 3526 2426 3534 2451 3551 2451 3555 2455 3555 2459 3555 2463 3555 2771 3526 2775 3489 2767 3424 2611 3424 2611 3420 2517 3379 2512 3379 2508 3379 2504 3379 2414 3420 2406 3424 1888 3424 1876 3411 1843 3383 1843 3379 1839 3379 1835 3379 1831 3379 1827 3379 1823 3379 1777 3411 1757 3428 1412 3428 1396 3407 1367 3383 1367 3379 1363 3379 1359 3379 1354 3379 340 3395 344 3502"/></Shape>
	    <String CONTENT="l’idée d’ une fraternisation universelle grâce à une langue"
                    HPOS="340.0"
                    VPOS="3379.0"
                    WIDTH="2435.0"
                    HEIGHT="184.0"></String>
          </TextLine>

          
          
          <TextLine ID="eSc_line_47cf5c2d"
                    TAGREFS="LT2526"
                    BASELINE="788 3581 1201 3578" 
                    HPOS="780.0"
                    VPOS="3518.0"
                    WIDTH="418.0"
                    HEIGHT="103.0">
            <Shape><Polygon POINTS="784 3621 1194 3621 1198 3575 1186 3518 780 3518 784 3580"/></Shape>
	    <String CONTENT="NEUTRE ET"
                    HPOS="780.0"
                    VPOS="3518.0"
                    WIDTH="418.0"
                    HEIGHT="103.0"></String>
          </TextLine>

          
          
          <TextLine ID="eSc_line_abde1b6d"
                    TAGREFS="LT2525"
                    BASELINE="350 3663 1950 3657" 
                    HPOS="344.0"
                    VPOS="3555.0"
                    WIDTH="1602.0"
                    HEIGHT="156.0">
            <Shape><Polygon POINTS="1001 3580 960 3580 927 3580 870 3592 841 3580 837 3580 796 3580 784 3559 784 3559 763 3567 714 3588 677 3567 661 3559 656 3559 652 3559 344 3559 349 3662 349 3711 1942 3703 1946 3653 1933 3588 1502 3588 1469 3580 1400 3555 1396 3555 1391 3555 1387 3555 1383 3555 1359 3575 1338 3592 1231 3575 1223 3575 1219 3575 1215 3575 1096 3596 1022 3580 1001 3580"/></Shape>
	    <String CONTENT="internationale ⋎ RECENTE : L’ ESPERANTO."
                    HPOS="344.0"
                    VPOS="3555.0"
                    WIDTH="1602.0"
                    HEIGHT="156.0"></String>
          </TextLine>

          
          
          <TextLine ID="eSc_line_17799f39"
                    TAGREFS="LT2525"
                    BASELINE="681 3821 2804 3821" 
                    HPOS="677.0"
                    VPOS="3711.0"
                    WIDTH="2123.0"
                    HEIGHT="151.0">
            <Shape><Polygon POINTS="677 3817 677 3862 2800 3854 2800 3817 2800 3711 2451 3711 2447 3711 2443 3711 2438 3711 2377 3760 2131 3760 2102 3735 2098 3735 2094 3735 2089 3735 2085 3735 2081 3735 2081 3739 2061 3760 1420 3760 1379 3719 1379 3715 1375 3715 1371 3715 1194 3711 1182 3711 1178 3711 1174 3711 1170 3711 1116 3756 891 3756 677 3711 677 3817"/></Shape>
	    <String CONTENT="Servir mes frères TRAVAILLEURS du monde entier"
                    HPOS="677.0"
                    VPOS="3711.0"
                    WIDTH="2123.0"
                    HEIGHT="151.0"></String>
          </TextLine>

          
          
          <TextLine ID="eSc_line_5bd33b11"
                    TAGREFS="LT2526"
                    BASELINE="2372 3901 2571 3895" 
                    HPOS="2365.0"
                    VPOS="3834.0"
                    WIDTH="205.0"
                    HEIGHT="102.0">
            <Shape><Polygon POINTS="2369 3936 2570 3936 2570 3891 2562 3834 2365 3834 2369 3899"/></Shape>
	    <String CONTENT="leur"
                    HPOS="2365.0"
                    VPOS="3834.0"
                    WIDTH="205.0"
                    HEIGHT="102.0"></String>
          </TextLine>

          
          
          <TextLine ID="eSc_line_69d41236"
                    TAGREFS="LT2525"
                    BASELINE="352 3980 2727 3966" 
                    HPOS="344.0"
                    VPOS="3854.0"
                    WIDTH="2382.0"
                    HEIGHT="185.0">
            <Shape><Polygon POINTS="2521 3895 2480 3895 2438 3899 2397 3899 2393 3895 2282 3895 2237 3862 2225 3854 2221 3854 2217 3854 1782 3854 1777 3854 1773 3854 1736 3867 1708 3875 1634 3867 1519 3854 1515 3854 1511 3854 1506 3854 1490 3867 1445 3899 1240 3899 1186 3871 1182 3871 1178 3871 1174 3871 1170 3871 1125 3903 1001 3903 960 3871 948 3858 944 3858 940 3858 936 3858 344 3871 349 3977 349 4039 500 4010 661 4010 685 4031 685 4035 689 4035 693 4035 698 4039 985 4039 985 4035 989 4035 993 4035 997 4031 1022 4014 1042 4031 1047 4035 1051 4035 1055 4035 1059 4035 1092 4031 1223 4006 1457 4027 1539 4031 1543 4035 1765 4035 1765 4031 1769 4031 1773 4031 1773 4027 1782 4022 1794 4010 1843 4018 1905 4031 1909 4031 1913 4031 1962 4018 2032 4002 2246 4014 2455 4027 2459 4027 2463 4027 2492 4010 2504 4006 2517 4010 2553 4027 2558 4027 2562 4027 2566 4027 2570 4027 2570 4022 2586 4010 2590 4006 2718 4006 2726 3965 2709 3862 2648 3895 2562 3895 2521 3895"/></Shape>
	    <String CONTENT="par la publication d’ un récit fait par un des &gt;&lt;, et"
                    HPOS="344.0"
                    VPOS="3854.0"
                    WIDTH="2382.0"
                    HEIGHT="185.0"></String>
          </TextLine>

          
          
          <TextLine ID="eSc_line_75af980e"
                    TAGREFS="LT2525"
                    BASELINE="347 4136 2785 4130" 
                    HPOS="340.0"
                    VPOS="4018.0"
                    WIDTH="2443.0"
                    HEIGHT="177.0">
            <Shape><Polygon POINTS="344 4133 349 4195 427 4166 640 4186 644 4186 837 4170 862 4191 866 4191 870 4191 874 4191 878 4191 886 4191 985 4166 1120 4186 1153 4191 1157 4191 1162 4191 1166 4191 1166 4186 1170 4186 1186 4170 1461 4170 1482 4182 1490 4191 1494 4191 1498 4191 1502 4191 2779 4166 2783 4129 2775 4031 2480 4018 2475 4018 2471 4018 2467 4018 2447 4035 2406 4059 2122 4059 2098 4039 2077 4018 2073 4018 2069 4018 1753 4018 1749 4018 1745 4018 1740 4018 1712 4043 1691 4059 1642 4059 1630 4043 1605 4022 1605 4018 1601 4018 1597 4018 1498 4018 1494 4018 1490 4018 1486 4018 1486 4022 1457 4047 1445 4059 1322 4059 1305 4047 1260 4018 1256 4018 1252 4018 710 4018 706 4018 702 4018 574 4059 340 4059 344 4133"/></Shape>
	    <String CONTENT="mis à leur portée, d’une façon la plus compréhensible"
                    HPOS="340.0"
                    VPOS="4018.0"
                    WIDTH="2443.0"
                    HEIGHT="177.0"></String>
          </TextLine>

          
          
          <TextLine ID="eSc_line_71b03fde"
                    TAGREFS="LT2525"
                    BASELINE="358 4297 2484 4297" 
                    HPOS="357.0"
                    VPOS="4186.0"
                    WIDTH="2123.0"
                    HEIGHT="177.0">
            <Shape><Polygon POINTS="357 4293 361 4363 463 4334 648 4359 656 4359 661 4359 665 4359 669 4359 710 4334 886 4334 969 4355 1022 4363 1026 4363 1100 4350 1223 4330 1268 4350 1301 4363 1305 4363 1309 4363 1387 4346 1465 4330 1724 4342 2204 4363 2209 4363 2213 4363 2217 4363 2262 4330 2270 4330 2480 4330 2480 4293 2480 4240 2344 4215 2340 4215 2336 4215 2332 4215 2311 4232 2262 4191 2262 4186 2258 4186 2254 4186 1979 4186 1975 4186 1970 4186 1966 4186 1909 4227 1905 4232 1896 4227 1884 4215 1880 4215 1876 4215 1872 4215 1818 4227 1773 4236 1745 4223 1716 4215 1712 4215 1708 4215 1613 4223 1465 4236 1428 4219 1359 4186 1354 4186 1350 4186 1346 4186 1289 4215 1252 4236 993 4215 989 4215 985 4215 981 4215 981 4219 960 4240 706 4240 677 4207 656 4191 656 4186 652 4186 648 4186 644 4186 357 4199 357 4293"/></Shape>
	    <String CONTENT="possible, sans grands mots ni vaines périphrases."
                    HPOS="357.0"
                    VPOS="4186.0"
                    WIDTH="2123.0"
                    HEIGHT="177.0"></String>
          </TextLine>

          
          
          <TextLine ID="eSc_line_f798f8c4"
                    TAGREFS="LT2525"
                    BASELINE="681 4458 2109 4456 2886 4431" 
                    HPOS="673.0"
                    VPOS="4326.0"
                    WIDTH="2209.0"
                    HEIGHT="168.0">
            <Shape><Polygon POINTS="677 4457 677 4494 2882 4494 2882 4428 2861 4326 2829 4350 2804 4330 2800 4330 2796 4330 2751 4330 2451 4330 2447 4330 2332 4334 1868 4355 1531 4346 1400 4342 1396 4342 1342 4346 1108 4375 673 4359 677 4457"/></Shape>
	    <String CONTENT="Les amuser en les instruisant, surtout les jeunes"
                    HPOS="673.0"
                    VPOS="4326.0"
                    WIDTH="2209.0"
                    HEIGHT="168.0"></String>
          </TextLine>

          
          
          <TextLine ID="eSc_line_5f5da7b9"
                    TAGREFS="LT2525"
                    BASELINE="506 4623 2796 4601" 
                    HPOS="500.0"
                    VPOS="4498.0"
                    WIDTH="2292.0"
                    HEIGHT="193.0">
            <Shape><Polygon POINTS="505 4621 505 4662 620 4662 648 4687 648 4691 652 4691 656 4691 661 4691 862 4658 886 4658 993 4658 997 4658 1022 4683 1022 4687 1026 4687 1030 4687 1034 4691 1190 4691 1190 4687 1194 4687 1252 4658 1268 4654 1285 4658 1342 4683 1346 4683 1350 4683 1547 4658 1646 4650 1687 4658 1749 4679 1753 4679 1757 4679 1909 4658 1999 4650 2048 4658 2106 4674 2110 4674 2114 4674 2217 4658 2262 4654 2274 4658 2295 4670 2299 4670 2303 4670 2307 4670 2311 4670 2324 4658 2344 4646 2402 4658 2443 4670 2447 4670 2451 4670 2512 4658 2590 4646 2788 4658 2792 4597 2779 4539 2069 4539 2048 4531 2007 4498 2003 4498 1999 4498 1892 4498 1888 4498 1884 4498 1880 4498 1880 4502 1851 4527 1835 4547 1658 4547 1617 4523 1572 4502 1568 4502 1564 4502 1560 4502 1556 4502 1556 4506 1535 4523 1511 4551 1420 4551 1334 4523 1272 4502 1268 4502 1264 4502 1075 4506 1071 4506 1067 4506 1067 4510 1055 4519 1030 4547 989 4527 985 4527 981 4527 977 4527 866 4556 825 4515 821 4515 821 4510 817 4510 812 4510 808 4510 500 4510 505 4621"/></Shape>
	    <String CONTENT="Leur faire comprendre par des exemples VÉCUS que rien"
                    HPOS="500.0"
                    VPOS="4498.0"
                    WIDTH="2292.0"
                    HEIGHT="193.0"></String>
          </TextLine>

          
          
          <TextLine ID="eSc_line_0411510f"
                    TAGREFS="LT2525"
                    BASELINE="394 4773 2019 4759" 
                    HPOS="385.0"
                    VPOS="4658.0"
                    WIDTH="1631.0"
                    HEIGHT="238.0">
            <Shape><Polygon POINTS="390 4769 390 4896 2011 4888 2016 4756 2007 4695 1884 4695 1855 4666 1855 4662 1851 4662 1847 4662 1515 4658 1511 4658 1120 4662 1116 4662 1047 4695 714 4666 710 4666 706 4666 702 4666 644 4703 385 4703 390 4769"/></Shape>
	    <String CONTENT="sur notre terre, n’est gagné d’avance."
                    HPOS="385.0"
                    VPOS="4658.0"
                    WIDTH="1631.0"
                    HEIGHT="238.0"></String>
          </TextLine>

          
        </TextBlock>
        
        <TextBlock HPOS="2581.0"
                   VPOS="138.0"
                   WIDTH="306.0"
                   HEIGHT="215.0"
                   ID="eSc_textblock_30f40743"
                   TAGREFS="BT7524">
          <Shape><Polygon POINTS="2581 138 2581 353 2887 353 2887 138"/></Shape>
          
          
          <TextLine ID="eSc_line_c8dd58d3"
                    TAGREFS="LT2525"
                    BASELINE="2655 265 2807 254" 
                    HPOS="2627.0"
                    VPOS="8.0"
                    WIDTH="177.0"
                    HEIGHT="287.0">
            <Shape><Polygon POINTS="2652 262 2652 295 2804 278 2804 250 2779 8 2627 8 2652 262"/></Shape>
	    <String CONTENT="6"
                    HPOS="2627.0"
                    VPOS="8.0"
                    WIDTH="177.0"
                    HEIGHT="287.0"></String>
          </TextLine>

          
        </TextBlock>
        

        
      </PrintSpace>
    </Page>
  </Layout>
</alto>
