<?xml version="1.0" encoding="UTF-8"?>
<alto xmlns:xsi="http://www.w3.org/2001/XMLSchema-instance"
      xmlns="http://www.loc.gov/standards/alto/ns-v4#"
      xsi:schemaLocation="http://www.loc.gov/standards/alto/ns-v4# http://www.loc.gov/standards/alto/v4/alto-4-2.xsd">
  <Description>
    <MeasurementUnit>pixel</MeasurementUnit>
    <sourceImageInformation>
      <fileName>D.2.eurasie-3-4_0017.jpg</fileName>
      
    </sourceImageInformation>
  </Description>
  
  <Tags>
    <OtherTag ID="BT7525" LABEL="MarginTextZone" DESCRIPTION="block type MarginTextZone"/><OtherTag ID="BT7524" LABEL="NumberingZone" DESCRIPTION="block type NumberingZone"/><OtherTag ID="BT7523" LABEL="MainZone" DESCRIPTION="block type MainZone"/>
    <OtherTag ID="LT2526" LABEL="InterlinearLine" DESCRIPTION="line type InterlinearLine"/><OtherTag ID="LT2525" LABEL="DefaultLine" DESCRIPTION="line type DefaultLine"/>
  </Tags>
  
  <Layout>
    <Page WIDTH="2971"
          HEIGHT="4850"
          PHYSICAL_IMG_NR="53"
          ID="eSc_dummypage_">
      <PrintSpace HPOS="0"
                  VPOS="0"
                  WIDTH="2971"
                  HEIGHT="4850">
        
        <TextBlock HPOS="156.0"
                   VPOS="77.0"
                   WIDTH="2745.0"
                   HEIGHT="4708.0"
                   ID="eSc_textblock_d2109a84"
                   TAGREFS="BT7523">
          <Shape><Polygon POINTS="169 81 156 4785 2901 4767 2873 520 2489 475 2498 77"/></Shape>
          
          
          <TextLine ID="eSc_line_b4c5d85a"
                    TAGREFS="LT2525"
                    BASELINE="466 223 1547 223 2313 204" 
                    HPOS="463.0"
                    VPOS="126.0"
                    WIDTH="1850.0"
                    HEIGHT="159.0">
            <Shape><Polygon POINTS="2243 132 2216 129 2189 129 2167 126 1922 129 1919 129 1916 129 1884 150 1852 169 1579 169 1472 164 1461 156 1436 134 1434 134 1431 134 1407 134 1380 134 1353 137 1326 137 1299 137 1272 137 1242 158 1229 167 1153 158 1121 156 1118 156 1116 156 1113 156 1113 158 1110 158 1094 175 1059 158 1048 156 1046 156 1043 156 1040 156 1037 156 1037 158 1035 161 1016 177 967 177 943 161 924 148 922 148 903 148 876 161 849 177 709 177 692 164 679 153 679 153 652 156 628 156 606 164 568 156 544 158 517 158 490 158 469 158 463 161 466 223 466 261 768 253 779 258 795 272 798 272 800 272 803 272 806 272 808 272 830 258 841 250 851 258 878 280 881 280 884 280 886 280 889 280 959 258 973 253 975 258 1008 285 1011 285 1013 285 1016 285 1234 282 1237 282 1240 282 1261 264 1288 282 1291 282 1294 282 1296 285 1407 285 1407 282 1410 282 1482 253 1493 247 1720 247 1728 250 1787 269 1790 269 1792 269 1795 269 1860 247 1881 242 2078 242 2086 245 2146 274 2148 274 2151 277 2199 277 2199 274 2202 274 2313 242 2313 204 2302 145 2272 156 2259 145 2243 132 2243 132"/></Shape>
	    <String CONTENT="Quand à l’équipage feminin, ce n’était pas"
                    HPOS="463.0"
                    VPOS="126.0"
                    WIDTH="1850.0"
                    HEIGHT="159.0"></String>
          </TextLine>

          
          
          <TextLine ID="eSc_line_7aa5ee3a"
                    TAGREFS="LT2525"
                    BASELINE="455 382 1609 374 1644 377 2388 366" 
                    HPOS="448.0"
                    VPOS="266.0"
                    WIDTH="1936.0"
                    HEIGHT="150.0">
            <Shape><Polygon POINTS="452 379 452 416 2384 412 2384 363 2372 266 2118 307 1778 307 1738 282 1709 270 1705 270 1701 270 1527 274 1523 274 1487 291 1447 307 1346 295 1212 278 1208 278 1204 278 1200 278 1200 282 1180 299 1168 315 1067 315 1059 303 1034 282 1034 278 1030 278 1026 278 869 278 865 278 860 278 784 311 772 319 448 319 452 379"/></Shape>
	    <String CONTENT="encore rentré dans les moeurs françaises en 1979."
                    HPOS="448.0"
                    VPOS="266.0"
                    WIDTH="1936.0"
                    HEIGHT="150.0"></String>
          </TextLine>

          
          
          <TextLine ID="eSc_line_1b237acb"
                    TAGREFS="LT2525"
                    BASELINE="361 630 631 627" 
                    HPOS="359.0"
                    VPOS="513.0"
                    WIDTH="271.0"
                    HEIGHT="186.0">
            <Shape><Polygon POINTS="359 626 359 674 565 699 569 699 573 699 630 670 630 626 626 513 359 513 359 626"/></Shape>
	    <String CONTENT="11/7."
                    HPOS="359.0"
                    VPOS="513.0"
                    WIDTH="271.0"
                    HEIGHT="186.0"></String>
          </TextLine>

          
          
          <TextLine ID="eSc_line_4db12bce"
                    TAGREFS="LT2525"
                    BASELINE="669 627 2593 608" 
                    HPOS="662.0"
                    VPOS="525.0"
                    WIDTH="1929.0"
                    HEIGHT="137.0">
            <Shape><Polygon POINTS="666 626 666 662 2586 650 2591 606 2582 545 2154 525 2150 525 2146 525 2110 541 2093 545 1770 537 1519 533 1515 533 1422 537 966 557 893 533 881 529 877 529 873 529 662 529 666 626"/></Shape>
	    <String CONTENT="VISITE D’UNE EXPLOITATION VINICOLE."
                    HPOS="662.0"
                    VPOS="525.0"
                    WIDTH="1929.0"
                    HEIGHT="137.0"></String>
          </TextLine>

          
          
          <TextLine ID="eSc_line_b991d5a3"
                    TAGREFS="LT2525"
                    BASELINE="644 784 2199 759 2790 767" 
                    HPOS="641.0"
                    VPOS="654.0"
                    WIDTH="2149.0"
                    HEIGHT="175.0">
            <Shape><Polygon POINTS="644 784 647 829 733 808 851 827 865 827 868 827 889 824 1046 805 1275 816 1285 816 1288 816 1291 816 1294 816 1310 802 1356 813 1358 813 1361 813 1453 800 1469 813 1477 819 1480 819 1482 819 1485 821 1547 821 1547 819 1550 819 1579 811 1625 797 1663 808 1690 816 1693 816 1695 816 1749 805 1814 792 2005 792 2051 800 2108 811 2110 811 2178 797 2194 794 2208 797 2267 808 2270 808 2272 808 2275 808 2291 794 2296 792 2315 794 2404 805 2407 805 2410 805 2461 792 2477 786 2491 789 2528 805 2531 805 2534 808 2679 808 2679 805 2682 805 2720 789 2752 802 2755 802 2758 802 2760 802 2763 802 2790 786 2790 767 2787 668 2633 654 2631 654 2628 654 2625 654 2609 668 2604 670 2526 668 2499 668 2496 668 2493 668 2491 668 2445 700 2267 700 2216 670 2197 660 2194 660 2054 660 2051 660 2048 660 2027 670 2022 673 1914 670 1862 670 1860 670 1857 670 1854 670 1817 703 1768 708 1544 708 1480 673 1469 668 1466 668 1463 668 1151 670 1070 673 1067 673 1064 673 1064 676 1011 716 862 719 779 719 706 676 703 676 700 676 698 676 641 676 644 784"/></Shape>
	    <String CONTENT="Bien que les Soviétiques soient des buveurs de thé,"
                    HPOS="641.0"
                    VPOS="654.0"
                    WIDTH="2149.0"
                    HEIGHT="175.0"></String>
          </TextLine>

          
          
          <TextLine ID="eSc_line_1c51fa60"
                    TAGREFS="LT2525"
                    BASELINE="407 934 2857 913" 
                    HPOS="407.0"
                    VPOS="813.0"
                    WIDTH="2450.0"
                    HEIGHT="167.0">
            <Shape><Polygon POINTS="1644 881 1639 864 1407 864 1388 854 1356 832 1353 832 1350 832 1043 827 1040 827 911 835 908 835 905 835 862 864 851 873 417 873 407 899 407 934 407 964 620 964 628 967 665 980 668 980 671 980 674 980 730 967 752 961 816 964 986 978 989 978 1164 975 1167 975 1170 975 1188 964 1197 959 1229 961 1321 975 1323 975 1326 975 1353 961 1366 953 1674 953 1695 959 1728 970 1730 970 1733 970 1736 970 1738 970 1755 959 1765 953 1830 959 1922 967 1924 967 1927 967 1965 959 1995 951 2024 959 2062 967 2065 967 2067 970 2186 970 2186 967 2189 967 2221 956 2251 948 2855 951 2857 913 2852 827 2604 813 2601 813 2598 813 2545 829 2240 821 2237 821 2159 835 2108 819 2105 819 2102 819 1938 821 1879 824 1876 824 1825 846 1787 864 1647 864 1644 881"/></Shape>
	    <String CONTENT="comme nous français, ils ne &quot; crachent &quot; pas sur le bon VIN."
                    HPOS="407.0"
                    VPOS="813.0"
                    WIDTH="2450.0"
                    HEIGHT="167.0"></String>
          </TextLine>

          
          
          <TextLine ID="eSc_line_4c46585d"
                    TAGREFS="LT2525"
                    BASELINE="622 1077 1011 1091 2741 1069" 
                    HPOS="622.0"
                    VPOS="972.0"
                    WIDTH="2119.0"
                    HEIGHT="167.0">
            <Shape><Polygon POINTS="622 1118 881 1139 884 1139 992 1118 1167 1128 1170 1128 1520 1112 1534 1112 1555 1128 1558 1128 1560 1128 1674 1131 1676 1131 1773 1110 1776 1110 1779 1110 1833 1128 1835 1128 1838 1128 1841 1128 1881 1115 2350 1118 2353 1118 2507 1104 2545 1102 2569 1104 2693 1120 2696 1120 2698 1120 2741 1102 2741 1069 2733 980 2404 986 2391 980 2372 972 2369 972 2367 972 2364 972 2361 972 2350 980 2340 986 2210 980 2167 980 2164 980 2154 980 2084 994 2043 980 2030 978 2027 978 2024 978 1989 983 1922 991 1803 983 1792 983 1790 983 1787 983 1784 983 1752 1005 1671 1007 1447 1007 1315 986 1299 983 1296 983 1226 986 865 999 622 988 622 1077 622 1118"/></Shape>
	    <String CONTENT="Et précisémment ils en produisent dans les régions"
                    HPOS="622.0"
                    VPOS="972.0"
                    WIDTH="2119.0"
                    HEIGHT="167.0"></String>
          </TextLine>

          
          
          <TextLine ID="eSc_line_aefbaecf"
                    TAGREFS="LT2525"
                    BASELINE="415 1258 2860 1228" 
                    HPOS="412.0"
                    VPOS="1131.0"
                    WIDTH="2448.0"
                    HEIGHT="178.0">
            <Shape><Polygon POINTS="2849 1131 2658 1139 2655 1139 2652 1139 2598 1177 2518 1177 2434 1139 2418 1134 2415 1134 2412 1134 2410 1134 2377 1142 2350 1147 2296 1145 2191 1137 2189 1137 2186 1137 2183 1137 2167 1147 2116 1182 1714 1182 1666 1161 1631 1145 1628 1145 1625 1145 1622 1145 1587 1161 1544 1185 1299 1177 1296 1177 1194 1190 1148 1174 1086 1150 1083 1150 1081 1150 660 1155 657 1155 655 1155 611 1188 598 1196 558 1188 496 1177 493 1177 412 1190 415 1258 415 1309 638 1279 684 1306 687 1306 690 1306 692 1309 857 1309 857 1306 897 1301 1094 1274 1175 1285 1178 1285 1604 1269 1722 1285 1725 1285 1809 1269 1889 1279 1892 1279 2067 1266 2102 1279 2113 1285 2116 1285 2119 1285 2121 1285 2132 1279 2156 1269 2218 1279 2248 1282 2251 1282 2275 1277 2326 1266 2369 1277 2410 1285 2412 1285 2474 1274 2561 1258 2596 1271 2628 1285 2631 1285 2633 1285 2857 1266 2860 1228 2857 1212 2849 1131"/></Shape>
	    <String CONTENT="qui s’y prêtent, comme dans ce vignoble bien exposé"
                    HPOS="412.0"
                    VPOS="1131.0"
                    WIDTH="2448.0"
                    HEIGHT="178.0"></String>
          </TextLine>

          
          
          <TextLine ID="eSc_line_5f0b3972"
                    TAGREFS="LT2525"
                    BASELINE="399 1411 2865 1395" 
                    HPOS="396.0"
                    VPOS="1290.0"
                    WIDTH="2469.0"
                    HEIGHT="175.0">
            <Shape><Polygon POINTS="399 1411 399 1465 482 1452 719 1460 803 1463 806 1463 808 1463 822 1457 905 1433 1143 1449 1145 1449 1288 1433 1312 1449 1315 1452 1318 1452 1321 1452 1323 1452 1339 1449 1377 1441 1407 1446 1450 1457 1453 1457 1455 1457 1458 1457 1474 1446 1496 1430 1668 1428 1720 1441 1722 1441 1725 1441 1733 1441 1881 1428 1911 1438 1935 1446 1938 1446 1941 1446 1992 1436 2040 1428 2146 1433 2270 1441 2272 1441 2421 1428 2501 1422 2520 1428 2590 1449 2593 1449 2596 1452 2698 1452 2698 1449 2701 1449 2747 1428 2784 1446 2787 1446 2790 1446 2793 1446 2865 1419 2865 1395 2857 1290 2288 1304 2261 1301 2175 1293 2172 1293 2170 1293 2167 1293 2151 1304 2110 1331 2035 1333 1951 1333 1914 1309 1900 1301 1897 1301 1895 1301 1803 1296 1800 1296 1542 1309 1291 1298 1288 1298 1213 1312 1102 1301 1099 1301 1097 1301 1040 1328 1029 1336 396 1341 399 1411"/></Shape>
	    <String CONTENT="aux rayons suds du soleil, situé sur la côte en pleine"
                    HPOS="396.0"
                    VPOS="1290.0"
                    WIDTH="2469.0"
                    HEIGHT="175.0"></String>
          </TextLine>

          
          
          <TextLine ID="eSc_line_5d2aeb57"
                    TAGREFS="LT2525"
                    BASELINE="396 1570 2771 1549" 
                    HPOS="393.0"
                    VPOS="1452.0"
                    WIDTH="2378.0"
                    HEIGHT="161.0">
            <Shape><Polygon POINTS="396 1570 396 1600 714 1592 773 1600 892 1613 895 1613 897 1613 957 1597 989 1589 1081 1597 1245 1611 1248 1611 1250 1611 1253 1611 1277 1595 1285 1589 1663 1584 1768 1592 1903 1603 1906 1605 2084 1605 2084 1603 2086 1603 2121 1589 2135 1584 2143 1589 2159 1600 2162 1600 2164 1600 2167 1600 2170 1600 2172 1600 2186 1589 2199 1581 2267 1589 2329 1595 2332 1595 2447 1587 2545 1581 2555 1587 2571 1597 2574 1597 2577 1597 2580 1597 2768 1584 2771 1549 2766 1457 1698 1452 1695 1452 1693 1452 1614 1479 1577 1492 1385 1492 1366 1484 1321 1465 1318 1465 1315 1465 1312 1465 1275 1484 1259 1495 997 1495 989 1490 948 1468 946 1468 806 1460 803 1460 674 1468 671 1468 668 1468 622 1498 620 1500 393 1500 396 1570"/></Shape>
	    <String CONTENT="mer Noire [ Par opposition à la rade, qui est enclavée plus"
                    HPOS="393.0"
                    VPOS="1452.0"
                    WIDTH="2378.0"
                    HEIGHT="161.0"></String>
          </TextLine>

          
          
          <TextLine ID="eSc_line_af8acab8"
                    TAGREFS="LT2525"
                    BASELINE="399 1724 2736 1705" 
                    HPOS="396.0"
                    VPOS="1603.0"
                    WIDTH="2340.0"
                    HEIGHT="164.0">
            <Shape><Polygon POINTS="399 1724 399 1751 687 1751 690 1751 711 1767 714 1767 717 1767 719 1767 722 1767 768 1751 803 1767 806 1767 808 1767 811 1767 862 1751 870 1748 884 1748 943 1759 946 1759 1140 1748 1197 1746 1210 1748 1283 1764 1285 1764 1288 1764 1323 1748 1326 1746 1353 1746 1536 1762 1539 1762 1649 1746 1652 1746 1658 1746 1730 1759 1733 1759 1736 1759 1771 1746 1776 1743 1798 1746 1889 1754 1892 1754 1895 1754 1919 1743 1927 1740 1946 1743 2022 1759 2024 1759 2027 1759 2062 1743 2067 1740 2100 1743 2240 1756 2243 1756 2733 1737 2736 1705 2731 1619 2415 1605 2412 1605 2410 1605 2383 1619 2299 1603 2296 1603 2294 1603 2261 1616 2224 1603 2221 1603 2218 1603 2030 1624 2008 1627 1968 1627 1547 1608 1544 1608 1542 1608 1539 1608 1517 1622 1156 1611 1153 1611 924 1630 800 1613 798 1613 795 1613 725 1632 690 1616 687 1616 684 1616 682 1616 679 1616 641 1640 641 1643 396 1643 399 1724"/></Shape>
	    <String CONTENT="au nord, et autour de laquelle s’est batie le port et la"
                    HPOS="396.0"
                    VPOS="1603.0"
                    WIDTH="2340.0"
                    HEIGHT="164.0"></String>
          </TextLine>

          
          
          <TextLine ID="eSc_line_10cf4fba"
                    TAGREFS="LT2525"
                    BASELINE="409 1878 2555 1875" 
                    HPOS="407.0"
                    VPOS="1783.0"
                    WIDTH="2148.0"
                    HEIGHT="146.0">
            <Shape><Polygon POINTS="409 1878 409 1929 571 1904 652 1904 714 1926 717 1926 719 1926 722 1926 725 1926 757 1904 870 1926 873 1926 876 1929 1191 1929 1191 1926 1194 1926 1199 1926 1248 1910 1399 1921 1401 1921 1404 1921 1442 1904 1496 1923 1507 1926 1509 1926 1512 1929 1612 1929 1612 1926 1614 1926 1617 1926 1620 1923 1647 1904 1760 1918 1763 1918 1876 1904 1900 1921 1908 1926 1911 1926 1914 1926 1916 1926 1919 1926 1935 1921 1981 1904 2086 1918 2089 1918 2167 1904 2550 1915 2555 1875 2550 1783 2493 1783 2491 1783 2488 1783 2485 1783 2431 1821 2345 1821 2186 1794 2183 1794 2181 1794 2178 1794 2156 1810 2089 1799 2086 1799 2084 1799 2081 1799 2040 1829 1976 1829 1933 1805 1930 1805 1927 1805 1924 1805 1922 1805 1884 1829 1803 1829 1685 1802 1682 1802 1679 1802 1676 1802 1641 1829 1294 1829 1250 1807 1199 1783 1197 1783 760 1783 757 1783 754 1783 752 1783 706 1818 698 1821 644 1818 442 1807 439 1807 436 1807 407 1818 409 1878"/></Shape>
	    <String CONTENT="zone industrielle ] [ Dans un rayon de 10 Km, un contraste saisissant ]"
                    HPOS="407.0"
                    VPOS="1783.0"
                    WIDTH="2148.0"
                    HEIGHT="146.0"></String>
          </TextLine>

          
          
          <TextLine ID="eSc_line_036c6315"
                    TAGREFS="LT2525"
                    BASELINE="806 2037 2833 2020" 
                    HPOS="803.0"
                    VPOS="1915.0"
                    WIDTH="2030.0"
                    HEIGHT="165.0">
            <Shape><Polygon POINTS="806 2037 806 2066 935 2061 975 2066 1059 2080 1062 2080 1064 2080 1067 2080 1089 2066 1097 2061 1140 2066 1215 2074 1218 2074 1221 2074 1223 2074 1237 2063 1250 2058 1348 2063 1472 2072 1474 2072 1477 2072 1507 2063 1534 2055 1555 2063 1585 2074 1587 2074 1590 2077 1714 2077 1714 2074 1717 2074 1720 2074 1736 2061 1744 2055 1779 2061 1844 2072 1846 2072 1849 2072 1873 2061 1892 2053 1959 2053 1976 2061 1997 2072 2000 2072 2003 2072 2065 2058 2086 2055 2105 2058 2151 2069 2154 2069 2156 2069 2189 2058 2208 2053 2234 2058 2286 2069 2288 2069 2353 2058 2383 2053 2410 2058 2480 2069 2483 2069 2485 2069 2520 2055 2539 2050 2830 2053 2833 2020 2830 1931 2774 1915 2771 1915 2768 1915 2766 1915 2720 1929 2429 1915 2426 1915 2261 1929 2156 1915 2154 1915 2151 1915 2100 1934 2027 1918 2024 1918 1930 1937 1924 1937 1919 1937 1819 1918 1817 1918 1755 1921 1752 1921 1714 1940 1663 1966 1237 1966 1183 1942 1164 1934 1161 1934 1159 1934 1156 1934 1153 1934 1143 1942 1102 1972 919 1972 876 1945 846 1926 843 1926 841 1926 838 1926 835 1926 803 1940 806 2037"/></Shape>
	    <String CONTENT="comme dans nos vignobles bordelais, le vignoble"
                    HPOS="803.0"
                    VPOS="1915.0"
                    WIDTH="2030.0"
                    HEIGHT="165.0"></String>
          </TextLine>

          
          
          <TextLine ID="eSc_line_62df205c"
                    TAGREFS="LT2525"
                    BASELINE="409 2195 1485 2190 1536 2187 2682 2182" 
                    HPOS="404.0"
                    VPOS="2061.0"
                    WIDTH="2275.0"
                    HEIGHT="170.0">
            <Shape><Polygon POINTS="408 2194 408 2231 2675 2214 2679 2178 2667 2105 2603 2105 2599 2101 2558 2069 2554 2069 2550 2069 2271 2061 2267 2061 1899 2065 1895 2065 1891 2065 1843 2097 1823 2113 1305 2113 1265 2097 1216 2073 1212 2073 1208 2073 404 2089 408 2194"/></Shape>
	    <String CONTENT="est dominé et régi par &quot; SON CHÂTEAU &quot;. Avant la"
                    HPOS="404.0"
                    VPOS="2061.0"
                    WIDTH="2275.0"
                    HEIGHT="170.0"></String>
          </TextLine>

          
          
          <TextLine ID="eSc_line_431a03c1"
                    TAGREFS="LT2525"
                    BASELINE="401 2352 2833 2330" 
                    HPOS="399.0"
                    VPOS="2236.0"
                    WIDTH="2434.0"
                    HEIGHT="162.0">
            <Shape><Polygon POINTS="2340 2284 2337 2279 2218 2284 1989 2284 1957 2268 1908 2247 1906 2247 1819 2239 1817 2239 1574 2252 1318 2241 1315 2241 1207 2257 1070 2244 1067 2244 1064 2244 1035 2257 962 2295 714 2295 601 2252 590 2249 587 2249 585 2249 399 2249 401 2352 401 2389 736 2376 784 2387 830 2398 833 2398 835 2398 870 2387 897 2376 1126 2373 1167 2384 1210 2395 1213 2395 1215 2395 1218 2395 1259 2381 1291 2373 1439 2381 1525 2384 1528 2384 1585 2379 1695 2368 1790 2376 1916 2389 1919 2389 2178 2387 2181 2387 2218 2373 2248 2363 2315 2371 2407 2384 2410 2384 2507 2371 2526 2368 2528 2371 2547 2381 2550 2381 2553 2381 2555 2381 2558 2381 2590 2368 2601 2365 2612 2368 2652 2381 2655 2381 2658 2381 2660 2381 2687 2368 2696 2365 2830 2365 2833 2330 2828 2279 2615 2279 2612 2276 2531 2236 2528 2236 2526 2236 2523 2236 2456 2274 2447 2279 2356 2279 2340 2284"/></Shape>
	    <String CONTENT="Révolution ce chateau était habité par un &quot;maitre&quot;, un"
                    HPOS="399.0"
                    VPOS="2236.0"
                    WIDTH="2434.0"
                    HEIGHT="162.0"></String>
          </TextLine>

          
          
          <TextLine ID="eSc_line_33b10c0d"
                    TAGREFS="LT2525"
                    BASELINE="401 2511 2685 2497" 
                    HPOS="399.0"
                    VPOS="2406.0"
                    WIDTH="2286.0"
                    HEIGHT="156.0">
            <Shape><Polygon POINTS="401 2511 401 2562 509 2559 512 2559 558 2535 603 2548 606 2548 609 2548 703 2540 733 2559 736 2559 738 2559 741 2559 744 2559 749 2559 798 2543 838 2557 849 2559 851 2559 854 2559 857 2559 865 2557 927 2532 989 2532 1019 2554 1021 2557 1024 2557 1027 2557 1029 2559 1178 2559 1178 2557 1180 2557 1191 2551 1226 2532 1334 2530 1536 2530 1598 2546 1625 2551 1628 2551 1631 2551 1633 2551 1655 2543 1695 2530 1738 2543 1741 2543 1744 2543 1747 2543 1749 2543 1752 2543 1773 2527 2102 2527 2119 2538 2127 2543 2129 2543 2132 2543 2135 2543 2137 2543 2140 2543 2148 2538 2162 2527 2248 2535 2313 2540 2315 2540 2375 2532 2439 2524 2469 2532 2531 2548 2534 2548 2536 2548 2685 2527 2685 2497 2679 2406 2261 2406 2259 2406 2256 2406 2253 2406 2167 2446 2135 2433 2132 2433 2129 2433 2000 2449 1930 2430 1927 2430 1924 2430 1922 2430 1919 2430 1895 2446 1841 2430 1838 2430 1835 2430 1833 2430 1768 2449 1728 2430 1725 2430 1722 2430 1720 2430 1717 2430 1679 2454 1366 2454 1283 2414 1280 2414 1226 2414 1223 2414 1221 2414 1218 2414 1161 2449 927 2454 860 2433 857 2433 854 2433 851 2433 798 2457 633 2451 566 2416 563 2416 560 2416 558 2416 399 2416 401 2511"/></Shape>
	    <String CONTENT="hobereau, qui régnait en maitre ABSOLU sur ses serfs."
                    HPOS="399.0"
                    VPOS="2406.0"
                    WIDTH="2286.0"
                    HEIGHT="156.0"></String>
          </TextLine>

          
          
          <TextLine ID="eSc_line_274a3f30"
                    TAGREFS="LT2525"
                    BASELINE="752 2672 2766 2651" 
                    HPOS="749.0"
                    VPOS="2546.0"
                    WIDTH="2017.0"
                    HEIGHT="175.0">
            <Shape><Polygon POINTS="752 2672 752 2721 938 2718 940 2718 943 2718 1011 2691 1099 2691 1145 2713 1148 2713 1151 2713 1156 2713 1280 2689 1439 2689 1458 2702 1461 2702 1463 2702 1466 2702 1469 2702 1534 2686 1596 2702 1617 2707 1620 2707 1622 2707 1625 2707 1639 2702 1671 2683 1868 2683 1895 2697 1903 2699 1906 2699 1908 2699 1911 2699 1914 2699 1916 2694 1930 2683 1968 2694 1981 2697 1984 2697 1986 2697 1989 2697 2003 2694 2040 2680 2065 2691 2086 2702 2089 2702 2092 2702 2094 2702 2116 2691 2129 2705 2132 2705 2135 2705 2137 2707 2243 2707 2243 2705 2245 2705 2286 2686 2302 2680 2342 2686 2415 2694 2418 2694 2488 2680 2515 2678 2561 2680 2733 2691 2736 2691 2739 2691 2766 2675 2766 2651 2758 2589 2288 2589 2278 2583 2221 2548 2218 2548 2216 2548 2213 2548 2089 2562 2019 2546 2016 2546 2013 2546 1846 2559 1844 2559 1841 2559 1817 2581 1795 2597 1752 2600 1647 2600 1622 2578 1598 2559 1596 2559 1593 2559 1590 2559 1455 2570 1431 2554 1428 2554 1426 2554 1423 2554 749 2570 752 2672"/></Shape>
	    <String CONTENT="Aujourd’hui, le chateau est transformé en une"
                    HPOS="749.0"
                    VPOS="2546.0"
                    WIDTH="2017.0"
                    HEIGHT="175.0"></String>
          </TextLine>

          
          
          <TextLine ID="eSc_line_1d30677e"
                    TAGREFS="LT2525"
                    BASELINE="401 2834 1593 2818 1606 2821 2774 2810" 
                    HPOS="396.0"
                    VPOS="2691.0"
                    WIDTH="2376.0"
                    HEIGHT="210.0">
            <Shape><Polygon POINTS="400 2833 400 2869 800 2861 824 2873 869 2897 873 2897 877 2901 1075 2901 1075 2897 1079 2897 1083 2897 1083 2893 1111 2873 1111 2869 1115 2873 1172 2897 1176 2897 1180 2897 1184 2897 1188 2897 1232 2869 1257 2857 1471 2869 1548 2873 1552 2873 1556 2873 1560 2873 1564 2869 1588 2853 1657 2869 1697 2877 1701 2877 1754 2869 1814 2857 1863 2869 1903 2877 1907 2877 1911 2877 1915 2877 1936 2869 1968 2849 2000 2865 2004 2869 2008 2869 2013 2869 2033 2865 2134 2849 2287 2865 2336 2869 2340 2869 2344 2869 2348 2869 2352 2865 2380 2849 2413 2865 2449 2881 2453 2881 2457 2881 2772 2861 2772 2808 2764 2703 2441 2691 2437 2691 2433 2691 2429 2691 2429 2695 2409 2711 2380 2740 1956 2748 1713 2748 1697 2728 1669 2703 1669 2699 1665 2699 1661 2699 1657 2699 937 2707 933 2707 929 2707 869 2748 860 2756 784 2756 776 2752 707 2716 703 2716 525 2711 521 2711 517 2711 513 2711 460 2760 396 2760 400 2833"/></Shape>
	    <String CONTENT="institution refuge, pour les &quot; BEZPRIZORNIJ &quot;, en français"
                    HPOS="396.0"
                    VPOS="2691.0"
                    WIDTH="2376.0"
                    HEIGHT="210.0"></String>
          </TextLine>

          
          
          <TextLine ID="eSc_line_02b88339"
                    TAGREFS="LT2525"
                    BASELINE="409 2985 2361 2969" 
                    HPOS="407.0"
                    VPOS="2888.0"
                    WIDTH="1954.0"
                    HEIGHT="135.0">
            <Shape><Polygon POINTS="409 2985 409 3023 487 3009 711 3023 730 3023 733 3023 746 3023 884 3007 970 3020 981 3020 984 3020 992 3020 1062 3004 1091 3017 1094 3017 1097 3017 1099 3017 1191 3004 1323 3015 1358 3017 1361 3017 1364 3017 1366 3017 1369 3015 1388 3001 1434 3015 1439 3015 1442 3015 1445 3017 1445 3015 1447 3015 1453 3015 1501 3001 2356 3001 2361 2969 2356 2920 2302 2920 2302 2918 2278 2899 2275 2899 2272 2899 2270 2899 2267 2899 2224 2918 2221 2918 2205 2918 2170 2915 2151 2896 2148 2896 2146 2896 2143 2896 2051 2915 2035 2918 2005 2915 1846 2896 1844 2896 1765 2912 1752 2915 1744 2912 1695 2888 1693 2888 1544 2888 1542 2888 1539 2888 1536 2888 1507 2910 1485 2923 1342 2910 1339 2910 1337 2910 1334 2910 1307 2926 1059 2915 1056 2915 905 2928 849 2901 830 2893 827 2893 733 2893 730 2893 660 2896 657 2896 647 2899 568 2931 504 2899 498 2896 496 2896 493 2896 407 2896 409 2985"/></Shape>
	    <String CONTENT="les enfants ABANDONNÉS, de la REVOLUTION."
                    HPOS="407.0"
                    VPOS="2888.0"
                    WIDTH="1954.0"
                    HEIGHT="135.0"></String>
          </TextLine>

          
          
          <TextLine ID="eSc_line_a4307948"
                    TAGREFS="LT2525"
                    BASELINE="814 3130 2825 3125" 
                    HPOS="811.0"
                    VPOS="3020.0"
                    WIDTH="2014.0"
                    HEIGHT="151.0">
            <Shape><Polygon POINTS="814 3130 814 3171 1369 3155 1771 3171 1800 3171 1803 3171 1806 3171 1809 3171 1871 3152 1965 3165 1968 3165 2032 3152 2057 3168 2059 3168 2062 3168 2065 3168 2272 3152 2820 3168 2825 3125 2820 3066 2722 3066 2720 3063 2607 3020 2604 3020 2601 3020 2332 3033 1970 3020 1968 3020 1965 3020 1962 3020 1916 3055 1914 3058 1811 3068 1318 3068 1277 3047 1234 3025 1232 3025 1229 3025 1116 3039 846 3023 843 3023 841 3023 811 3036 814 3130"/></Shape>
	    <String CONTENT="Sincèrement j’avoue que la visite du &quot;chateau&quot;"
                    HPOS="811.0"
                    VPOS="3020.0"
                    WIDTH="2014.0"
                    HEIGHT="151.0"></String>
          </TextLine>

          
          
          <TextLine ID="eSc_line_3fac7797"
                    TAGREFS="LT2525"
                    BASELINE="423 3308 725 3295 2178 3279 2836 3284" 
                    HPOS="420.0"
                    VPOS="3179.0"
                    WIDTH="2416.0"
                    HEIGHT="164.0">
            <Shape><Polygon POINTS="423 3308 423 3327 558 3322 574 3327 603 3341 606 3341 609 3343 717 3343 717 3341 787 3327 830 3319 860 3327 900 3338 903 3338 905 3338 973 3327 1032 3316 1056 3327 1078 3335 1081 3335 1083 3335 1135 3327 1172 3319 1334 3324 1525 3333 1528 3333 1531 3333 1560 3324 1609 3311 1655 3324 1668 3327 1671 3327 1674 3327 1676 3327 1687 3324 1714 3314 1881 3324 1965 3327 1968 3327 1970 3327 1989 3322 2043 3308 2388 3308 2410 3322 2412 3322 2415 3322 2418 3322 2429 3322 2528 3306 2590 3322 2598 3322 2601 3322 2604 3322 2631 3319 2793 3306 2830 3319 2836 3284 2830 3179 1897 3187 1895 3187 1865 3203 1806 3233 1703 3211 1701 3211 1698 3211 1695 3211 1660 3236 1550 3236 1485 3214 1482 3214 1480 3214 1477 3214 1426 3238 1199 3238 1143 3222 1118 3214 1116 3214 1113 3214 1110 3214 1108 3214 1097 3222 1070 3241 752 3241 722 3233 665 3211 663 3211 660 3211 657 3211 598 3236 574 3244 420 3241 423 3308"/></Shape>
	    <String CONTENT="a déçu mes espérances, par sa tenue médiocre. Et tout"
                    HPOS="420.0"
                    VPOS="3179.0"
                    WIDTH="2416.0"
                    HEIGHT="164.0"></String>
          </TextLine>

          
          
          <TextLine ID="eSc_line_854210c0"
                    TAGREFS="LT2525"
                    BASELINE="412 3459 2814 3432" 
                    HPOS="409.0"
                    VPOS="3346.0"
                    WIDTH="2405.0"
                    HEIGHT="151.0">
            <Shape><Polygon POINTS="412 3459 412 3494 501 3483 582 3497 595 3497 598 3497 601 3497 606 3497 655 3481 779 3494 795 3494 798 3494 811 3494 903 3478 973 3492 981 3492 984 3492 986 3492 989 3492 1008 3478 1145 3489 1156 3489 1159 3489 1175 3489 1374 3473 1552 3483 1601 3486 1604 3486 1606 3486 1609 3486 1612 3483 1625 3473 1749 3481 1787 3483 1790 3483 1792 3483 1803 3481 1862 3467 1968 3478 1992 3481 1995 3483 2092 3483 2092 3481 2094 3481 2102 3478 2127 3465 2170 3475 2178 3478 2181 3478 2183 3478 2811 3467 2814 3432 2809 3386 2652 3354 2650 3354 2647 3354 2577 3384 2566 3386 2445 3381 2270 3373 2267 3373 2264 3373 2261 3373 2253 3378 2232 3392 2100 3392 2078 3378 2051 3359 2048 3359 2046 3359 2043 3359 2040 3359 2011 3376 1981 3392 1951 3378 1949 3378 1946 3378 1943 3378 1941 3378 1919 3395 1722 3395 1690 3373 1687 3370 1685 3370 1682 3370 1679 3370 1676 3370 1668 3373 1609 3395 1563 3370 1523 3351 1520 3351 1404 3346 1401 3346 1399 3346 1396 3346 1358 3368 1307 3400 1264 3400 1186 3392 1140 3368 1110 3351 1108 3351 1105 3351 409 3357 412 3459"/></Shape>
	    <String CONTENT="d’abord, le chateau était sérieusement &quot; AMOCHÉ &quot;, demi"
                    HPOS="409.0"
                    VPOS="3346.0"
                    WIDTH="2405.0"
                    HEIGHT="151.0"></String>
          </TextLine>

          
          
          <TextLine ID="eSc_line_61b4d42c"
                    TAGREFS="LT2525"
                    BASELINE="423 3610 2852 3591" 
                    HPOS="420.0"
                    VPOS="3518.0"
                    WIDTH="2432.0"
                    HEIGHT="141.0">
            <Shape><Polygon POINTS="423 3610 423 3640 843 3632 860 3640 897 3656 900 3656 903 3659 1021 3659 1021 3656 1024 3656 1027 3656 1054 3640 1108 3656 1110 3656 1113 3656 1197 3653 1199 3653 1202 3653 1229 3637 1242 3629 1277 3637 1318 3645 1321 3645 1323 3645 1326 3645 1337 3637 1348 3632 1458 3634 1458 3637 1480 3650 1482 3650 1485 3650 1488 3653 1633 3653 1633 3650 1720 3634 1768 3626 1833 3634 1862 3637 1865 3637 1868 3637 1876 3634 1900 3624 2067 3634 2191 3640 2194 3640 2245 3632 2313 3621 2334 3632 2359 3645 2361 3645 2364 3645 2367 3645 2410 3632 2434 3624 2456 3632 2493 3645 2496 3645 2499 3645 2563 3642 2566 3642 2569 3642 2588 3632 2607 3618 2658 3629 2669 3632 2671 3632 2687 3629 2739 3621 2771 3629 2817 3642 2820 3642 2822 3642 2825 3642 2852 3629 2852 3591 2844 3529 2663 3545 2580 3545 2558 3532 2542 3524 2539 3524 2536 3524 2534 3524 2531 3524 2518 3532 2493 3551 2442 3551 2396 3535 2369 3527 2367 3527 2364 3527 2283 3537 2272 3537 2264 3537 2175 3518 2172 3518 2170 3518 2100 3540 2059 3551 2016 3540 1943 3524 1941 3524 1854 3543 1806 3553 1752 3545 1668 3532 1666 3532 1663 3532 1633 3548 1622 3551 1612 3548 1587 3540 1585 3540 1582 3540 1534 3548 1504 3553 1493 3548 1445 3527 1442 3527 1439 3527 1436 3527 1372 3551 1358 3556 1350 3551 1315 3527 1312 3527 1310 3527 1132 3527 1129 3527 1126 3527 1075 3551 970 3535 967 3535 965 3535 962 3535 930 3559 924 3562 835 3562 833 3559 741 3532 738 3532 736 3532 733 3532 625 3562 587 3548 585 3548 582 3548 420 3564 423 3610"/></Shape>
	    <String CONTENT="en ruine par faits de guerre. J’ai été reçu par un"
                    HPOS="420.0"
                    VPOS="3518.0"
                    WIDTH="2432.0"
                    HEIGHT="141.0"></String>
          </TextLine>

          
          
          <TextLine ID="eSc_line_31acdb1a"
                    TAGREFS="LT2525"
                    BASELINE="420 3766 2677 3750" 
                    HPOS="417.0"
                    VPOS="3650.0"
                    WIDTH="2260.0"
                    HEIGHT="165.0">
            <Shape><Polygon POINTS="420 3766 420 3815 509 3812 512 3812 514 3812 547 3791 579 3812 582 3812 585 3812 587 3812 692 3791 870 3809 873 3809 876 3809 878 3809 908 3788 1067 3807 1070 3807 1073 3807 1075 3807 1102 3791 1164 3801 1167 3801 1272 3785 1294 3801 1296 3801 1299 3801 1302 3801 1304 3801 1369 3785 1458 3804 1461 3804 1463 3804 1547 3783 1598 3804 1601 3804 1604 3804 1606 3804 1671 3783 1906 3799 1908 3799 2013 3780 2043 3801 2046 3801 2048 3801 2051 3804 2148 3804 2148 3801 2156 3801 2329 3777 2350 3793 2353 3793 2356 3793 2359 3793 2361 3793 2418 3777 2499 3793 2501 3793 2504 3793 2569 3777 2671 3796 2677 3750 2671 3650 2299 3650 2296 3650 2294 3650 2275 3659 2178 3699 2094 3680 2092 3680 1973 3704 1566 3704 1493 3694 1472 3677 1445 3659 1442 3659 1439 3659 1213 3659 1210 3659 849 3664 846 3664 752 3696 698 3712 417 3704 420 3766"/></Shape>
	    <String CONTENT="jeune couple &gt;&lt; &quot; directeur &quot;, à l’improviste, bien"
                    HPOS="417.0"
                    VPOS="3650.0"
                    WIDTH="2260.0"
                    HEIGHT="165.0"></String>
          </TextLine>

          
          
          <TextLine ID="eSc_line_7a886bbd"
                    TAGREFS="LT2525"
                    BASELINE="417 3923 2846 3901" 
                    HPOS="415.0"
                    VPOS="3809.0"
                    WIDTH="2431.0"
                    HEIGHT="159.0">
            <Shape><Polygon POINTS="417 3923 420 3968 474 3950 727 3966 746 3966 749 3966 752 3966 754 3966 800 3944 948 3958 951 3958 1062 3944 1132 3960 1140 3963 1143 3963 1145 3966 1245 3966 1245 3963 1248 3963 1250 3963 1253 3960 1277 3944 1312 3955 1315 3955 1318 3955 1321 3955 1353 3939 1574 3952 1577 3952 1701 3941 1747 3955 1757 3958 1760 3958 1763 3958 2000 3952 2003 3952 2005 3952 2035 3936 2194 3950 2234 3952 2237 3952 2264 3950 2364 3933 2402 3947 2415 3952 2418 3952 2421 3955 2515 3955 2515 3952 2518 3952 2536 3947 2580 3931 2844 3941 2846 3901 2841 3809 2598 3809 2596 3809 2593 3809 2590 3809 2582 3815 2536 3844 2415 3834 2412 3834 2410 3834 2359 3853 2270 3834 2267 3834 2264 3834 2175 3855 1954 3842 1951 3842 1949 3842 1895 3858 1833 3836 1830 3836 1827 3836 1609 3855 1569 3842 1547 3834 1544 3834 1542 3834 1539 3834 1536 3834 1523 3842 1493 3861 1337 3847 1326 3847 1323 3847 1321 3847 1318 3847 1294 3866 1032 3866 1016 3855 970 3826 967 3826 965 3826 962 3826 517 3828 514 3828 415 3866 417 3923"/></Shape>
	    <String CONTENT="entendu. Ceux ci, vivaient à peine mieux que leurs"
                    HPOS="415.0"
                    VPOS="3809.0"
                    WIDTH="2431.0"
                    HEIGHT="159.0"></String>
          </TextLine>

          
          
          <TextLine ID="eSc_line_579e5cdb"
                    TAGREFS="LT2525"
                    BASELINE="404 4082 2836 4063" 
                    HPOS="401.0"
                    VPOS="3960.0"
                    WIDTH="2435.0"
                    HEIGHT="173.0">
            <Shape><Polygon POINTS="404 4082 404 4133 536 4122 692 4133 695 4133 698 4133 700 4133 703 4133 757 4100 986 4100 1067 4117 1070 4117 1205 4098 1304 4117 1307 4117 1377 4106 1404 4122 1407 4122 1410 4122 1412 4122 1523 4103 1571 4125 1574 4125 1577 4127 1720 4127 1720 4125 1722 4125 1725 4125 1768 4100 1860 4111 1862 4111 1865 4111 1943 4092 2030 4106 2032 4106 2423 4095 2472 4117 2480 4119 2483 4119 2485 4119 2526 4117 2739 4090 2833 4111 2836 4063 2828 3960 2696 3963 2693 3963 2593 4012 2504 3987 2501 3987 2499 3987 2496 3987 2383 4020 2132 4020 2024 4006 2022 4006 2019 4006 1989 4022 1784 4022 1671 3971 1668 3971 1666 3971 1407 3974 1404 3974 1401 3974 1329 4022 1240 4012 1237 4012 1046 4028 948 4014 895 3977 892 3977 889 3977 886 3977 401 3977 404 4082"/></Shape>
	    <String CONTENT="protégés. Ils m’avouent [ grace à mon ami Kapoustin ]"
                    HPOS="401.0"
                    VPOS="3960.0"
                    WIDTH="2435.0"
                    HEIGHT="173.0"></String>
          </TextLine>

          
          
          <TextLine ID="eSc_line_11bae8bd"
                    TAGREFS="LT2525"
                    BASELINE="415 4235 2615 4216" 
                    HPOS="412.0"
                    VPOS="4119.0"
                    WIDTH="2203.0"
                    HEIGHT="159.0">
            <Shape><Polygon POINTS="415 4235 415 4278 576 4262 746 4273 749 4273 752 4273 754 4273 781 4257 978 4273 1037 4276 1040 4276 1043 4276 1064 4270 1132 4254 1280 4254 1304 4268 1315 4273 1318 4273 1321 4273 1364 4268 1455 4251 1493 4265 1496 4265 1498 4265 1504 4265 1560 4254 1577 4265 1585 4270 1587 4270 1590 4270 1593 4270 1631 4262 1703 4249 1844 4259 1908 4265 1911 4268 2019 4268 2019 4265 2022 4265 2038 4257 2059 4249 2102 4257 2148 4265 2151 4265 2216 4254 2264 4246 2450 4246 2464 4251 2477 4262 2480 4262 2483 4262 2485 4262 2612 4249 2615 4216 2609 4119 2526 4119 2523 4119 2520 4119 2518 4119 2439 4160 2407 4146 2404 4146 2402 4146 2399 4146 2396 4146 2369 4168 2291 4171 2229 4171 2170 4127 2162 4122 2159 4122 2156 4122 2005 4122 2003 4122 1423 4127 1420 4127 1377 4146 1312 4179 1223 4179 1188 4152 1183 4146 1180 4146 1178 4146 1175 4146 1172 4146 1161 4152 1116 4179 1048 4179 1016 4157 1013 4157 1011 4157 1008 4157 1005 4157 1002 4157 973 4179 854 4162 851 4162 849 4162 811 4179 781 4160 779 4157 776 4157 773 4157 771 4157 768 4157 749 4162 671 4184 552 4184 504 4168 479 4160 477 4160 474 4160 412 4168 415 4235"/></Shape>
	    <String CONTENT="que comme je le constate, cette institution a été"
                    HPOS="412.0"
                    VPOS="4119.0"
                    WIDTH="2203.0"
                    HEIGHT="159.0"></String>
          </TextLine>

          
          
          <TextLine ID="eSc_line_ab125e56"
                    TAGREFS="LT2525"
                    BASELINE="415 4389 2625 4373" 
                    HPOS="412.0"
                    VPOS="4273.0"
                    WIDTH="2213.0"
                    HEIGHT="148.0">
            <Shape><Polygon POINTS="415 4389 415 4421 2625 4408 2625 4373 2617 4273 1706 4289 1520 4278 1517 4278 1420 4284 1418 4284 1361 4308 1318 4324 862 4321 477 4319 474 4319 412 4332 415 4389"/></Shape>
	    <String CONTENT="IMPROVISÉE par nécessité, de recueillir rapidement"
                    HPOS="412.0"
                    VPOS="4273.0"
                    WIDTH="2213.0"
                    HEIGHT="148.0"></String>
          </TextLine>

          
          
          <TextLine ID="eSc_line_f3158450"
                    TAGREFS="LT2525"
                    BASELINE="420 4550 2822 4532" 
                    HPOS="417.0"
                    VPOS="4443.0"
                    WIDTH="2405.0"
                    HEIGHT="145.0">
            <Shape><Polygon POINTS="2817 4472 2814 4467 2779 4451 2776 4451 2774 4451 2771 4451 2768 4451 2744 4470 2739 4472 2728 4470 2655 4443 2652 4443 2585 4443 2582 4443 2580 4443 2577 4443 2539 4467 2520 4480 2439 4467 2426 4467 2423 4467 2421 4467 2418 4467 2380 4483 2332 4467 2329 4467 2326 4467 2323 4467 2321 4467 2315 4467 2253 4483 2221 4467 2189 4451 2186 4451 2183 4451 2181 4451 2178 4451 2156 4467 2127 4486 1984 4470 1981 4470 1978 4470 1935 4486 1876 4475 1873 4475 1757 4488 1722 4464 1703 4451 1701 4451 1698 4451 1447 4451 1445 4451 1383 4464 1259 4494 984 4494 851 4470 849 4470 633 4497 517 4462 509 4459 506 4459 504 4459 417 4459 420 4550 420 4583 978 4588 981 4588 984 4588 986 4588 1000 4577 1011 4572 1056 4577 1102 4583 1105 4583 1178 4577 1256 4569 1302 4575 1374 4585 1377 4585 1380 4585 1383 4585 1396 4575 1404 4569 1423 4575 1455 4583 1458 4583 1461 4583 1463 4583 1466 4583 1480 4575 1496 4567 1693 4572 2035 4580 2038 4580 2100 4567 2121 4564 2181 4567 2375 4577 2377 4577 2380 4577 2383 4577 2404 4564 2412 4561 2822 4561 2822 4532 2820 4478 2817 4472"/></Shape>
	    <String CONTENT="tous ces pauvres orphelins de guerre, dans un climat"
                    HPOS="417.0"
                    VPOS="4443.0"
                    WIDTH="2405.0"
                    HEIGHT="145.0"></String>
          </TextLine>

          
          
          <TextLine ID="eSc_line_59091957"
                    TAGREFS="LT2525"
                    BASELINE="423 4709 2226 4688" 
                    HPOS="420.0"
                    VPOS="4591.0"
                    WIDTH="1806.0"
                    HEIGHT="218.0">
            <Shape><Polygon POINTS="423 4709 423 4809 2226 4804 2226 4688 2221 4634 2059 4626 1978 4591 1976 4591 1973 4591 1876 4599 1873 4599 1871 4599 1871 4602 1841 4629 1833 4637 1771 4637 1687 4626 1647 4620 1644 4620 1641 4620 1631 4626 1609 4637 1582 4623 1569 4618 1566 4618 1563 4618 1560 4618 1547 4623 1509 4639 1482 4623 1445 4596 1442 4596 1439 4596 1436 4596 1253 4599 1250 4599 1248 4599 1215 4618 1175 4642 1099 4626 1097 4626 1011 4645 908 4623 905 4623 903 4623 819 4647 784 4647 744 4612 736 4604 733 4604 730 4604 727 4604 420 4607 423 4709"/></Shape>
	    <String CONTENT="le plus DOUX de la Russie d’Europe."
                    HPOS="420.0"
                    VPOS="4591.0"
                    WIDTH="1806.0"
                    HEIGHT="218.0"></String>
          </TextLine>

          
        </TextBlock>
        
        <TextBlock HPOS="2516.0"
                   VPOS="157.0"
                   WIDTH="270.0"
                   HEIGHT="261.0"
                   ID="eSc_textblock_5a0a38d1"
                   TAGREFS="BT7524">
          <Shape><Polygon POINTS="2786 157 2786 418 2516 418 2516 157"/></Shape>
          
          
          <TextLine ID="eSc_line_34e7ef66"
                    TAGREFS="LT2525"
                    BASELINE="2553 350 2731 342" 
                    HPOS="2534.0"
                    VPOS="8.0"
                    WIDTH="198.0"
                    HEIGHT="448.0">
            <Shape><Polygon POINTS="2550 347 2554 456 2732 448 2728 339 2704 8 2534 8 2550 347"/></Shape>
	    <String CONTENT="16"
                    HPOS="2534.0"
                    VPOS="8.0"
                    WIDTH="198.0"
                    HEIGHT="448.0"></String>
          </TextLine>

          
        </TextBlock>
        

        
      </PrintSpace>
    </Page>
  </Layout>
</alto>
