<?xml version="1.0" encoding="UTF-8"?>
<alto xmlns:xsi="http://www.w3.org/2001/XMLSchema-instance"
      xmlns="http://www.loc.gov/standards/alto/ns-v4#"
      xsi:schemaLocation="http://www.loc.gov/standards/alto/ns-v4# http://www.loc.gov/standards/alto/v4/alto-4-2.xsd">
  <Description>
    <MeasurementUnit>pixel</MeasurementUnit>
    <sourceImageInformation>
      <fileName>D.3.eurasie-5-6_0019.jpg</fileName>
      
    </sourceImageInformation>
  </Description>
  
  <Tags>
    <OtherTag ID="BT7525" LABEL="MarginTextZone" DESCRIPTION="block type MarginTextZone"/><OtherTag ID="BT7524" LABEL="NumberingZone" DESCRIPTION="block type NumberingZone"/><OtherTag ID="BT7523" LABEL="MainZone" DESCRIPTION="block type MainZone"/>
    <OtherTag ID="LT2526" LABEL="InterlinearLine" DESCRIPTION="line type InterlinearLine"/><OtherTag ID="LT2525" LABEL="DefaultLine" DESCRIPTION="line type DefaultLine"/>
  </Tags>
  
  <Layout>
    <Page WIDTH="3046"
          HEIGHT="4825"
          PHYSICAL_IMG_NR="58"
          ID="eSc_dummypage_">
      <PrintSpace HPOS="0"
                  VPOS="0"
                  WIDTH="3046"
                  HEIGHT="4825">
        
        <TextBlock HPOS="42.0"
                   VPOS="79.0"
                   WIDTH="2922.0"
                   HEIGHT="4671.0"
                   ID="eSc_textblock_d020e2ca"
                   TAGREFS="BT7523">
          <Shape><Polygon POINTS="42 79 42 4750 2942 4750 2964 424 2408 417 2395 275 2623 212 2588 79 2225 79"/></Shape>
          
          
          <TextLine ID="eSc_line_fda855b6"
                    TAGREFS="LT2525"
                    BASELINE="453 190 2525 168" 
                    HPOS="450.0"
                    VPOS="101.0"
                    WIDTH="2075.0"
                    HEIGHT="116.0">
            <Shape><Polygon POINTS="2515 104 2504 104 2453 117 2407 104 2407 104 2381 104 2354 104 2327 104 2322 104 2260 128 2204 104 2201 104 2198 104 2069 128 1992 101 1978 101 1954 101 1909 134 1745 134 1702 117 1699 117 1697 117 1694 117 1651 136 1485 136 1421 107 1418 107 1415 107 1225 139 1075 107 1072 107 1069 107 1067 107 997 125 943 107 935 104 933 104 930 104 908 107 815 120 796 107 793 104 790 104 788 104 785 104 782 104 780 104 777 107 740 136 699 107 697 107 694 107 691 107 461 107 450 120 453 190 453 217 2523 203 2525 168 2515 104 2515 104"/></Shape>
	    <String CONTENT="Partout et toujours en &quot;occident&quot;, &quot;on&quot; a beaucoup critiqué"
                    HPOS="450.0"
                    VPOS="101.0"
                    WIDTH="2075.0"
                    HEIGHT="116.0"></String>
          </TextLine>

          
          
          <TextLine ID="eSc_line_a8fbf982"
                    TAGREFS="LT2525"
                    BASELINE="268 337 938 343 1037 335 1332 335 1354 335 2362 324" 
                    HPOS="261.0"
                    VPOS="209.0"
                    WIDTH="2100.0"
                    HEIGHT="164.0">
            <Shape><Polygon POINTS="265 333 265 373 2357 361 2361 321 2353 229 1931 209 1927 209 1923 209 1919 209 1891 229 1879 233 1726 229 1211 213 1207 213 1038 233 981 241 704 241 692 233 659 217 655 217 651 217 261 233 265 333"/></Shape>
	    <String CONTENT="cette propagande de &quot;SATAN&quot;. Personnellement, j’ai toujours"
                    HPOS="261.0"
                    VPOS="209.0"
                    WIDTH="2100.0"
                    HEIGHT="164.0"></String>
          </TextLine>

          
          
          <TextLine ID="eSc_line_f02cb91e"
                    TAGREFS="LT2525"
                    BASELINE="270 501 1139 485 2732 485" 
                    HPOS="268.0"
                    VPOS="407.0"
                    WIDTH="2464.0"
                    HEIGHT="142.0">
            <Shape><Polygon POINTS="2726 407 2606 407 2603 407 2600 407 2598 407 2552 439 2499 439 2469 418 2466 418 2464 418 2461 418 2458 418 2423 436 2343 418 2340 418 2338 418 2335 418 2303 436 2169 436 2091 415 2088 415 2086 415 2083 415 2021 439 1839 426 1836 426 1834 426 1804 439 1716 418 1689 412 1662 412 1649 418 1600 439 1565 423 1563 423 1560 423 1474 434 1388 423 1370 420 1367 420 1364 420 1359 423 1332 436 1276 423 1268 423 1265 423 1262 423 1260 423 1225 444 1206 444 1206 453 1203 444 933 444 892 428 855 415 852 415 659 415 656 415 654 415 616 431 587 444 370 444 351 434 319 420 316 420 313 420 311 420 268 434 270 501 270 528 361 546 364 546 367 546 402 528 407 525 412 528 442 544 445 544 447 544 450 544 498 528 506 525 512 528 541 546 544 546 546 546 549 549 664 549 664 546 667 546 710 528 713 528 895 546 898 546 959 544 962 544 997 525 1016 517 1249 517 1289 525 1418 544 1421 544 1423 544 1469 522 1480 517 1844 514 1860 522 1876 530 1879 530 1882 530 2051 522 2094 520 2099 520 2155 541 2158 541 2161 541 2244 538 2246 538 2281 520 2292 514 2316 520 2372 533 2375 533 2378 533 2381 533 2399 520 2415 511 2539 517 2541 520 2568 538 2571 538 2574 538 2576 538 2732 517 2732 485 2729 410 2726 407"/></Shape>
	    <String CONTENT="et encore plaidé pour la &quot;TOLERANCE&quot; et ⋎ les OUTRANCES. [Aussi une fois"
                    HPOS="268.0"
                    VPOS="407.0"
                    WIDTH="2464.0"
                    HEIGHT="142.0"></String>
          </TextLine>

          
          
          <TextLine ID="eSc_line_3cfc87e7"
                    TAGREFS="LT2526"
                    BASELINE="1619 420 1670 410 1848 410" 
                    HPOS="1613.0"
                    VPOS="345.0"
                    WIDTH="233.0"
                    HEIGHT="105.0">
            <Shape><Polygon POINTS="1617 450 1842 438 1846 406 1838 345 1613 353 1617 418"/></Shape>
	    <String CONTENT="contre"
                    HPOS="1613.0"
                    VPOS="345.0"
                    WIDTH="233.0"
                    HEIGHT="105.0"></String>
          </TextLine>

          
          
          <TextLine ID="eSc_line_9edbf089"
                    TAGREFS="LT2525"
                    BASELINE="265 656 1488 656 1563 654 2386 651" 
                    HPOS="257.0"
                    VPOS="530.0"
                    WIDTH="2125.0"
                    HEIGHT="197.0">
            <Shape><Polygon POINTS="261 655 261 691 362 723 366 723 370 723 374 723 458 699 482 719 482 723 486 723 490 723 494 727 651 727 651 723 788 695 889 723 893 723 897 723 901 723 905 723 953 691 965 687 1090 691 1166 695 1199 723 1203 723 1207 723 1211 723 1215 723 1271 691 1283 687 1295 691 1351 715 1356 715 1360 715 1364 715 1432 691 1452 687 1698 687 1714 691 1798 723 1802 723 1806 727 1991 727 1991 723 1995 723 1999 723 1999 719 2027 691 2036 691 2148 687 2176 691 2289 719 2293 719 2297 719 2382 691 2382 647 2374 530 1617 530 1613 530 1609 530 1597 534 1561 550 1452 538 1388 530 1384 530 1380 530 1364 538 1295 579 1030 579 993 542 993 538 989 538 985 538 981 538 977 538 969 542 905 579 551 579 519 546 511 542 511 538 506 538 502 538 498 538 257 546 261 655"/></Shape>
	    <String CONTENT="de plus je ne rapporte ici, que les &quot;clichés&quot;, que j’ai vécus.]"
                    HPOS="257.0"
                    VPOS="530.0"
                    WIDTH="2125.0"
                    HEIGHT="197.0"></String>
          </TextLine>

          
          
          <TextLine ID="eSc_line_e3df5871"
                    TAGREFS="LT2525"
                    BASELINE="415 828 1077 812 2697 798" 
                    HPOS="412.0"
                    VPOS="699.0"
                    WIDTH="2285.0"
                    HEIGHT="172.0">
            <Shape><Polygon POINTS="415 828 415 860 522 844 573 860 611 871 614 871 616 871 619 871 643 857 670 844 1021 852 1072 852 1075 852 1104 852 1295 836 1319 847 1351 863 1354 863 1356 865 1429 865 1429 863 1431 863 1464 844 1488 833 1536 844 1573 852 1576 852 1670 841 1775 830 1801 841 1825 849 1828 849 1831 849 1834 849 1860 839 1866 839 1890 839 2187 855 2190 855 2193 855 2271 833 2284 830 2316 833 2456 844 2458 844 2461 844 2496 830 2501 828 2694 828 2697 798 2692 739 2507 739 2504 737 2418 699 2415 699 2413 699 2313 704 2311 704 2308 704 2265 734 2255 742 2185 745 2048 745 2029 731 2021 726 2019 726 2016 726 2013 726 2011 726 1992 731 1954 742 1933 731 1903 715 1901 715 1788 702 1785 702 1233 707 1034 713 1032 713 1005 723 914 758 662 758 611 737 608 737 605 737 603 737 565 747 520 718 517 715 514 715 512 715 509 715 412 715 415 828"/></Shape>
	    <String CONTENT="Le premier argument sur lequel se base cette propagande est ainsi"
                    HPOS="412.0"
                    VPOS="699.0"
                    WIDTH="2285.0"
                    HEIGHT="172.0"></String>
          </TextLine>

          
          
          <TextLine ID="eSc_line_5b8b88dc"
                    TAGREFS="LT2525"
                    BASELINE="203 978 2686 956" 
                    HPOS="201.0"
                    VPOS="844.0"
                    WIDTH="2485.0"
                    HEIGHT="171.0">
            <Shape><Polygon POINTS="203 978 203 1015 549 997 807 1007 809 1007 874 994 903 1007 908 1010 911 1010 914 1010 957 1007 1026 1002 1045 1007 1077 1015 1080 1015 1083 1015 1158 1005 1252 991 1434 1002 1638 1013 1640 1013 1643 1013 1673 999 1686 991 1834 989 1871 997 1935 1010 1938 1010 2005 997 2059 1010 2061 1010 2064 1010 2067 1010 2069 1010 2096 994 2104 989 2110 994 2128 1002 2131 1002 2134 1002 2212 991 2238 989 2252 991 2305 1007 2308 1007 2311 1007 2313 1007 2362 989 2378 983 2394 989 2434 1005 2437 1005 2440 1007 2654 1007 2654 1005 2657 1005 2659 1005 2686 986 2686 956 2681 868 2391 844 2389 844 2169 871 2080 852 2078 852 2075 852 2072 852 2045 868 1809 852 1807 852 1702 868 1646 852 1643 852 1447 852 1445 852 1442 852 1439 852 1415 871 1332 857 1329 857 1327 857 1284 871 997 865 994 865 992 865 930 892 895 906 201 903 203 978"/></Shape>
	    <String CONTENT="FORMULÉ : - &quot; Dans la Russie Tsariste, [comme du reste dans les pays"
                    HPOS="201.0"
                    VPOS="844.0"
                    WIDTH="2485.0"
                    HEIGHT="171.0"></String>
          </TextLine>

          
          
          <TextLine ID="eSc_line_bdc48931"
                    TAGREFS="LT2525"
                    BASELINE="195 1133 2796 1109" 
                    HPOS="193.0"
                    VPOS="1002.0"
                    WIDTH="2603.0"
                    HEIGHT="185.0">
            <Shape><Polygon POINTS="2767 1015 2686 1002 2684 1002 2509 1018 2499 1018 2480 1018 2222 1007 2220 1007 2120 1021 2110 1021 2102 1021 2029 1007 2027 1007 1935 1021 1914 1023 1893 1021 1804 1010 1801 1010 1678 1023 1632 1026 1563 1023 1370 1013 1367 1013 1364 1013 1316 1023 1295 1029 1236 1026 1118 1015 1115 1015 1029 1026 981 1032 959 1026 930 1018 927 1018 925 1018 193 1029 195 1133 195 1187 265 1174 399 1184 431 1187 434 1187 437 1187 442 1184 496 1155 785 1155 828 1179 831 1182 833 1182 836 1182 839 1184 911 1184 911 1182 935 1176 1040 1155 1110 1176 1123 1179 1126 1179 1128 1182 1297 1182 1297 1179 1300 1179 1313 1171 1356 1149 1501 1149 1536 1166 1539 1166 1541 1166 1777 1149 1823 1166 1847 1174 1850 1174 1852 1174 2147 1171 2150 1171 2190 1160 2257 1141 2402 1144 2429 1155 2456 1166 2458 1166 2461 1166 2557 1155 2665 1141 2793 1149 2796 1109 2785 1037 2767 1015"/></Shape>
	    <String CONTENT="asiatiques boudhistes], cette propagande, ou ses propagandistes ont calculé,"
                    HPOS="193.0"
                    VPOS="1002.0"
                    WIDTH="2603.0"
                    HEIGHT="185.0"></String>
          </TextLine>

          
          
          <TextLine ID="eSc_line_c590b9e3"
                    TAGREFS="LT2525"
                    BASELINE="198 1292 2697 1270" 
                    HPOS="195.0"
                    VPOS="1171.0"
                    WIDTH="2502.0"
                    HEIGHT="171.0">
            <Shape><Polygon POINTS="198 1292 198 1342 396 1340 402 1340 517 1313 740 1326 742 1326 745 1326 774 1310 1051 1310 1088 1326 1102 1332 1104 1332 1107 1332 1144 1326 1236 1308 1458 1308 1493 1318 1523 1329 1525 1329 1528 1332 1740 1332 1740 1329 1742 1329 1745 1329 1769 1313 1788 1302 1868 1302 1884 1310 1909 1326 1911 1326 1914 1326 1917 1326 1919 1326 1922 1326 1943 1313 2067 1326 2069 1326 2158 1305 2174 1302 2185 1305 2236 1324 2238 1324 2241 1324 2244 1324 2246 1324 2276 1302 2279 1302 2295 1302 2458 1321 2461 1321 2464 1321 2499 1302 2608 1318 2611 1318 2614 1318 2697 1294 2697 1270 2692 1179 2171 1171 2169 1171 2166 1171 2126 1187 2056 1219 1863 1219 1817 1192 1801 1182 1799 1182 1796 1182 1450 1176 1447 1176 1445 1176 1394 1200 1370 1211 1340 1200 1276 1179 1273 1179 1270 1179 903 1182 900 1182 841 1208 804 1227 195 1222 198 1292"/></Shape>
	    <String CONTENT="qu’un minimum de 10/100 de la population, exploite la crédulité"
                    HPOS="195.0"
                    VPOS="1171.0"
                    WIDTH="2502.0"
                    HEIGHT="171.0"></String>
          </TextLine>

          
          
          <TextLine ID="eSc_line_21c3c0de"
                    TAGREFS="LT2525"
                    BASELINE="198 1458 681 1442 2834 1431" 
                    HPOS="195.0"
                    VPOS="1353.0"
                    WIDTH="2639.0"
                    HEIGHT="142.0">
            <Shape><Polygon POINTS="2823 1369 2056 1356 2053 1356 1911 1367 1820 1372 1796 1367 1783 1361 1780 1361 1777 1361 1775 1361 1761 1364 1721 1377 1670 1364 1665 1364 1662 1364 1659 1364 1657 1364 1654 1364 1614 1377 1536 1364 1528 1364 1525 1364 1509 1364 1340 1377 1163 1364 1161 1364 1158 1364 1126 1377 1096 1364 1093 1364 1091 1364 809 1383 723 1361 697 1353 694 1353 691 1353 195 1356 198 1458 198 1495 370 1495 370 1493 372 1493 380 1493 461 1471 573 1487 576 1487 579 1487 624 1466 790 1466 930 1466 962 1482 967 1487 970 1487 973 1487 976 1487 1026 1482 1169 1466 1364 1466 1394 1476 1415 1485 1418 1485 1421 1485 1423 1485 1442 1476 1469 1463 1622 1463 1643 1474 1651 1476 1654 1476 1657 1476 1699 1471 1783 1463 1828 1471 1882 1479 1884 1479 1933 1468 1973 1460 2021 1468 2099 1479 2102 1479 2104 1479 2155 1466 2171 1463 2201 1466 2297 1474 2300 1474 2303 1474 2327 1463 2343 1458 2389 1463 2469 1471 2472 1471 2552 1460 2574 1458 2579 1460 2619 1479 2622 1479 2625 1482 2734 1482 2734 1479 2831 1455 2834 1431 2828 1377 2823 1369"/></Shape>
	    <String CONTENT="populaire, et VIT EXCLUSIVEMENT POUR et DES RELIGIONS, ce qui"
                    HPOS="195.0"
                    VPOS="1353.0"
                    WIDTH="2639.0"
                    HEIGHT="142.0"></String>
          </TextLine>

          
          
          <TextLine ID="eSc_line_9150b4ee"
                    TAGREFS="LT2525"
                    BASELINE="206 1602 2823 1586" 
                    HPOS="203.0"
                    VPOS="1485.0"
                    WIDTH="2620.0"
                    HEIGHT="163.0">
            <Shape><Polygon POINTS="206 1602 206 1640 675 1624 753 1637 766 1637 769 1637 782 1637 844 1624 868 1635 879 1640 882 1640 884 1640 887 1640 898 1635 914 1627 973 1635 1072 1648 1075 1648 1182 1632 1260 1621 1386 1629 1549 1643 1552 1645 1817 1645 1817 1643 1820 1643 1823 1643 1847 1627 1852 1624 1866 1627 1946 1643 1949 1643 2067 1640 2069 1640 2118 1624 2145 1616 2279 1621 2378 1627 2381 1627 2383 1627 2402 1621 2426 1613 2445 1621 2474 1632 2477 1632 2480 1632 2820 1616 2823 1586 2815 1517 2330 1519 2324 1519 2198 1485 2196 1485 1968 1485 1965 1485 1962 1485 1960 1485 1935 1498 1565 1487 1563 1487 1490 1501 769 1493 766 1493 764 1493 635 1530 635 1533 203 1533 206 1602"/></Shape>
	    <String CONTENT="EN FAIT, constitue 10/100 de la population, qui vit au DEPENS"
                    HPOS="203.0"
                    VPOS="1485.0"
                    WIDTH="2620.0"
                    HEIGHT="163.0"></String>
          </TextLine>

          
          
          <TextLine ID="eSc_line_d6fba289"
                    TAGREFS="LT2525"
                    BASELINE="203 1766 2796 1747" 
                    HPOS="201.0"
                    VPOS="1643.0"
                    WIDTH="2595.0"
                    HEIGHT="150.0">
            <Shape><Polygon POINTS="203 1766 203 1793 2796 1777 2796 1747 2791 1643 2423 1643 2421 1643 2418 1643 2413 1645 2335 1680 1807 1669 1804 1669 1678 1688 1072 1688 965 1686 908 1659 906 1659 903 1659 900 1659 201 1664 203 1766"/></Shape>
	    <String CONTENT="des 90/100 restant, EN VERITABLES PARASITES. Ces 10/100"
                    HPOS="201.0"
                    VPOS="1643.0"
                    WIDTH="2595.0"
                    HEIGHT="150.0"></String>
          </TextLine>

          
          
          <TextLine ID="eSc_line_1c72e8d2"
                    TAGREFS="LT2525"
                    BASELINE="209 1919 2737 1900" 
                    HPOS="206.0"
                    VPOS="1806.0"
                    WIDTH="2531.0"
                    HEIGHT="153.0">
            <Shape><Polygon POINTS="209 1919 211 1959 252 1946 522 1956 557 1956 560 1956 563 1956 568 1956 611 1943 761 1954 780 1954 782 1954 801 1954 935 1940 1139 1948 1203 1951 1206 1951 1230 1948 1295 1938 1477 1946 1565 1948 1568 1948 1606 1943 1673 1935 1855 1940 2008 1946 2011 1946 2734 1929 2737 1900 2729 1833 2102 1846 2064 1828 2016 1806 2013 1806 2011 1806 2008 1806 2005 1806 1968 1828 1930 1849 1359 1836 1356 1836 1190 1854 1102 1836 1099 1836 970 1844 933 1825 919 1817 917 1817 914 1817 206 1820 209 1919"/></Shape>
	    <String CONTENT="de citoyens s’allient NATURELLEMENT aux autres DÉTRACTEURS"
                    HPOS="206.0"
                    VPOS="1806.0"
                    WIDTH="2531.0"
                    HEIGHT="153.0"></String>
          </TextLine>

          
          
          <TextLine ID="eSc_line_dc6e25e6"
                    TAGREFS="LT2525"
                    BASELINE="198 2082 1169 2069 2890 2069" 
                    HPOS="195.0"
                    VPOS="1959.0"
                    WIDTH="2695.0"
                    HEIGHT="145.0">
            <Shape><Polygon POINTS="198 2082 198 2101 2887 2104 2890 2069 2887 2007 2619 1994 2616 1994 2614 1994 2611 1994 2600 2002 2592 2010 2423 2010 2407 1999 2351 1964 2348 1964 2346 1964 2233 1959 2230 1959 1252 1964 1249 1964 1195 1986 1131 2013 994 2015 651 2015 592 1999 589 1999 587 1999 522 2013 493 1999 490 1999 488 1999 485 1999 445 2013 340 1975 308 1964 305 1964 302 1964 195 1972 198 2082"/></Shape>
	    <String CONTENT="de la RÉVOLUTION, qui constituent toujours la lie de l’ancien RÉGIME"
                    HPOS="195.0"
                    VPOS="1959.0"
                    WIDTH="2695.0"
                    HEIGHT="145.0"></String>
          </TextLine>

          
          
          <TextLine ID="eSc_line_9adfa920"
                    TAGREFS="LT2525"
                    BASELINE="211 2235 2820 2208" 
                    HPOS="209.0"
                    VPOS="2104.0"
                    WIDTH="2611.0"
                    HEIGHT="166.0">
            <Shape><Polygon POINTS="211 2235 211 2259 986 2270 989 2270 1185 2257 1273 2251 1321 2257 1399 2265 1402 2265 1490 2257 1557 2248 1598 2254 1643 2262 1646 2262 2820 2248 2820 2208 2818 2123 2753 2104 2751 2104 2748 2104 2582 2120 2507 2109 2504 2109 2445 2123 2356 2147 1769 2155 1608 2155 1549 2128 1523 2114 1520 2114 1517 2114 1439 2128 1426 2128 1375 2128 997 2114 994 2114 930 2128 908 2133 887 2131 828 2117 825 2117 761 2131 726 2136 689 2131 624 2120 471 2120 469 2120 466 2120 429 2131 399 2139 209 2133 211 2235"/></Shape>
	    <String CONTENT="et donc tout naturellement aussi, COMPLOTENT avec eux. Et les plus"
                    HPOS="209.0"
                    VPOS="2104.0"
                    WIDTH="2611.0"
                    HEIGHT="166.0"></String>
          </TextLine>

          
          
          <TextLine ID="eSc_line_ae5ed3ac"
                    TAGREFS="LT2525"
                    BASELINE="209 2393 1844 2383 1922 2380 2901 2366" 
                    HPOS="201.0"
                    VPOS="2255.0"
                    WIDTH="2696.0"
                    HEIGHT="181.0">
            <Shape><Polygon POINTS="205 2392 205 2436 2897 2412 2897 2364 2889 2267 1814 2255 1810 2255 1718 2267 1520 2303 1122 2307 800 2307 740 2271 728 2263 724 2263 720 2263 716 2263 671 2271 611 2283 201 2275 205 2392"/></Shape>
	    <String CONTENT="belles preuves de ces ASSERTIONS, c’est la &quot;floraison&quot; vraiement abusive"
                    HPOS="201.0"
                    VPOS="2255.0"
                    WIDTH="2696.0"
                    HEIGHT="181.0"></String>
          </TextLine>

          
          
          <TextLine ID="eSc_line_32fb8792"
                    TAGREFS="LT2525"
                    BASELINE="209 2549 2855 2533" 
                    HPOS="206.0"
                    VPOS="2423.0"
                    WIDTH="2649.0"
                    HEIGHT="187.0">
            <Shape><Polygon POINTS="209 2549 209 2610 514 2608 517 2608 520 2608 571 2576 624 2589 627 2589 630 2589 780 2570 1102 2589 1104 2589 1107 2589 1185 2565 1327 2578 1329 2578 1573 2567 1667 2586 1670 2586 1673 2586 1750 2565 1820 2589 1823 2589 1825 2589 1828 2589 1887 2565 2466 2567 2469 2567 2539 2554 2850 2578 2855 2533 2850 2452 2549 2452 2547 2450 2512 2428 2509 2428 2507 2428 2504 2428 2378 2439 2295 2425 2292 2425 2201 2441 2096 2423 2094 2423 1960 2441 1914 2425 1911 2425 1909 2425 1825 2444 1718 2425 1716 2425 1630 2441 1453 2428 1450 2428 1447 2428 1370 2447 1174 2433 1171 2433 1029 2447 922 2431 919 2431 917 2431 884 2450 882 2450 879 2450 839 2436 836 2436 833 2436 605 2450 571 2450 565 2450 520 2433 517 2433 514 2433 206 2447 209 2549"/></Shape>
	    <String CONTENT="des églises ou lieux de culte dans certains districts. Cela est si vrai,"
                    HPOS="206.0"
                    VPOS="2423.0"
                    WIDTH="2649.0"
                    HEIGHT="187.0"></String>
          </TextLine>

          
          
          <TextLine ID="eSc_line_dce92efc"
                    TAGREFS="LT2525"
                    BASELINE="214 2712 1796 2688 2834 2691" 
                    HPOS="211.0"
                    VPOS="2594.0"
                    WIDTH="2623.0"
                    HEIGHT="164.0">
            <Shape><Polygon POINTS="214 2712 214 2758 316 2755 319 2755 370 2731 402 2747 404 2747 407 2747 488 2728 729 2728 799 2750 801 2750 804 2750 807 2752 914 2752 914 2750 930 2747 1048 2723 1083 2744 1085 2747 1088 2747 1091 2747 1093 2750 1246 2750 1246 2747 1346 2744 1348 2744 1359 2739 1415 2720 1482 2739 1498 2742 1501 2742 1504 2742 1531 2736 1619 2720 1662 2736 1665 2736 1667 2736 1670 2736 1681 2736 1745 2720 2037 2728 2126 2731 2128 2731 2153 2728 2206 2718 2831 2718 2834 2691 2831 2594 702 2594 699 2594 697 2594 608 2624 211 2626 214 2712"/></Shape>
	    <String CONTENT="que souvent les pouvoirs publics ont été obligé de &quot;raser&quot; certains lieux"
                    HPOS="211.0"
                    VPOS="2594.0"
                    WIDTH="2623.0"
                    HEIGHT="164.0"></String>
          </TextLine>

          
          
          <TextLine ID="eSc_line_50a5ccfc"
                    TAGREFS="LT2525"
                    BASELINE="209 2868 1807 2846 2917 2846" 
                    HPOS="206.0"
                    VPOS="2744.0"
                    WIDTH="2711.0"
                    HEIGHT="175.0">
            <Shape><Polygon POINTS="2911 2779 2815 2769 2812 2769 2657 2782 2566 2744 2563 2744 2276 2744 2273 2744 1863 2750 1860 2750 1858 2750 1791 2790 1788 2793 1761 2793 1716 2793 1606 2752 1603 2752 1388 2752 1386 2752 1383 2752 1287 2795 1284 2795 1171 2777 1169 2777 1166 2777 1085 2798 1080 2801 919 2801 917 2798 801 2777 799 2777 796 2777 793 2777 753 2801 750 2803 664 2803 664 2801 605 2779 603 2779 600 2779 597 2779 530 2795 474 2782 471 2782 469 2782 466 2782 407 2803 404 2806 313 2806 313 2803 257 2782 254 2782 252 2782 249 2782 206 2801 209 2868 209 2919 469 2895 509 2916 512 2916 514 2916 517 2919 648 2919 648 2916 651 2916 654 2916 659 2913 694 2892 769 2911 796 2916 799 2916 801 2916 815 2911 866 2886 1000 2886 1061 2905 1088 2913 1091 2913 1093 2913 1201 2903 1423 2881 1638 2881 1675 2895 1699 2905 1702 2905 1705 2908 1855 2908 1855 2905 1917 2892 1976 2878 2045 2889 2069 2892 2072 2892 2110 2889 2206 2876 2265 2886 2305 2892 2308 2892 2359 2884 2423 2873 2464 2881 2541 2900 2544 2900 2547 2900 2587 2881 2603 2873 2619 2878 2638 2886 2641 2886 2643 2886 2646 2886 2649 2886 2659 2878 2675 2870 2716 2878 2751 2884 2753 2884 2917 2873 2917 2846 2914 2793 2911 2779"/></Shape>
	    <String CONTENT="du culte, pour pouvoir appliquer les modernes plans d’urbanisme. [Comme du"
                    HPOS="206.0"
                    VPOS="2744.0"
                    WIDTH="2711.0"
                    HEIGHT="175.0"></String>
          </TextLine>

          
          
          <TextLine ID="eSc_line_e606e711"
                    TAGREFS="LT2525"
                    BASELINE="203 3020 2842 3002" 
                    HPOS="201.0"
                    VPOS="2895.0"
                    WIDTH="2641.0"
                    HEIGHT="187.0">
            <Shape><Polygon POINTS="203 3020 203 3082 353 3079 356 3079 458 3045 571 3045 673 3066 675 3066 678 3066 740 3045 884 3045 933 3061 935 3061 938 3061 941 3061 943 3061 976 3042 1091 3042 1225 3061 1324 3074 1327 3074 1329 3074 1370 3058 1418 3037 1474 3050 1477 3050 1480 3050 1767 3034 1793 3047 1831 3069 1834 3069 1836 3071 1968 3071 1968 3069 1970 3069 2016 3045 2145 3063 2147 3063 2150 3063 2209 3039 2228 3031 2246 3037 2287 3050 2289 3050 2292 3050 2295 3050 2332 3037 2340 3034 2359 3034 2466 3047 2469 3047 2552 3031 2557 3031 2566 3031 2761 3042 2764 3042 2842 3023 2842 3002 2834 2895 2434 2911 2187 2911 1563 2905 1560 2905 1421 2929 1278 2956 927 2956 900 2943 895 2937 892 2937 890 2937 887 2937 844 2943 766 2956 734 2945 707 2937 705 2937 702 2937 699 2937 673 2948 659 2956 383 2959 372 2956 324 2937 321 2937 319 2937 316 2937 278 2959 273 2962 201 2962 203 3020"/></Shape>
	    <String CONTENT="reste en &quot;OCCIDENT&quot; on n’a pas hésiter à le faire, quand cela s’avérait"
                    HPOS="201.0"
                    VPOS="2895.0"
                    WIDTH="2641.0"
                    HEIGHT="187.0"></String>
          </TextLine>

          
          
          <TextLine ID="eSc_line_c48684e3"
                    TAGREFS="LT2525"
                    BASELINE="214 3171 2858 3163" 
                    HPOS="211.0"
                    VPOS="3061.0"
                    WIDTH="2647.0"
                    HEIGHT="158.0">
            <Shape><Polygon POINTS="214 3171 214 3203 407 3203 410 3203 437 3216 439 3216 442 3216 506 3203 528 3200 552 3203 627 3219 630 3219 801 3203 849 3200 882 3203 989 3219 992 3219 994 3219 1056 3203 1061 3203 1085 3219 1088 3219 1091 3219 1093 3219 1096 3219 1139 3203 1163 3195 1198 3203 1257 3216 1260 3219 1455 3219 1455 3216 1458 3216 1488 3203 1506 3195 1592 3203 1681 3211 1683 3211 1777 3203 1839 3197 1879 3203 1925 3208 1927 3208 1930 3208 1933 3208 1941 3203 1952 3195 2002 3203 2061 3211 2064 3211 2112 3203 2139 3197 2150 3203 2177 3213 2179 3213 2182 3213 2185 3213 2228 3203 2265 3192 2649 3192 2667 3203 2686 3213 2689 3213 2692 3213 2694 3213 2697 3213 2734 3203 2767 3192 2852 3200 2858 3163 2852 3063 351 3061 348 3061 211 3074 214 3171"/></Shape>
	    <String CONTENT="NECESSAIRE.] En fait, la propagande antireligieuse, visait surtout, à"
                    HPOS="211.0"
                    VPOS="3061.0"
                    WIDTH="2647.0"
                    HEIGHT="158.0"></String>
          </TextLine>

          
          
          <TextLine ID="eSc_line_6b97c9d4"
                    TAGREFS="LT2525"
                    BASELINE="203 3331 2906 3313" 
                    HPOS="201.0"
                    VPOS="3227.0"
                    WIDTH="2705.0"
                    HEIGHT="155.0">
            <Shape><Polygon POINTS="203 3331 206 3374 252 3358 348 3372 351 3372 353 3372 410 3358 469 3372 498 3380 501 3380 504 3380 541 3372 614 3356 662 3372 664 3372 667 3372 670 3372 681 3372 740 3361 772 3369 804 3380 807 3380 809 3382 927 3382 927 3380 930 3380 933 3380 951 3369 981 3353 1533 3353 1555 3364 1576 3374 1579 3374 1581 3374 1651 3364 1708 3353 1777 3361 1823 3366 1825 3366 1828 3366 1852 3361 1906 3348 1981 3358 2059 3372 2061 3372 2372 3369 2375 3369 2426 3356 2469 3345 2507 3356 2539 3364 2541 3364 2544 3364 2547 3364 2576 3356 2606 3345 2673 3353 2772 3366 2775 3366 2903 3350 2906 3313 2901 3227 2560 3227 2557 3227 2555 3227 2552 3227 2544 3232 2501 3262 2421 3272 2340 3272 2308 3251 2305 3251 2303 3251 2300 3251 2297 3251 2295 3251 2263 3272 2118 3272 2043 3246 2040 3246 2037 3246 2035 3246 1973 3267 1933 3246 1903 3232 1901 3232 1748 3232 1745 3232 1560 3235 1557 3235 1517 3256 1506 3262 1498 3256 1485 3251 1482 3251 1480 3251 1434 3259 1319 3278 1072 3267 1018 3264 1016 3264 1013 3264 997 3267 946 3280 908 3270 882 3262 879 3262 876 3262 874 3262 871 3262 858 3270 839 3283 509 3283 501 3278 471 3267 469 3267 466 3267 463 3267 418 3280 412 3280 407 3280 262 3259 260 3259 257 3259 201 3280 203 3331"/></Shape>
	    <String CONTENT="ABOLIR certains privilegiés , parmi le haut clergé, qui continuaient"
                    HPOS="201.0"
                    VPOS="3227.0"
                    WIDTH="2705.0"
                    HEIGHT="155.0"></String>
          </TextLine>

          
          
          <TextLine ID="eSc_line_059f708e"
                    TAGREFS="LT2525"
                    BASELINE="211 3490 2761 3471" 
                    HPOS="209.0"
                    VPOS="3380.0"
                    WIDTH="2552.0"
                    HEIGHT="152.0">
            <Shape><Polygon POINTS="211 3490 211 3511 351 3527 353 3527 356 3527 410 3514 466 3532 469 3532 471 3532 581 3511 587 3511 592 3511 750 3532 753 3532 938 3511 1201 3511 1276 3530 1278 3530 1281 3530 1284 3530 1311 3508 1356 3508 1429 3506 1455 3508 1646 3527 1649 3527 1651 3527 1654 3527 1681 3506 1710 3506 1764 3506 1785 3506 2000 3519 2002 3519 2343 3503 2426 3500 2434 3503 2456 3519 2458 3519 2461 3519 2464 3522 2651 3522 2651 3519 2654 3519 2657 3519 2681 3503 2684 3503 2761 3503 2761 3471 2753 3417 2238 3417 2145 3401 2142 3401 2139 3401 2104 3420 1962 3420 1887 3382 1884 3382 1670 3380 1667 3380 1155 3385 1152 3385 1061 3415 1016 3385 1013 3385 1010 3385 938 3385 935 3385 732 3388 729 3388 726 3388 659 3428 595 3417 592 3417 437 3431 396 3412 394 3412 391 3412 209 3433 211 3490"/></Shape>
	    <String CONTENT="à s’arroger des droits dont ils bénéficiaient sous l’ancien régime."
                    HPOS="209.0"
                    VPOS="3380.0"
                    WIDTH="2552.0"
                    HEIGHT="152.0"></String>
          </TextLine>

          
          
          <TextLine ID="eSc_line_e68d9c42"
                    TAGREFS="LT2525"
                    BASELINE="437 3648 2869 3634" 
                    HPOS="434.0"
                    VPOS="3524.0"
                    WIDTH="2435.0"
                    HEIGHT="169.0">
            <Shape><Polygon POINTS="437 3648 437 3672 640 3693 643 3693 646 3693 702 3672 713 3669 788 3672 1008 3683 1010 3683 1083 3672 1112 3666 1136 3672 1193 3683 1195 3683 1198 3683 1236 3669 1244 3666 1590 3664 1699 3669 1992 3685 1994 3685 1997 3685 2048 3666 2053 3666 2056 3666 2080 3685 2083 3685 2086 3685 2088 3688 2206 3688 2206 3685 2209 3685 2212 3685 2238 3666 2244 3664 2281 3666 2423 3683 2426 3683 2571 3666 2598 3664 2608 3666 2643 3677 2646 3677 2649 3677 2702 3666 2726 3661 2866 3664 2869 3634 2860 3524 2394 3538 2354 3527 2340 3524 2338 3524 2335 3524 2332 3524 2330 3524 2327 3527 2308 3541 2150 3541 2126 3530 2120 3527 2118 3527 2115 3527 2112 3527 2102 3530 2069 3541 2051 3530 2043 3524 2040 3524 2037 3524 2035 3524 2032 3524 2016 3530 1994 3538 1965 3530 1933 3524 1930 3524 1858 3532 1756 3543 1555 3535 1429 3530 1426 3530 1423 3530 1399 3535 1359 3546 1273 3538 1222 3532 1220 3532 1217 3532 1214 3532 1206 3538 1187 3549 1040 3541 1002 3538 1000 3538 997 3538 992 3541 917 3567 568 3567 533 3543 530 3541 528 3541 525 3541 522 3541 434 3543 437 3648"/></Shape>
	    <String CONTENT="Et cet argument était tellement évident que petit à petit, il se"
                    HPOS="434.0"
                    VPOS="3524.0"
                    WIDTH="2435.0"
                    HEIGHT="169.0"></String>
          </TextLine>

          
          
          <TextLine ID="eSc_line_0d5b57b4"
                    TAGREFS="LT2525"
                    BASELINE="206 3803 1069 3809 2860 3787" 
                    HPOS="206.0"
                    VPOS="3707.0"
                    WIDTH="2654.0"
                    HEIGHT="136.0">
            <Shape><Polygon POINTS="206 3731 206 3803 206 3833 1069 3843 1072 3843 1131 3830 1147 3827 1163 3830 1206 3841 1209 3841 1211 3841 1324 3830 1378 3825 1413 3830 1472 3838 1474 3838 1477 3838 1509 3830 1536 3822 1579 3827 1643 3838 1646 3838 1710 3827 1753 3822 1871 3827 2037 3835 2040 3835 2083 3827 2128 3817 2196 3825 2249 3833 2252 3833 2255 3833 2276 3825 2297 3819 2340 3825 2391 3833 2394 3833 2397 3833 2415 3825 2434 3817 2855 3822 2860 3787 2852 3734 2745 3736 2726 3731 2692 3720 2689 3720 2686 3720 2684 3720 2681 3720 2665 3731 2643 3744 2504 3744 2477 3728 2434 3707 2431 3707 2429 3707 2426 3707 2423 3707 2391 3728 2364 3747 2212 3747 2139 3725 2123 3723 2120 3723 2118 3723 2021 3725 1343 3752 1238 3723 1236 3723 1233 3723 1230 3723 1228 3723 1179 3755 1091 3755 970 3717 938 3707 935 3707 933 3707 214 3709 206 3731"/></Shape>
	    <String CONTENT="trouva des prélats pour souscrire un CONCORDAT avec le nouveau"
                    HPOS="206.0"
                    VPOS="3707.0"
                    WIDTH="2654.0"
                    HEIGHT="136.0"></String>
          </TextLine>

          
          
          <TextLine ID="eSc_line_fb337e7b"
                    TAGREFS="LT2525"
                    BASELINE="225 3951 1801 3959 2783 3945" 
                    HPOS="222.0"
                    VPOS="3868.0"
                    WIDTH="2561.0"
                    HEIGHT="142.0">
            <Shape><Polygon POINTS="225 3951 225 3985 699 4007 702 4007 705 4007 707 4007 740 3985 742 3983 756 3985 817 3996 820 3996 823 3996 847 3985 849 3983 866 3983 1034 4007 1037 4007 1040 4007 1088 3983 1096 3980 1107 3983 1185 4007 1187 4007 1190 4007 1193 4007 1270 3983 1273 3980 1407 3977 1426 3983 1485 3999 1488 3999 1490 3999 1565 3980 1584 3977 1619 3980 1726 3994 1729 3994 1809 3980 1815 3980 1817 3980 1855 3999 1858 3999 1860 3999 1863 3999 1925 3980 1927 3980 1989 3994 1992 3994 1994 3994 1997 3994 2019 3980 2024 3977 2182 3977 2187 3977 2222 3994 2225 3994 2228 3996 2228 3994 2230 3994 2268 3977 2271 3977 2273 3977 2340 4007 2343 4007 2346 4010 2440 4010 2440 4007 2579 3977 2582 3977 2780 3977 2783 3945 2775 3900 2611 3900 2603 3900 2555 3884 2552 3884 2549 3884 2477 3900 2458 3902 2453 3900 2410 3870 2407 3870 2405 3870 2402 3870 2399 3870 2332 3889 2220 3868 2217 3868 2115 3870 2112 3870 2059 3900 2013 3876 2011 3876 2008 3876 2005 3876 2002 3876 1965 3900 1960 3905 1874 3905 1863 3900 1758 3868 1756 3868 1354 3868 1351 3868 1348 3868 1346 3868 1295 3902 1292 3902 1287 3902 1195 3876 1193 3876 1190 3876 1187 3876 1185 3876 1142 3902 1139 3902 1126 3902 989 3886 986 3886 908 3902 903 3905 597 3905 595 3902 560 3881 557 3881 555 3881 552 3881 549 3881 514 3900 474 3878 471 3878 469 3878 466 3878 423 3900 311 3889 308 3889 222 3902 225 3951"/></Shape>
	    <String CONTENT="régime. [Je fais remarquer que l’Eglise orthodoxe, est et était déja, TOUT A"
                    HPOS="222.0"
                    VPOS="3868.0"
                    WIDTH="2561.0"
                    HEIGHT="142.0"></String>
          </TextLine>

          
          
          <TextLine ID="eSc_line_e780f3da"
                    TAGREFS="LT2525"
                    BASELINE="217 4114 2863 4103" 
                    HPOS="214.0"
                    VPOS="4020.0"
                    WIDTH="2649.0"
                    HEIGHT="134.0">
            <Shape><Polygon POINTS="217 4114 217 4141 643 4154 646 4154 648 4154 699 4141 705 4141 713 4141 793 4154 796 4154 895 4141 938 4136 978 4141 1053 4152 1056 4152 1059 4152 1088 4141 1104 4136 1123 4141 1161 4152 1163 4152 1166 4152 1321 4141 1388 4136 1396 4141 1421 4152 1423 4152 1426 4152 1429 4152 1453 4141 1458 4138 1496 4141 1649 4149 1651 4149 1721 4138 1785 4130 1946 4130 1962 4138 1986 4149 1989 4149 1992 4149 2104 4138 2222 4128 2858 4136 2863 4103 2855 4036 2638 4052 2582 4039 2552 4031 2549 4031 2547 4031 2544 4031 2525 4039 2496 4052 2434 4039 2364 4026 2362 4026 2271 4042 2212 4052 2177 4042 2126 4028 2123 4028 2120 4028 2118 4028 2069 4044 2043 4052 2029 4044 1992 4020 1989 4020 1986 4020 1541 4020 1539 4020 1536 4020 1434 4052 1410 4058 1372 4052 1228 4028 1225 4028 1104 4055 1091 4058 1083 4055 1032 4036 1029 4036 1026 4036 1024 4036 981 4055 879 4036 876 4036 734 4061 721 4061 697 4061 455 4044 453 4044 450 4044 447 4044 418 4063 332 4063 257 4044 254 4044 252 4044 214 4061 217 4114"/></Shape>
	    <String CONTENT="FAIT INDEPENDANTE de l’Eglise Catholique ou autres, donc n’obéissait ni aux"
                    HPOS="214.0"
                    VPOS="4020.0"
                    WIDTH="2649.0"
                    HEIGHT="134.0"></String>
          </TextLine>

          
          
          <TextLine ID="eSc_line_274b60e7"
                    TAGREFS="LT2525"
                    BASELINE="222 4267 2761 4262" 
                    HPOS="219.0"
                    VPOS="4157.0"
                    WIDTH="2542.0"
                    HEIGHT="164.0">
            <Shape><Polygon POINTS="222 4267 222 4294 311 4310 313 4310 316 4310 356 4296 423 4318 426 4318 429 4318 552 4294 557 4294 563 4294 608 4310 611 4310 614 4310 616 4310 619 4310 643 4296 777 4296 820 4318 823 4318 825 4321 919 4321 919 4318 922 4318 925 4318 951 4299 1080 4318 1083 4318 1241 4302 1394 4318 1396 4318 1399 4318 1402 4318 1442 4294 1772 4315 1775 4315 1777 4315 1831 4291 1842 4288 2255 4288 2265 4291 2303 4302 2305 4302 2308 4302 2311 4302 2332 4291 2340 4288 2756 4288 2761 4262 2756 4160 2324 4157 2322 4157 2263 4162 2260 4162 2257 4162 2252 4168 2193 4203 1890 4203 1823 4173 1799 4165 1796 4165 1555 4157 1552 4157 1549 4157 1509 4170 1348 4160 1346 4160 1343 4160 1313 4176 876 4176 855 4162 852 4162 849 4162 847 4162 844 4162 769 4192 740 4203 219 4203 222 4267"/></Shape>
	    <String CONTENT="PAPES, ni aux Eglises réformées.] En fait ce concordat ressemble"
                    HPOS="219.0"
                    VPOS="4157.0"
                    WIDTH="2542.0"
                    HEIGHT="164.0"></String>
          </TextLine>

          
          
          <TextLine ID="eSc_line_22943b10"
                    TAGREFS="LT2525"
                    BASELINE="209 4428 2866 4414" 
                    HPOS="206.0"
                    VPOS="4315.0"
                    WIDTH="2660.0"
                    HEIGHT="180.0">
            <Shape><Polygon POINTS="2860 4342 2850 4321 1820 4315 1817 4315 1734 4323 1689 4331 1686 4331 1683 4331 1627 4366 1177 4366 1088 4347 1085 4347 1083 4347 1016 4369 790 4369 740 4342 737 4342 734 4342 732 4342 670 4369 477 4355 474 4355 394 4369 302 4326 292 4323 289 4323 286 4323 206 4326 209 4428 209 4495 329 4492 332 4492 335 4492 378 4465 488 4492 490 4492 493 4492 496 4492 573 4460 638 4479 640 4479 643 4479 646 4479 726 4457 793 4479 796 4479 799 4479 801 4479 858 4455 962 4457 1002 4479 1005 4479 1008 4479 1169 4455 1222 4484 1233 4489 1236 4489 1238 4489 1437 4487 1439 4487 1450 4481 1493 4465 1568 4481 1576 4481 1579 4481 1581 4481 1584 4481 1622 4457 1643 4468 1646 4468 1649 4468 1721 4455 1842 4455 1933 4476 1962 4484 1965 4484 1968 4484 1970 4484 1994 4476 2075 4449 2255 4449 2354 4471 2399 4481 2402 4484 2482 4484 2482 4481 2485 4481 2488 4481 2504 4471 2547 4447 2785 4447 2860 4465 2866 4414 2863 4412 2860 4342"/></Shape>
	    <String CONTENT="beaucoup à la convention française, de la séparation des Eglises et de"
                    HPOS="206.0"
                    VPOS="4315.0"
                    WIDTH="2660.0"
                    HEIGHT="180.0"></String>
          </TextLine>

          
          
          <TextLine ID="eSc_line_47229d87"
                    TAGREFS="LT2525"
                    BASELINE="214 4589 568 4589" 
                    HPOS="214.0"
                    VPOS="4471.0"
                    WIDTH="354.0"
                    HEIGHT="144.0">
            <Shape><Polygon POINTS="214 4589 214 4613 565 4615 568 4589 568 4511 490 4511 479 4503 415 4471 412 4471 410 4471 214 4481 214 4589"/></Shape>
	    <String CONTENT="l’Etat."
                    HPOS="214.0"
                    VPOS="4471.0"
                    WIDTH="354.0"
                    HEIGHT="144.0"></String>
          </TextLine>

          
          
          <TextLine ID="eSc_line_dee71168"
                    TAGREFS="LT2525"
                    BASELINE="1391 4586 2354 4581" 
                    HPOS="1388.0"
                    VPOS="4476.0"
                    WIDTH="966.0"
                    HEIGHT="193.0">
            <Shape><Polygon POINTS="1391 4586 1391 4626 1453 4658 1455 4658 1458 4658 1461 4658 1464 4658 1506 4623 1512 4621 1750 4621 1791 4656 1791 4658 1793 4658 1796 4658 1799 4658 1801 4658 1804 4658 1855 4623 1906 4666 1909 4666 1911 4666 1914 4669 2155 4669 2155 4666 2158 4666 2161 4666 2193 4640 2273 4656 2276 4656 2279 4656 2354 4615 2354 4581 2346 4476 2166 4481 2163 4481 2161 4481 2161 4484 2120 4522 2029 4522 2002 4497 2000 4497 1997 4497 1994 4497 1992 4497 1989 4497 1989 4500 1965 4522 1868 4522 1815 4479 1812 4479 1809 4479 1807 4479 1804 4479 1694 4524 1646 4524 1627 4506 1627 4503 1624 4503 1622 4503 1619 4503 1616 4503 1579 4519 1490 4479 1488 4479 1485 4479 1482 4479 1388 4479 1391 4586"/></Shape>
	    <String CONTENT="(Suite et fin page 19)."
                    HPOS="1388.0"
                    VPOS="4476.0"
                    WIDTH="966.0"
                    HEIGHT="193.0"></String>
          </TextLine>

          
        </TextBlock>
        
        <TextBlock HPOS="2447.0"
                   VPOS="183.0"
                   WIDTH="314.0"
                   HEIGHT="214.0"
                   ID="eSc_textblock_1be7c737"
                   TAGREFS="BT7524">
          <Shape><Polygon POINTS="2761 356 2761 183 2447 210 2452 397 2520 388"/></Shape>
          
          
          <TextLine ID="eSc_line_7a62e74f"
                    TAGREFS="LT2525"
                    BASELINE="2520 316 2675 308" 
                    HPOS="2512.0"
                    VPOS="201.0"
                    WIDTH="163.0"
                    HEIGHT="160.0">
            <Shape><Polygon POINTS="2520 316 2520 361 2675 361 2675 308 2667 203 2512 201 2520 316"/></Shape>
	    <String CONTENT="18"
                    HPOS="2512.0"
                    VPOS="201.0"
                    WIDTH="163.0"
                    HEIGHT="160.0"></String>
          </TextLine>

          
        </TextBlock>
        

        
      </PrintSpace>
    </Page>
  </Layout>
</alto>
