<?xml version="1.0" encoding="UTF-8"?>
<alto xmlns:xsi="http://www.w3.org/2001/XMLSchema-instance"
      xmlns="http://www.loc.gov/standards/alto/ns-v4#"
      xsi:schemaLocation="http://www.loc.gov/standards/alto/ns-v4# http://www.loc.gov/standards/alto/v4/alto-4-2.xsd">
  <Description>
    <MeasurementUnit>pixel</MeasurementUnit>
    <sourceImageInformation>
      <fileName>D.4.eurasie-7-8_0079.jpg</fileName>
      
    </sourceImageInformation>
  </Description>
  
  <Tags>
    <OtherTag ID="BT7525" LABEL="MarginTextZone" DESCRIPTION="block type MarginTextZone"/><OtherTag ID="BT7524" LABEL="NumberingZone" DESCRIPTION="block type NumberingZone"/><OtherTag ID="BT7523" LABEL="MainZone" DESCRIPTION="block type MainZone"/>
    <OtherTag ID="LT2526" LABEL="InterlinearLine" DESCRIPTION="line type InterlinearLine"/><OtherTag ID="LT2525" LABEL="DefaultLine" DESCRIPTION="line type DefaultLine"/>
  </Tags>
  
  <Layout>
    <Page WIDTH="3031"
          HEIGHT="4836"
          PHYSICAL_IMG_NR="61"
          ID="eSc_dummypage_">
      <PrintSpace HPOS="0"
                  VPOS="0"
                  WIDTH="3031"
                  HEIGHT="4836">
        
        <TextBlock HPOS="70.0"
                   VPOS="57.0"
                   WIDTH="2909.0"
                   HEIGHT="4761.0"
                   ID="eSc_textblock_0bd613a3"
                   TAGREFS="BT7523">
          <Shape><Polygon POINTS="84 57 70 4714 2956 4818 2979 561 2433 491 2509 69"/></Shape>
          
          
          <TextLine ID="eSc_line_7427ae4d"
                    TAGREFS="LT2525"
                    BASELINE="274 204 656 212" 
                    HPOS="266.0"
                    VPOS="0.0"
                    WIDTH="386.0"
                    HEIGHT="270.0">
            <Shape><Polygon POINTS="632 4 592 4 552 4 511 4 471 4 431 4 390 4 350 4 310 4 270 0 270 201 266 270 648 257 652 209 652 4 632 4"/></Shape>
	    <String CONTENT="22-17-115"
                    HPOS="266.0"
                    VPOS="0.0"
                    WIDTH="386.0"
                    HEIGHT="270.0"></String>
          </TextLine>

          
          
          <TextLine ID="eSc_line_ce9a4822"
                    TAGREFS="LT2525"
                    BASELINE="697 213 733 214 2235 201" 
                    HPOS="689.0"
                    VPOS="4.0"
                    WIDTH="1543.0"
                    HEIGHT="245.0">
            <Shape><Polygon POINTS="2180 4 2140 4 2099 4 2059 4 2019 4 1979 4 1938 4 1898 4 1858 4 1817 4 1777 4 1737 4 1696 4 1656 4 1616 4 1575 4 1535 4 1495 4 1455 4 1414 4 1374 4 1334 4 1293 4 1253 4 1213 4 1172 4 1132 4 1092 4 1051 4 1011 4 971 4 931 4 890 4 850 4 810 4 769 4 729 4 689 4 693 209 693 249 2228 237 2232 197 2224 4 2220 4 2180 4"/></Shape>
	    <String CONTENT="MON DERNIER JOUR A SHANGAY."
                    HPOS="689.0"
                    VPOS="4.0"
                    WIDTH="1543.0"
                    HEIGHT="245.0"></String>
          </TextLine>

          
          
          <TextLine ID="eSc_line_c9c19797"
                    TAGREFS="LT2525"
                    BASELINE="276 376 569 373" 
                    HPOS="270.0"
                    VPOS="261.0"
                    WIDTH="298.0"
                    HEIGHT="146.0">
            <Shape><Polygon POINTS="274 374 274 407 568 407 568 370 560 265 270 261 274 374"/></Shape>
	    <String CONTENT="28/8 M."
                    HPOS="270.0"
                    VPOS="261.0"
                    WIDTH="298.0"
                    HEIGHT="146.0"></String>
          </TextLine>

          
          
          <TextLine ID="eSc_line_af1a0f04"
                    TAGREFS="LT2525"
                    BASELINE="589 372 1483 362 2281 373" 
                    HPOS="584.0"
                    VPOS="253.0"
                    WIDTH="1693.0"
                    HEIGHT="166.0">
            <Shape><Polygon POINTS="588 370 588 419 2273 394 2277 370 2269 286 1825 294 1809 290 1757 253 1753 253 1749 253 1132 253 1128 253 1124 253 995 298 584 298 588 370"/></Shape>
	    <String CONTENT="DEPART VERS L’EUROPE, EN BATEAU"
                    HPOS="584.0"
                    VPOS="253.0"
                    WIDTH="1693.0"
                    HEIGHT="166.0"></String>
          </TextLine>

          
          
          <TextLine ID="eSc_line_1fc28bf8"
                    TAGREFS="LT2525"
                    BASELINE="553 531 1735 521" 
                    HPOS="550.0"
                    VPOS="448.0"
                    WIDTH="1185.0"
                    HEIGHT="121.0">
            <Shape><Polygon POINTS="553 531 553 566 851 553 875 564 886 569 889 569 892 569 929 564 986 553 1042 561 1109 569 1112 569 1115 569 1152 558 1171 553 1187 558 1222 566 1225 566 1227 566 1494 553 1649 564 1652 564 1733 545 1735 521 1730 467 1526 448 1523 448 1292 454 1289 454 1270 462 1262 467 1184 462 1031 451 1029 451 959 462 924 464 854 459 765 454 763 454 760 454 744 459 704 472 677 459 666 454 663 454 661 454 550 456 553 531"/></Shape>
	    <String CONTENT="DE MONSIEUR SCHERER."
                    HPOS="550.0"
                    VPOS="448.0"
                    WIDTH="1185.0"
                    HEIGHT="121.0"></String>
          </TextLine>

          
          
          <TextLine ID="eSc_line_67f78dc2"
                    TAGREFS="LT2525"
                    BASELINE="626 690 2692 685" 
                    HPOS="623.0"
                    VPOS="607.0"
                    WIDTH="2069.0"
                    HEIGHT="137.0">
            <Shape><Polygon POINTS="626 690 628 728 669 717 701 728 736 741 738 741 741 744 843 744 843 741 846 741 849 741 867 728 889 717 1023 717 1061 728 1107 741 1109 741 1112 741 1115 741 1117 741 1139 728 1155 717 1184 728 1222 741 1225 741 1227 741 1230 741 1257 728 1265 728 1445 741 1448 741 1451 741 1477 728 1496 717 1617 725 1741 736 1743 736 1746 736 1749 736 1765 725 1786 714 1905 714 1953 725 2004 738 2007 738 2009 738 2144 725 2179 722 2192 725 2232 736 2235 736 2238 736 2241 736 2275 725 2310 714 2353 725 2404 736 2407 736 2410 736 2412 736 2429 725 2447 714 2687 722 2692 685 2684 639 2539 639 2531 636 2466 607 2464 607 2289 607 2286 607 2241 609 2238 609 2235 609 2206 631 2195 639 2149 631 2063 615 2060 615 2058 615 2028 628 2009 642 1794 642 1773 625 1754 612 1751 612 1749 612 1746 612 1743 612 1706 625 1703 625 1698 625 1660 609 1657 609 1655 609 1652 609 1622 623 1590 639 1504 623 1475 617 1472 617 1469 617 1467 617 1461 623 1432 642 1389 628 1386 628 1383 628 1287 642 1233 617 1217 612 1214 612 1211 612 1209 612 1206 612 1198 617 1174 634 1125 617 1117 615 1115 615 1112 615 1109 615 1104 617 1047 642 1010 615 1004 612 1002 612 999 612 996 612 994 612 980 615 878 644 738 644 698 612 695 609 693 609 690 609 687 609 623 609 626 690"/></Shape>
	    <String CONTENT="Les espérantistes de Shangay et moi, ⋎ avons accompagné M^r Schérer au"
                    HPOS="623.0"
                    VPOS="607.0"
                    WIDTH="2069.0"
                    HEIGHT="137.0"></String>
          </TextLine>

          
          
          <TextLine ID="eSc_line_b61246dd"
                    TAGREFS="LT2526"
                    BASELINE="1674 609 2273 596" 
                    HPOS="1668.0"
                    VPOS="510.0"
                    WIDTH="605.0"
                    HEIGHT="132.0">
            <Shape><Polygon POINTS="1674 631 2028 642 2031 642 2227 636 2230 636 2273 617 2273 596 2267 540 2184 529 2181 529 2152 531 2069 545 2034 529 2031 529 2028 529 2026 529 2023 529 2023 531 2004 550 1886 556 1811 542 1781 515 1778 513 1778 510 1776 510 1773 510 1668 510 1674 609"/></Shape>
	    <String CONTENT="Le 16 novembre 1930"
                    HPOS="1668.0"
                    VPOS="510.0"
                    WIDTH="605.0"
                    HEIGHT="132.0"></String>
          </TextLine>

          
          
          <TextLine ID="eSc_line_05812fd8"
                    TAGREFS="LT2525"
                    BASELINE="252 848 2842 848" 
                    HPOS="252.0"
                    VPOS="773.0"
                    WIDTH="2590.0"
                    HEIGHT="137.0">
            <Shape><Polygon POINTS="252 848 252 878 394 905 397 905 518 902 521 902 580 881 722 897 725 897 728 897 784 881 854 908 857 908 859 908 1004 881 1061 900 1064 900 1066 900 1150 886 1190 908 1193 908 1195 910 1456 910 1456 908 1459 908 1558 883 1776 908 1778 908 1781 908 1835 881 1931 881 2028 908 2031 908 2034 910 2171 910 2171 908 2173 908 2249 881 2421 881 2509 900 2512 900 2515 900 2555 881 2657 881 2719 905 2721 905 2724 905 2727 905 2730 905 2770 881 2842 881 2842 848 2842 803 2665 776 2662 776 2660 776 2614 787 2469 773 2466 773 2464 773 2461 773 2423 797 2421 797 2386 779 2383 779 2380 779 2378 779 2335 795 2332 797 2326 795 2278 773 2275 773 1897 773 1894 773 1891 773 1859 789 1854 792 1846 789 1789 773 1786 773 1784 773 1781 773 1735 789 1708 800 1502 800 1445 787 1397 773 1394 773 1391 773 1389 773 1365 784 1332 803 1260 803 1227 784 1222 779 1219 779 1217 779 1131 773 1128 773 1125 773 1104 781 1077 792 1042 781 1034 779 1031 779 1029 779 1026 779 1015 781 951 797 910 784 908 784 905 784 902 784 857 803 413 803 368 773 365 773 362 773 252 773 252 848"/></Shape>
	    <String CONTENT="bateau, comme un parent. Depuis je n’aurais plus entendu parler de lui, si par"
                    HPOS="252.0"
                    VPOS="773.0"
                    WIDTH="2590.0"
                    HEIGHT="137.0"></String>
          </TextLine>

          
          
          <TextLine ID="eSc_line_cbbc3524"
                    TAGREFS="LT2525"
                    BASELINE="255 1010 2869 1002" 
                    HPOS="252.0"
                    VPOS="921.0"
                    WIDTH="2617.0"
                    HEIGHT="134.0">
            <Shape><Polygon POINTS="255 1010 255 1034 475 1034 480 1034 526 1055 529 1055 532 1055 534 1055 577 1034 580 1034 623 1034 886 1047 889 1047 1101 1034 1125 1034 1128 1034 1166 1053 1168 1053 1171 1055 1512 1055 1512 1053 1515 1053 1518 1053 1542 1037 1644 1053 1647 1053 1649 1053 1687 1034 1717 1047 1719 1047 1722 1047 1811 1034 1832 1031 1854 1034 1972 1053 1974 1053 2155 1034 2181 1031 2198 1034 2281 1050 2283 1050 2386 1034 2439 1050 2442 1050 2445 1050 2447 1050 2501 1034 2566 1050 2568 1050 2571 1050 2867 1031 2869 1002 2864 934 2826 926 2824 926 2821 926 2805 934 2770 951 2689 932 2665 929 2662 929 2660 929 2646 932 2603 945 2560 932 2555 932 2552 932 2550 932 2528 932 2329 951 2254 932 2211 921 2208 921 1999 921 1996 921 1859 924 1824 932 1730 956 1354 956 1225 929 1214 929 1211 929 1201 929 1064 956 814 937 811 937 480 956 424 929 419 926 416 926 413 926 411 926 408 926 408 929 370 951 327 929 322 926 319 926 317 926 252 926 255 1010"/></Shape>
	    <String CONTENT="hasard, vers 1970-72, j’ai appris par un journal espérantiste, que tout de suite"
                    HPOS="252.0"
                    VPOS="921.0"
                    WIDTH="2617.0"
                    HEIGHT="134.0"></String>
          </TextLine>

          
          
          <TextLine ID="eSc_line_687ee3f6"
                    TAGREFS="LT2525"
                    BASELINE="263 1174 2891 1168" 
                    HPOS="260.0"
                    VPOS="1090.0"
                    WIDTH="2631.0"
                    HEIGHT="127.0">
            <Shape><Polygon POINTS="263 1174 263 1217 378 1214 381 1214 429 1195 636 1195 706 1214 709 1214 712 1214 714 1214 755 1195 803 1214 806 1214 808 1214 811 1214 814 1214 816 1214 878 1195 1125 1211 1190 1214 1193 1214 1227 1211 1338 1195 1429 1195 1453 1209 1461 1214 1464 1214 1467 1214 1469 1214 1472 1214 1475 1214 1483 1209 1499 1198 1534 1209 1547 1211 1550 1211 1553 1211 1577 1206 1649 1192 1725 1206 1773 1214 1776 1217 1891 1217 1891 1214 1894 1214 1921 1203 1956 1192 2101 1203 2189 1209 2192 1209 2195 1209 2211 1203 2224 1195 2235 1200 2254 1214 2257 1214 2259 1214 2262 1217 2474 1217 2474 1214 2477 1214 2507 1200 2512 1198 2544 1200 2746 1214 2748 1214 2891 1195 2891 1168 2888 1114 2829 1090 2826 1090 2824 1090 2625 1109 2560 1090 2558 1090 2555 1090 2359 1096 2281 1112 2146 1090 2144 1090 2141 1090 2138 1090 2101 1114 2031 1114 1999 1093 1996 1093 1993 1093 1862 1090 1859 1090 1856 1090 1808 1114 1717 1114 1617 1090 1614 1090 1612 1090 1534 1117 1451 1117 1405 1093 1402 1093 1399 1093 1270 1114 1209 1093 1206 1093 1203 1093 1123 1112 1077 1093 1074 1093 1072 1093 991 1106 859 1093 857 1093 854 1093 800 1117 722 1117 642 1093 639 1093 636 1093 634 1093 631 1093 596 1117 472 1117 368 1093 365 1093 260 1117 263 1174"/></Shape>
	    <String CONTENT="après son retour aux U.S.A, il avait réussit à publier un livre, illustré de nombreu-"
                    HPOS="260.0"
                    VPOS="1090.0"
                    WIDTH="2631.0"
                    HEIGHT="127.0"></String>
          </TextLine>

          
          
          <TextLine ID="eSc_line_8b65ca27"
                    TAGREFS="LT2525"
                    BASELINE="257 1327 2703 1332" 
                    HPOS="257.0"
                    VPOS="1243.0"
                    WIDTH="2446.0"
                    HEIGHT="148.0">
            <Shape><Polygon POINTS="257 1327 257 1359 389 1356 397 1359 435 1378 437 1378 440 1378 443 1378 489 1359 502 1356 642 1356 658 1359 725 1378 728 1378 730 1378 733 1378 736 1378 763 1359 771 1356 1021 1356 1029 1359 1080 1386 1082 1386 1085 1389 1236 1389 1236 1386 1238 1386 1284 1364 1386 1359 1451 1356 1477 1359 1674 1389 1676 1389 1840 1359 1843 1359 1899 1389 1902 1389 1905 1391 2184 1391 2184 1389 2187 1389 2235 1364 2313 1389 2316 1389 2318 1391 2515 1391 2515 1389 2517 1389 2520 1389 2568 1359 2700 1356 2703 1332 2700 1273 2550 1249 2547 1249 2544 1249 2485 1270 2466 1278 2292 1278 2278 1270 2249 1251 2246 1251 2243 1251 2133 1251 2130 1251 2128 1251 2125 1251 2101 1268 2085 1276 1520 1273 1507 1265 1480 1246 1477 1246 1475 1246 1472 1246 1335 1262 1270 1270 1244 1262 1203 1249 1201 1249 1198 1249 1195 1249 1155 1262 1120 1273 1066 1262 1010 1249 1007 1249 1004 1249 980 1260 959 1270 878 1260 752 1243 435 1243 432 1243 429 1243 389 1257 338 1273 257 1257 257 1327"/></Shape>
	    <String CONTENT="ses photos. Il eut donc plus de chance que moi. Je rappelle, que je suis"
                    HPOS="257.0"
                    VPOS="1243.0"
                    WIDTH="2446.0"
                    HEIGHT="148.0"></String>
          </TextLine>

          
          
          <TextLine ID="eSc_line_9778903d"
                    TAGREFS="LT2525"
                    BASELINE="274 1496 2807 1485" 
                    HPOS="271.0"
                    VPOS="1405.0"
                    WIDTH="2536.0"
                    HEIGHT="145.0">
            <Shape><Polygon POINTS="274 1496 274 1523 335 1520 346 1523 384 1542 386 1542 389 1542 392 1542 459 1523 478 1520 747 1520 755 1523 800 1547 803 1547 806 1550 902 1550 902 1547 905 1547 972 1523 988 1517 1010 1523 1045 1531 1047 1531 1050 1531 1053 1531 1080 1523 1099 1517 1176 1523 1311 1531 1313 1531 1316 1531 1319 1531 1332 1523 1340 1517 1391 1523 1526 1534 1528 1534 1531 1534 1558 1520 1571 1515 1585 1520 1636 1542 1639 1542 1641 1544 1786 1544 1786 1542 1789 1542 1843 1520 1854 1517 1878 1520 2020 1542 2023 1544 2165 1544 2165 1542 2168 1542 2171 1542 2206 1520 2214 1515 2281 1512 2321 1520 2367 1528 2369 1528 2447 1520 2485 1515 2501 1520 2563 1539 2566 1539 2568 1539 2687 1526 2743 1539 2746 1539 2748 1539 2751 1539 2807 1517 2807 1485 2799 1405 2636 1429 2550 1410 2547 1410 2469 1426 2399 1410 2386 1407 2200 1407 2198 1407 2195 1407 2192 1407 2187 1413 2160 1431 2077 1415 2039 1407 2036 1407 1980 1415 1878 1431 1792 1418 1751 1413 1749 1413 1746 1413 1719 1421 1671 1431 1652 1421 1633 1407 1631 1407 1628 1407 1625 1407 1491 1423 1434 1429 1410 1423 1356 1410 1354 1410 1351 1410 1348 1410 1319 1426 1300 1437 1056 1437 1045 1429 1007 1410 1004 1410 908 1410 905 1410 902 1410 832 1431 816 1440 636 1440 623 1437 505 1413 502 1413 499 1413 497 1413 459 1437 459 1440 271 1440 274 1496"/></Shape>
	    <String CONTENT="revenu dans ma famille à Lavardac - Lot et-garonne, fin Juillet 1932, et que le"
                    HPOS="271.0"
                    VPOS="1405.0"
                    WIDTH="2536.0"
                    HEIGHT="145.0"></String>
          </TextLine>

          
          
          <TextLine ID="eSc_line_7af35847"
                    TAGREFS="LT2525"
                    BASELINE="263 1644 2791 1654" 
                    HPOS="260.0"
                    VPOS="1560.0"
                    WIDTH="2531.0"
                    HEIGHT="124.0">
            <Shape><Polygon POINTS="263 1638 263 1644 260 1673 1373 1668 2786 1684 2791 1654 2789 1579 2609 1566 2606 1566 2603 1566 2552 1579 2517 1587 2482 1579 2423 1566 2421 1566 2418 1566 2369 1579 2308 1601 2192 1601 2093 1598 2069 1582 2042 1563 2039 1563 2036 1563 1942 1563 1940 1563 1937 1563 1899 1582 1889 1587 1880 1582 1854 1571 1851 1571 1778 1566 1776 1566 1773 1566 1741 1585 1738 1585 1730 1585 1674 1571 1671 1571 1668 1571 1633 1585 1614 1590 1588 1585 1504 1566 1502 1566 1499 1566 1496 1566 1469 1585 1453 1595 1211 1595 1198 1587 1150 1560 1147 1560 924 1560 921 1560 918 1560 870 1587 862 1593 661 1593 658 1590 615 1569 612 1569 609 1569 480 1590 475 1590 470 1590 378 1569 376 1569 373 1569 370 1569 338 1590 335 1593 271 1593 263 1638"/></Shape>
	    <String CONTENT="lendemain de mon retour, dans un accident de travail, je me rompis la cheville"
                    HPOS="260.0"
                    VPOS="1560.0"
                    WIDTH="2531.0"
                    HEIGHT="124.0"></String>
          </TextLine>

          
          
          <TextLine ID="eSc_line_f399a8ea"
                    TAGREFS="LT2525"
                    BASELINE="268 1808 2791 1818" 
                    HPOS="268.0"
                    VPOS="1730.0"
                    WIDTH="2523.0"
                    HEIGHT="137.0">
            <Shape><Polygon POINTS="268 1808 271 1856 319 1840 346 1856 349 1859 352 1859 354 1859 357 1861 505 1861 505 1859 507 1859 510 1859 515 1856 550 1834 607 1848 609 1848 612 1848 757 1832 806 1853 814 1856 816 1856 999 1861 1002 1861 1004 1861 1039 1851 1096 1834 1139 1851 1141 1851 1144 1851 1147 1851 1168 1851 1356 1834 1408 1848 1410 1848 1413 1848 1416 1848 1440 1834 1464 1848 1475 1853 1477 1853 1480 1853 1536 1848 1628 1837 1727 1845 1921 1864 1923 1864 1926 1864 1929 1864 1953 1848 1972 1859 1974 1859 1977 1859 1980 1859 2026 1843 2050 1837 2155 1837 2173 1843 2249 1867 2251 1867 2254 1867 2429 1861 2431 1861 2480 1840 2482 1840 2485 1840 2566 1867 2568 1867 2571 1867 2574 1867 2636 1840 2730 1856 2732 1856 2735 1856 2789 1837 2791 1818 2789 1738 2576 1738 2574 1738 2571 1738 2523 1765 2243 1765 2155 1740 2136 1735 2133 1735 2130 1735 2128 1735 2109 1740 2063 1751 2039 1740 2028 1735 2026 1735 1859 1735 1856 1735 1854 1735 1840 1740 1794 1759 1606 1740 1499 1732 1496 1732 1494 1732 1453 1743 1394 1757 1308 1743 1270 1738 1268 1738 1265 1738 1249 1743 1217 1757 1184 1743 1158 1732 1155 1732 1152 1732 1150 1732 1123 1743 1112 1749 1093 1743 1050 1732 1047 1732 1045 1732 1042 1732 994 1746 948 1757 918 1746 908 1740 905 1740 902 1740 851 1746 768 1754 749 1746 714 1730 712 1730 709 1730 583 1732 580 1732 577 1732 556 1746 545 1754 534 1746 507 1730 505 1730 502 1730 499 1730 497 1730 454 1746 435 1757 357 1757 343 1749 319 1732 317 1732 314 1732 311 1732 309 1732 268 1746 268 1808"/></Shape>
	    <String CONTENT="du pied droit, ce qui de nouveau bouleversa mes projets et donc ma vie ; entre"
                    HPOS="268.0"
                    VPOS="1730.0"
                    WIDTH="2523.0"
                    HEIGHT="137.0"></String>
          </TextLine>

          
          
          <TextLine ID="eSc_line_cac7af80"
                    TAGREFS="LT2525"
                    BASELINE="268 1974 2590 1969" 
                    HPOS="268.0"
                    VPOS="1894.0"
                    WIDTH="2322.0"
                    HEIGHT="126.0">
            <Shape><Polygon POINTS="268 1996 429 2012 432 2012 435 2012 467 1998 472 1996 650 1996 655 1998 698 2017 701 2017 704 2017 1039 1998 1115 1996 1141 1998 1222 2012 1225 2012 1281 2001 1324 2017 1327 2017 1330 2020 1405 2020 1405 2017 1408 2017 1410 2017 1434 1998 1445 1993 1585 1993 1596 2001 1617 2015 1620 2015 1622 2015 1625 2015 1628 2015 1657 2001 1674 1993 1722 2001 1781 2009 1784 2009 1786 2009 1811 2001 1832 1993 1956 2001 2047 2006 2050 2006 2079 2001 2109 1996 2138 2001 2198 2015 2200 2015 2587 2001 2590 1969 2584 1907 2523 1894 2520 1894 2517 1894 2490 1907 2464 1920 2257 1920 2219 1907 2181 1894 2179 1894 2176 1894 2173 1894 2141 1907 2122 1915 2103 1907 2074 1894 2071 1894 2069 1894 2066 1894 2039 1907 2017 1920 1886 1920 1854 1907 1819 1894 1816 1894 1813 1894 1811 1894 1781 1907 1762 1918 1687 1918 1665 1907 1644 1894 1641 1894 1639 1894 1582 1894 1579 1894 1577 1894 1574 1894 1555 1907 1542 1915 1515 1907 1467 1894 1464 1894 1461 1894 1459 1894 1456 1894 1437 1907 1413 1923 1316 1923 1265 1907 1222 1896 1219 1896 1104 1896 1101 1896 1099 1896 1077 1907 1058 1918 1042 1907 1018 1896 1015 1896 1013 1896 1010 1896 1007 1896 991 1907 972 1920 867 1907 787 1899 784 1899 781 1899 755 1907 728 1918 712 1907 695 1896 693 1896 690 1896 505 1896 502 1896 499 1896 497 1896 480 1910 462 1920 413 1910 357 1896 354 1896 352 1896 319 1910 295 1918 268 1910 268 1974 268 1996"/></Shape>
	    <String CONTENT="autre chose, l’ajournement indéterminé de la mise au net de mon récit."
                    HPOS="268.0"
                    VPOS="1894.0"
                    WIDTH="2322.0"
                    HEIGHT="126.0"></String>
          </TextLine>

          
          
          <TextLine ID="eSc_line_8017cf0c"
                    TAGREFS="LT2525"
                    BASELINE="575 2127 2829 2127" 
                    HPOS="575.0"
                    VPOS="2052.0"
                    WIDTH="2254.0"
                    HEIGHT="129.0">
            <Shape><Polygon POINTS="575 2127 575 2181 760 2181 760 2178 763 2178 765 2178 867 2152 978 2152 1064 2176 1072 2178 1074 2178 1077 2181 1211 2181 1211 2178 1227 2176 1335 2152 1542 2152 1571 2170 1574 2170 1577 2170 1579 2170 1582 2170 1625 2152 1698 2168 1700 2168 1703 2168 1735 2152 1897 2170 1899 2170 1983 2157 2052 2170 2093 2178 2095 2181 2192 2181 2192 2178 2195 2178 2222 2170 2275 2152 2316 2170 2318 2170 2321 2170 2324 2170 2345 2170 2509 2152 2660 2152 2695 2168 2724 2178 2727 2178 2730 2178 2829 2165 2829 2127 2829 2076 2703 2076 2700 2074 2668 2052 2665 2052 2662 2052 2576 2052 2574 2052 2571 2052 2523 2074 2490 2052 2488 2052 2485 2052 2482 2052 2480 2052 2418 2068 2343 2052 2340 2052 2337 2052 2335 2052 2302 2074 2300 2074 2289 2074 2155 2052 2152 2052 2074 2066 1940 2057 1937 2057 1934 2057 1931 2057 1910 2071 1905 2076 1727 2076 1719 2071 1676 2052 1674 2052 1671 2052 1598 2066 1555 2052 1553 2052 1550 2052 1547 2052 1545 2052 1518 2071 1512 2074 1504 2071 1464 2052 1461 2052 1459 2052 1254 2060 1252 2060 1249 2060 1238 2068 1230 2074 1187 2068 1039 2052 972 2052 970 2052 967 2052 964 2052 943 2068 932 2074 575 2068 575 2127"/></Shape>
	    <String CONTENT="Je quittais Shangay A vélo, direction NANKIN, but à atteindre KANTON"
                    HPOS="575.0"
                    VPOS="2052.0"
                    WIDTH="2254.0"
                    HEIGHT="129.0"></String>
          </TextLine>

          
          
          <TextLine ID="eSc_line_809ed9b8"
                    TAGREFS="LT2525"
                    BASELINE="263 2289 2797 2289" 
                    HPOS="263.0"
                    VPOS="2205.0"
                    WIDTH="2534.0"
                    HEIGHT="140.0">
            <Shape><Polygon POINTS="263 2213 263 2289 263 2313 311 2334 314 2334 317 2334 319 2334 362 2318 432 2332 435 2332 572 2315 647 2332 650 2332 744 2313 749 2313 755 2313 824 2329 827 2329 902 2313 908 2313 929 2313 1225 2329 1227 2329 1297 2315 1343 2342 1346 2342 1348 2342 1351 2345 1418 2345 1418 2342 1421 2342 1499 2315 1671 2313 1695 2313 1768 2342 1770 2342 1773 2345 2103 2345 2103 2342 2106 2342 2149 2323 2181 2334 2184 2334 2187 2334 2340 2313 2386 2342 2388 2342 2391 2342 2394 2345 2482 2345 2482 2342 2485 2342 2558 2313 2703 2332 2705 2332 2794 2310 2797 2289 2791 2211 2662 2224 2361 2211 2259 2205 2257 2205 2254 2205 2246 2211 2200 2235 1934 2235 1878 2211 1875 2211 1872 2211 1870 2211 1867 2211 1846 2224 1816 2211 1805 2205 1803 2205 1700 2205 1698 2205 1695 2205 1679 2211 1598 2235 1451 2235 1408 2211 1408 2208 1405 2208 1402 2208 1254 2205 1252 2205 1249 2205 1233 2211 1158 2232 1080 2211 1074 2208 1072 2208 1069 2208 1053 2211 980 2221 913 2211 886 2205 884 2205 881 2205 878 2205 873 2211 835 2235 628 2235 599 2219 596 2219 593 2219 472 2229 435 2211 432 2208 429 2208 427 2208 263 2208 263 2213"/></Shape>
	    <String CONTENT="le lundi 17 novembre 1930. Le premier obstacle que je rencontrais fut : LES"
                    HPOS="263.0"
                    VPOS="2205.0"
                    WIDTH="2534.0"
                    HEIGHT="140.0"></String>
          </TextLine>

          
          
          <TextLine ID="eSc_line_da1e2db4"
                    TAGREFS="LT2525"
                    BASELINE="139 2444 2762 2444" 
                    HPOS="139.0"
                    VPOS="2375.0"
                    WIDTH="2623.0"
                    HEIGHT="96.0">
            <Shape><Polygon POINTS="139 2444 139 2471 2762 2471 2762 2444 2759 2383 945 2388 916 2375 913 2375 910 2375 908 2375 894 2375 819 2388 776 2375 773 2375 771 2375 505 2375 502 2375 499 2375 462 2388 429 2375 427 2375 139 2375 139 2444"/></Shape>
	    <String CONTENT="22/17/116 DIFFICULTES POUR TROUVER DES HÔTELS, SUR MON"
                    HPOS="139.0"
                    VPOS="2375.0"
                    WIDTH="2623.0"
                    HEIGHT="96.0"></String>
          </TextLine>

          
          
          <TextLine ID="eSc_line_a5325684"
                    TAGREFS="LT2525"
                    BASELINE="147 2600 1956 2611 2883 2595" 
                    HPOS="145.0"
                    VPOS="2522.0"
                    WIDTH="2738.0"
                    HEIGHT="137.0">
            <Shape><Polygon POINTS="2872 2530 2461 2546 2418 2528 2410 2525 2407 2525 2404 2525 2383 2528 2292 2544 2230 2528 2222 2525 2219 2525 2216 2525 2214 2525 2211 2525 2208 2528 2173 2549 1811 2549 1765 2525 1762 2525 1760 2525 1757 2525 1746 2525 1655 2544 1590 2525 1588 2525 1585 2525 1582 2525 1579 2525 1577 2525 1534 2538 1456 2525 1451 2525 1448 2525 1445 2525 1373 2546 1209 2528 1206 2528 1203 2528 1147 2546 1021 2528 1018 2528 924 2546 881 2528 878 2528 875 2528 873 2528 832 2549 744 2549 642 2525 639 2525 636 2525 591 2546 432 2546 298 2522 295 2522 147 2522 147 2600 145 2622 244 2649 247 2649 249 2649 252 2649 295 2627 405 2627 593 2657 596 2657 599 2657 655 2635 704 2657 706 2657 709 2659 897 2659 897 2657 900 2657 959 2630 1195 2651 1198 2651 1303 2630 1464 2646 1467 2646 1469 2646 1507 2627 1687 2657 1690 2657 2544 2627 2590 2627 2601 2627 2770 2657 2773 2657 2775 2657 2880 2627 2883 2595 2877 2538 2872 2530"/></Shape>
	    <String CONTENT="28/8m. TRAJET. Je l’ai donc noté dans les pages 20-22 du 17 ieme manifold"
                    HPOS="145.0"
                    VPOS="2522.0"
                    WIDTH="2738.0"
                    HEIGHT="137.0"></String>
          </TextLine>

          
          
          <TextLine ID="eSc_line_273e982f"
                    TAGREFS="LT2525"
                    BASELINE="335 2753 2767 2764" 
                    HPOS="333.0"
                    VPOS="2675.0"
                    WIDTH="2434.0"
                    HEIGHT="135.0">
            <Shape><Polygon POINTS="1356 2697 1330 2697 1303 2697 1289 2694 1160 2710 1107 2686 1104 2686 1101 2686 1099 2686 1031 2710 999 2689 996 2689 994 2689 991 2689 988 2689 924 2710 795 2710 666 2686 663 2686 553 2702 518 2678 515 2678 513 2678 335 2675 335 2753 333 2786 661 2799 663 2799 859 2788 908 2786 918 2788 972 2802 975 2802 978 2802 980 2802 1026 2788 1029 2788 1297 2788 1305 2788 1421 2802 1424 2802 1426 2802 1475 2788 1488 2786 1510 2788 1614 2804 1617 2804 1698 2788 1703 2788 1708 2788 1765 2804 1768 2804 1770 2804 2106 2788 2141 2788 2144 2788 2181 2807 2184 2807 2187 2810 2402 2810 2402 2807 2404 2807 2450 2791 2622 2791 2660 2807 2662 2807 2665 2807 2764 2788 2767 2764 2764 2697 2673 2686 2670 2686 2668 2686 2641 2694 2601 2710 2380 2716 2337 2697 2335 2697 2332 2697 2329 2697 2326 2697 2294 2718 2206 2718 2106 2689 2079 2683 2077 2683 2074 2683 2071 2683 2069 2683 2060 2689 2031 2710 1958 2713 1854 2689 1832 2683 1829 2683 1760 2686 1625 2694 1571 2686 1545 2681 1542 2681 1539 2681 1536 2681 1531 2683 1488 2713 1394 2713 1356 2689 1356 2697"/></Shape>
	    <String CONTENT="Que le lecteur veuille bien ⋎ noter cet obstacle, car il sera pour moi le"
                    HPOS="333.0"
                    VPOS="2675.0"
                    WIDTH="2434.0"
                    HEIGHT="135.0"></String>
          </TextLine>

          
          
          <TextLine ID="eSc_line_ce480d54"
                    TAGREFS="LT2526"
                    BASELINE="1201 2692 1356 2697" 
                    HPOS="1198.0"
                    VPOS="2632.0"
                    WIDTH="158.0"
                    HEIGHT="94.0">
            <Shape><Polygon POINTS="1198 2718 1203 2724 1206 2724 1206 2726 1209 2726 1211 2726 1214 2726 1354 2713 1356 2697 1356 2651 1249 2632 1246 2632 1244 2632 1201 2643 1201 2692"/></Shape>
	    <String CONTENT="aussi"
                    HPOS="1198.0"
                    VPOS="2632.0"
                    WIDTH="158.0"
                    HEIGHT="94.0"></String>
          </TextLine>

          
          
          <TextLine ID="eSc_line_44b4490f"
                    TAGREFS="LT2525"
                    BASELINE="145 2920 2751 2925" 
                    HPOS="142.0"
                    VPOS="2839.0"
                    WIDTH="2609.0"
                    HEIGHT="132.0">
            <Shape><Polygon POINTS="142 2966 319 2968 322 2968 325 2968 338 2966 413 2947 687 2963 803 2968 806 2968 838 2960 908 2944 953 2958 956 2958 959 2958 1069 2944 1096 2960 1109 2966 1112 2966 1115 2966 1117 2966 1133 2958 1163 2944 1222 2958 1225 2958 1227 2958 1238 2958 1416 2944 1488 2955 1577 2971 1579 2971 1733 2955 1757 2952 1768 2955 1821 2966 1824 2966 1880 2952 1907 2947 1964 2952 2152 2971 2155 2971 2157 2971 2184 2958 2259 2968 2262 2968 2265 2968 2308 2949 2316 2947 2748 2947 2751 2925 2748 2853 2622 2847 2619 2847 2617 2847 2601 2850 2550 2863 2528 2850 2515 2842 2512 2842 2509 2842 2302 2842 2300 2842 2297 2842 2278 2850 2238 2869 2208 2850 2206 2850 2203 2850 2200 2850 2195 2850 2036 2861 2012 2847 2004 2845 2001 2845 1999 2845 1996 2845 1993 2845 1988 2847 1953 2872 1805 2872 1738 2847 1719 2842 1717 2842 1714 2842 1676 2847 1558 2866 1520 2847 1510 2842 1507 2842 1504 2842 1502 2842 1491 2847 1448 2869 1281 2845 1246 2842 1244 2842 1241 2842 1233 2845 1187 2869 1034 2869 975 2845 961 2839 959 2839 956 2839 953 2839 932 2845 843 2866 685 2845 682 2845 679 2845 626 2869 429 2869 370 2847 368 2847 365 2847 204 2861 147 2842 145 2920 142 2966"/></Shape>
	    <String CONTENT="principal - - - - . Depuis le moment où le policier, eut quitté l’hôtel où il"
                    HPOS="142.0"
                    VPOS="2839.0"
                    WIDTH="2609.0"
                    HEIGHT="132.0"></String>
          </TextLine>

          
          
          <TextLine ID="eSc_line_9f62e713"
                    TAGREFS="LT2525"
                    BASELINE="142 3078 2751 3086" 
                    HPOS="139.0"
                    VPOS="3009.0"
                    WIDTH="2612.0"
                    HEIGHT="137.0">
            <Shape><Polygon POINTS="142 3078 139 3111 505 3119 577 3140 580 3140 583 3143 698 3143 698 3140 701 3140 760 3119 830 3138 832 3138 835 3138 838 3138 886 3119 897 3113 905 3119 940 3140 943 3140 945 3140 948 3140 1069 3135 1072 3135 1104 3119 1109 3116 1227 3119 1230 3119 1279 3143 1281 3143 1284 3146 1432 3146 1432 3143 1434 3143 1504 3121 1526 3116 1542 3121 1588 3143 1590 3143 1593 3143 1679 3124 1711 3116 1808 3116 1829 3124 1880 3146 1883 3146 1886 3146 1972 3124 2004 3119 2106 3119 2117 3127 2149 3146 2152 3146 2155 3146 2157 3146 2305 3127 2318 3127 2335 3127 2450 3146 2453 3146 2455 3146 2520 3129 2558 3146 2560 3146 2563 3146 2748 3129 2751 3086 2748 3035 2375 3014 2372 3014 2267 3033 2262 3033 2259 3033 2203 3014 2200 3014 2198 3014 2195 3014 2130 3033 2125 3033 2112 3033 1953 3014 1950 3014 1948 3014 1910 3033 1907 3033 1897 3033 1792 3011 1789 3011 1582 3030 1574 3030 1566 3030 1416 3011 1335 3011 1332 3011 1330 3011 1292 3030 1289 3033 1128 3033 1120 3030 1064 3011 1061 3011 1058 3011 932 3027 902 3009 900 3009 897 3009 894 3009 800 3027 798 3027 763 3027 677 3027 642 3009 639 3009 636 3009 634 3009 561 3027 556 3027 545 3027 370 3009 368 3009 365 3009 306 3027 298 3027 142 3027 142 3078"/></Shape>
	    <String CONTENT="m’avait accompagné, le patron me fit comprendre, qu’il ne pouvait pas me"
                    HPOS="139.0"
                    VPOS="3009.0"
                    WIDTH="2612.0"
                    HEIGHT="137.0"></String>
          </TextLine>

          
          
          <TextLine ID="eSc_line_2586d0f5"
                    TAGREFS="LT2525"
                    BASELINE="217 3250 2657 3229" 
                    HPOS="214.0"
                    VPOS="3140.0"
                    WIDTH="2443.0"
                    HEIGHT="169.0">
            <Shape><Polygon POINTS="217 3250 217 3280 266 3307 268 3307 271 3309 346 3309 346 3307 349 3307 352 3307 394 3277 432 3288 435 3288 437 3288 513 3275 521 3275 532 3275 669 3304 671 3304 674 3304 728 3275 730 3272 827 3272 854 3275 980 3285 983 3285 1206 3272 1249 3269 1254 3272 1319 3299 1322 3299 1324 3301 1426 3301 1426 3299 1429 3299 1496 3269 1504 3266 1515 3269 1617 3296 1620 3296 1622 3296 1625 3296 1727 3266 1733 3266 1738 3266 1794 3293 1797 3293 1800 3296 1867 3296 1867 3293 1870 3293 1872 3293 1910 3266 1913 3264 2106 3261 2117 3266 2171 3291 2173 3291 2176 3293 2257 3293 2257 3291 2364 3266 2421 3288 2423 3288 2426 3291 2568 3291 2568 3288 2571 3288 2657 3261 2657 3229 2652 3181 2539 3162 2536 3162 2533 3162 2531 3162 2507 3178 2504 3181 2275 3181 2254 3175 2224 3164 2222 3164 2219 3164 2120 3172 2103 3172 2101 3172 2069 3154 2066 3154 2063 3154 2060 3154 2020 3170 2004 3181 1918 3183 1824 3170 1821 3170 1682 3183 1649 3167 1647 3164 1644 3164 1550 3162 1547 3162 1545 3162 1534 3164 1475 3183 1408 3162 1402 3162 1399 3162 1397 3162 1394 3162 1389 3162 1319 3186 1279 3162 1276 3162 1273 3162 1270 3162 1268 3162 1174 3189 1093 3164 1090 3164 1088 3164 1085 3164 1082 3164 1047 3189 999 3156 975 3140 972 3140 970 3140 967 3140 214 3146 217 3250"/></Shape>
	    <String CONTENT="loger. Pourquoi ? Tout de suite j’ai supposé que c’était pour &quot;ne pas"
                    HPOS="214.0"
                    VPOS="3140.0"
                    WIDTH="2443.0"
                    HEIGHT="169.0"></String>
          </TextLine>

          
          
          <TextLine ID="eSc_line_dc42761a"
                    TAGREFS="LT2525"
                    BASELINE="206 3401 1897 3395 2821 3406" 
                    HPOS="206.0"
                    VPOS="3318.0"
                    WIDTH="2615.0"
                    HEIGHT="137.0">
            <Shape><Polygon POINTS="206 3401 206 3441 274 3428 298 3441 311 3452 314 3452 317 3452 319 3455 373 3455 373 3452 376 3452 397 3441 424 3428 475 3438 478 3438 480 3438 513 3425 658 3425 706 3441 712 3441 714 3441 717 3441 728 3441 795 3425 870 3438 873 3438 875 3438 935 3425 1037 3438 1042 3438 1045 3438 1047 3438 1074 3425 1198 3438 1233 3441 1236 3441 1257 3438 1324 3425 1389 3438 1426 3444 1429 3444 1432 3444 1445 3438 1467 3425 1502 3436 1539 3449 1542 3449 1545 3449 1547 3449 1585 3436 1596 3433 1606 3436 1644 3452 1647 3452 1649 3452 1792 3438 1905 3452 1907 3452 1983 3436 2028 3425 2047 3436 2063 3444 2066 3444 2069 3444 2267 3433 2399 3428 2426 3433 2507 3452 2509 3455 2705 3455 2705 3452 2708 3452 2756 3433 2767 3428 2816 3430 2821 3406 2818 3352 2711 3331 2708 3331 2705 3331 2649 3350 2646 3350 2644 3350 2571 3336 2568 3336 2415 3350 2388 3350 2383 3347 2321 3323 2318 3323 2316 3323 2313 3323 2238 3347 2227 3350 2216 3347 2155 3331 2152 3331 2149 3331 2077 3347 2052 3350 2015 3344 1800 3318 1577 3318 1574 3318 1571 3318 1528 3339 1502 3326 1499 3326 1496 3326 1365 3328 1362 3328 1338 3342 1322 3350 1300 3342 1270 3328 1268 3328 1265 3328 1214 3339 1171 3350 1136 3339 1090 3326 1088 3326 1085 3326 1082 3326 1045 3339 1010 3350 961 3339 927 3331 924 3331 921 3331 900 3339 859 3350 787 3336 677 3318 674 3318 671 3318 599 3336 540 3350 478 3334 467 3334 464 3334 451 3334 403 3342 389 3334 362 3320 360 3320 357 3320 354 3320 319 3334 298 3342 284 3334 260 3318 257 3318 255 3318 252 3318 249 3318 206 3331 206 3401"/></Shape>
	    <String CONTENT="s’exposer à la VINDICTE XENOPHOBE, de la foule qui nous avait accompagné. ?"
                    HPOS="206.0"
                    VPOS="3318.0"
                    WIDTH="2615.0"
                    HEIGHT="137.0"></String>
          </TextLine>

          
          
          <TextLine ID="eSc_line_cc7033dc"
                    TAGREFS="LT2525"
                    BASELINE="521 3559 2695 3554" 
                    HPOS="518.0"
                    VPOS="3479.0"
                    WIDTH="2177.0"
                    HEIGHT="142.0">
            <Shape><Polygon POINTS="521 3559 521 3594 693 3592 706 3597 749 3613 752 3613 755 3613 757 3613 814 3597 849 3586 924 3597 953 3600 956 3600 959 3600 964 3597 986 3586 1004 3597 1021 3605 1023 3605 1026 3605 1029 3605 1050 3597 1082 3586 1144 3586 1158 3597 1184 3618 1187 3618 1190 3618 1193 3621 1308 3621 1308 3618 1311 3618 1351 3597 1362 3592 1408 3597 1480 3608 1483 3608 1534 3597 1593 3586 1614 3600 1647 3616 1649 3616 1652 3618 1722 3618 1722 3616 1725 3616 1760 3600 1789 3584 1894 3600 1905 3600 1907 3600 1910 3600 1913 3600 1950 3584 1988 3600 1991 3600 1993 3600 1996 3600 1999 3600 2001 3600 2047 3586 2066 3600 2069 3602 2071 3602 2074 3602 2077 3602 2103 3600 2211 3584 2267 3600 2318 3616 2321 3616 2324 3618 2525 3618 2525 3616 2528 3616 2531 3616 2550 3600 2563 3589 2579 3600 2579 3602 2582 3602 2584 3602 2587 3602 2692 3600 2695 3554 2692 3503 2649 3489 2646 3489 2644 3489 2576 3500 2531 3508 2520 3500 2507 3489 2504 3489 2501 3489 2498 3489 2496 3489 2493 3489 2480 3500 2464 3511 2292 3511 2246 3498 2192 3484 2189 3484 2187 3484 2184 3484 2138 3498 2120 3500 2087 3495 1977 3479 1974 3479 1972 3479 1969 3479 1945 3495 1923 3508 1889 3495 1870 3487 1867 3487 1864 3487 1862 3487 1859 3487 1851 3495 1829 3511 1768 3511 1671 3492 1596 3479 1593 3479 1590 3479 1561 3489 1528 3506 1499 3489 1485 3484 1483 3484 1480 3484 1451 3489 1356 3511 1324 3489 1316 3481 1313 3481 1311 3481 1211 3481 1209 3481 1206 3481 1193 3487 1136 3514 789 3514 728 3481 720 3479 717 3479 714 3479 518 3479 521 3559"/></Shape>
	    <String CONTENT="C’était un vrai motif, mais il y en avait d’autres, que je vais"
                    HPOS="518.0"
                    VPOS="3479.0"
                    WIDTH="2177.0"
                    HEIGHT="142.0"></String>
          </TextLine>

          
          
          <TextLine ID="eSc_line_3c6a50fb"
                    TAGREFS="LT2525"
                    BASELINE="212 3710 1053 3718" 
                    HPOS="209.0"
                    VPOS="3643.0"
                    WIDTH="844.0"
                    HEIGHT="126.0">
            <Shape><Polygon POINTS="212 3710 209 3739 279 3761 282 3761 284 3761 413 3745 437 3742 459 3745 550 3764 553 3764 669 3750 712 3745 760 3750 865 3766 867 3769 943 3769 943 3766 945 3766 948 3766 964 3755 978 3747 1047 3755 1053 3718 1053 3672 1002 3648 999 3648 996 3648 913 3661 894 3648 892 3648 889 3648 886 3648 884 3648 881 3648 881 3651 862 3667 859 3669 755 3669 744 3664 693 3645 690 3645 687 3645 580 3659 521 3667 478 3656 443 3648 440 3648 437 3648 435 3648 411 3656 378 3667 325 3667 309 3651 298 3643 295 3643 292 3643 290 3643 212 3648 212 3710"/></Shape>
	    <String CONTENT="découvrir petit à petit."
                    HPOS="209.0"
                    VPOS="3643.0"
                    WIDTH="844.0"
                    HEIGHT="126.0"></String>
          </TextLine>

          
          
          <TextLine ID="eSc_line_948625b2"
                    TAGREFS="LT2525"
                    BASELINE="171 3952 573 3963" 
                    HPOS="165.0"
                    VPOS="3856.0"
                    WIDTH="407.0"
                    HEIGHT="161.0">
            <Shape><Polygon POINTS="165 3981 233 4009 237 4009 241 4009 358 3993 386 3989 415 3997 483 4017 487 4017 491 4017 568 4005 572 3961 568 3897 237 3884 173 3856 169 3949 165 3981"/></Shape>
	    <String CONTENT="( Page 116 des"
                    HPOS="165.0"
                    VPOS="3856.0"
                    WIDTH="407.0"
                    HEIGHT="161.0"></String>
          </TextLine>

          
          
          <TextLine ID="eSc_line_f254abe3"
                    TAGREFS="LT2525"
                    BASELINE="635 3965 2202 3957" 
                    HPOS="628.0"
                    VPOS="3824.0"
                    WIDTH="1572.0"
                    HEIGHT="181.0">
            <Shape><Polygon POINTS="2160 3876 2120 3872 2116 3856 1894 3856 1886 3852 1854 3828 1850 3828 1846 3828 1841 3828 1616 3848 1588 3848 1579 3848 1515 3824 1511 3824 1507 3824 1414 3844 1378 3852 1358 3844 1322 3828 1318 3828 1217 3828 1213 3828 1209 3828 1205 3828 1205 3832 1193 3840 1180 3852 1092 3840 995 3828 991 3828 923 3836 858 3848 834 3836 818 3828 814 3828 810 3828 806 3828 802 3828 802 3832 794 3836 781 3848 628 3836 632 3961 632 3993 2192 4005 2200 3953 2196 3949 2160 3876"/></Shape>
	    <String CONTENT="DIGRESSION NÉCÉSSAIRE ?"
                    HPOS="628.0"
                    VPOS="3824.0"
                    WIDTH="1572.0"
                    HEIGHT="181.0"></String>
          </TextLine>

          
          
          <TextLine ID="eSc_line_898d000e"
                    TAGREFS="LT2525"
                    BASELINE="2203 3873 2859 3868" 
                    HPOS="2196.0"
                    VPOS="3792.0"
                    WIDTH="661.0"
                    HEIGHT="121.0">
            <Shape><Polygon POINTS="2196 3852 2200 3872 2200 3909 2849 3913 2857 3864 2845 3792 2204 3800 2196 3852"/></Shape>
	    <String CONTENT="(RELIRE LES PAGES )"
                    HPOS="2196.0"
                    VPOS="3792.0"
                    WIDTH="661.0"
                    HEIGHT="121.0"></String>
          </TextLine>

          
          
          <TextLine ID="eSc_line_e178167a"
                    TAGREFS="LT2525"
                    BASELINE="150 4030 497 4038" 
                    HPOS="147.0"
                    VPOS="3960.0"
                    WIDTH="350.0"
                    HEIGHT="110.0">
            <Shape><Polygon POINTS="150 4030 147 4059 491 4070 497 4038 497 3995 443 3976 440 3976 437 3976 435 3976 408 3984 389 3992 362 3981 333 3968 330 3968 327 3968 325 3968 306 3973 266 3989 228 3968 228 3965 225 3965 223 3965 150 3960 150 4030"/></Shape>
	    <String CONTENT="{extraits en"
                    HPOS="147.0"
                    VPOS="3960.0"
                    WIDTH="350.0"
                    HEIGHT="110.0"></String>
          </TextLine>

          
          
          <TextLine ID="eSc_line_4963204f"
                    TAGREFS="LT2525"
                    BASELINE="2203 3957 2883 3954" 
                    HPOS="2200.0"
                    VPOS="3876.0"
                    WIDTH="681.0"
                    HEIGHT="145.0">
            <Shape><Polygon POINTS="2200 3949 2200 3953 2204 4021 2281 3993 2877 4021 2881 3953 2877 3876 2220 3901 2200 3949"/></Shape>
	    <String CONTENT="( 20 à 23 de ce manifold)"
                    HPOS="2200.0"
                    VPOS="3876.0"
                    WIDTH="681.0"
                    HEIGHT="145.0"></String>
          </TextLine>

          
          
          <TextLine ID="eSc_line_e4975a48"
                    TAGREFS="LT2525"
                    BASELINE="182 4113 526 4126 2678 4126" 
                    HPOS="180.0"
                    VPOS="4046.0"
                    WIDTH="2498.0"
                    HEIGHT="112.0">
            <Shape><Polygon POINTS="182 4113 180 4140 249 4156 252 4156 384 4142 394 4142 403 4142 534 4156 537 4156 661 4145 685 4142 693 4145 728 4156 730 4156 733 4158 1007 4158 1007 4156 1010 4156 1039 4145 1050 4142 1064 4148 1088 4156 1090 4156 1093 4156 1209 4148 1284 4142 1348 4148 1421 4156 1424 4156 1469 4150 1520 4142 2673 4156 2678 4126 2678 4064 2630 4046 2627 4046 2453 4046 2450 4046 2447 4046 2445 4046 2418 4064 2415 4064 2391 4046 2388 4046 2386 4046 2152 4046 2149 4046 2146 4046 2144 4046 2120 4064 2117 4064 2112 4064 2047 4046 2044 4046 2042 4046 1711 4062 1708 4062 1652 4046 1649 4046 1647 4046 1644 4046 1606 4062 1601 4067 1340 4067 1332 4062 1297 4051 1295 4051 1292 4051 1289 4051 1254 4062 1244 4067 604 4067 596 4062 572 4046 569 4046 566 4046 564 4046 489 4062 480 4064 252 4064 249 4062 217 4048 214 4048 212 4048 209 4048 182 4059 182 4113"/></Shape>
	    <String CONTENT="( Esperanto    [ A VOUS LECTEUR DE JUGER] LE 19-12-1974,"
                    HPOS="180.0"
                    VPOS="4046.0"
                    WIDTH="2498.0"
                    HEIGHT="112.0"></String>
          </TextLine>

          
          
          <TextLine ID="eSc_line_d6dc4773"
                    TAGREFS="LT2525"
                    BASELINE="188 4269 2845 4279" 
                    HPOS="185.0"
                    VPOS="4191.0"
                    WIDTH="2660.0"
                    HEIGHT="142.0">
            <Shape><Polygon POINTS="188 4269 185 4295 271 4325 274 4325 276 4325 429 4301 497 4317 499 4317 502 4317 704 4309 736 4325 738 4325 741 4325 935 4304 1026 4328 1029 4328 1031 4328 1131 4309 1171 4328 1174 4328 1176 4330 1297 4330 1297 4328 1300 4328 1348 4304 1483 4304 1528 4330 1531 4330 1534 4330 1536 4330 1539 4330 1620 4306 1897 4306 2020 4330 2023 4330 2171 4317 2265 4333 2267 4333 2270 4333 2316 4309 2407 4333 2410 4333 2412 4333 2842 4306 2845 4279 2842 4207 2673 4201 2670 4201 2668 4201 2654 4204 2560 4228 2509 4207 2507 4207 2504 4207 2501 4207 2458 4218 2412 4204 2410 4204 2407 4204 2404 4204 2321 4228 2241 4201 2238 4201 2235 4201 2232 4201 2224 4201 2117 4226 2077 4201 2074 4199 2071 4199 2069 4199 2066 4199 2039 4201 1934 4212 1910 4199 1907 4199 1905 4199 1902 4199 1846 4199 1751 4204 1749 4204 1706 4220 1523 4201 1520 4201 1518 4201 1467 4223 1378 4210 1375 4210 1230 4223 1152 4199 1150 4199 1147 4199 1144 4199 1064 4220 975 4201 972 4201 970 4201 886 4223 612 4223 585 4204 583 4204 580 4204 577 4204 394 4220 298 4193 295 4193 188 4191 188 4269"/></Shape>
	    <String CONTENT="la CONCUBINE avec laquelle je vivais depuis 1953 est morte. Depuis 1940"
                    HPOS="185.0"
                    VPOS="4191.0"
                    WIDTH="2660.0"
                    HEIGHT="142.0"></String>
          </TextLine>

          
          
          <TextLine ID="eSc_line_bcaa291d"
                    TAGREFS="LT2526"
                    BASELINE="1443 4244 1543 4189" 
                    HPOS="1398.0"
                    VPOS="4126.0"
                    WIDTH="149.0"
                    HEIGHT="137.0">
            <Shape><Polygon POINTS="1398 4167 1442 4243 1455 4263 1463 4263 1547 4203 1539 4187 1499 4126 1487 4126"/></Shape>
	    <String CONTENT="ais"
                    HPOS="1398.0"
                    VPOS="4126.0"
                    WIDTH="149.0"
                    HEIGHT="137.0"></String>
          </TextLine>

          
          
          <TextLine ID="eSc_line_aea14987"
                    TAGREFS="LT2525"
                    BASELINE="214 4435 2810 4435" 
                    HPOS="214.0"
                    VPOS="4363.0"
                    WIDTH="2596.0"
                    HEIGHT="137.0">
            <Shape><Polygon POINTS="214 4435 217 4497 282 4470 513 4484 515 4484 929 4470 964 4489 970 4494 972 4494 975 4494 1088 4497 1090 4500 1429 4500 1429 4497 1432 4497 1461 4484 1464 4484 1472 4484 1569 4497 1571 4497 1690 4484 2208 4497 2211 4497 2345 4489 2348 4489 2351 4489 2375 4473 2383 4470 2547 4470 2555 4473 2622 4497 2625 4497 2627 4497 2630 4497 2684 4470 2810 4467 2810 4435 2810 4390 2692 4363 2689 4363 2584 4387 2576 4387 2563 4387 2466 4373 2464 4373 2375 4384 2343 4387 2332 4384 2297 4371 2294 4371 2292 4371 2211 4381 2208 4381 2171 4363 2168 4363 2165 4363 2163 4363 2122 4381 2120 4381 2077 4363 2074 4363 1899 4363 1897 4363 1894 4363 1891 4363 1867 4379 1851 4390 1800 4390 1757 4379 1692 4363 1690 4363 1687 4363 1657 4376 1633 4387 1518 4376 1494 4373 1491 4373 1477 4373 1410 4387 1383 4373 1370 4368 1367 4368 1365 4368 1362 4368 1351 4373 1322 4390 1166 4390 1101 4371 1069 4363 1066 4363 1064 4363 1061 4363 1045 4371 1026 4379 1013 4371 1002 4363 999 4363 996 4363 749 4363 747 4363 744 4363 733 4368 687 4390 435 4390 384 4368 381 4368 214 4363 214 4435"/></Shape>
	    <String CONTENT="j’étais marié, et le lendemain de mon retour de la guerre, mon épouse"
                    HPOS="214.0"
                    VPOS="4363.0"
                    WIDTH="2596.0"
                    HEIGHT="137.0"></String>
          </TextLine>

          
          
          <TextLine ID="eSc_line_24bde047"
                    TAGREFS="LT2525"
                    BASELINE="201 4583 2896 4594" 
                    HPOS="201.0"
                    VPOS="4521.0"
                    WIDTH="2695.0"
                    HEIGHT="102.0">
            <Shape><Polygon POINTS="201 4583 201 4623 2893 4618 2896 4594 2896 4551 2837 4532 2834 4532 2832 4532 2525 4545 2453 4548 2396 4545 2219 4529 2216 4529 2130 4543 2095 4545 1926 4540 1735 4532 1733 4532 1698 4537 1655 4543 1604 4535 1542 4527 1539 4527 1536 4527 1512 4535 1485 4545 1284 4545 1262 4532 1254 4527 1252 4527 1249 4527 1246 4527 1203 4532 1109 4543 996 4529 972 4527 970 4527 910 4527 593 4540 556 4524 553 4524 550 4524 542 4524 421 4540 201 4521 201 4583"/></Shape>
	    <String CONTENT="était alitée à 100/100., CONSECUTIVEMENT A UN ACCIDENT DE TRAVAIL."
                    HPOS="201.0"
                    VPOS="4521.0"
                    WIDTH="2695.0"
                    HEIGHT="102.0"></String>
          </TextLine>

          
          
          <TextLine ID="eSc_line_3fe61b9d"
                    TAGREFS="LT2525"
                    BASELINE="1453 4688 2060 4680" 
                    HPOS="1451.0"
                    VPOS="4629.0"
                    WIDTH="609.0"
                    HEIGHT="188.0">
            <Shape><Polygon POINTS="1453 4688 1453 4817 2060 4814 2060 4680 2055 4642 1854 4629 1851 4629 1848 4629 1846 4629 1832 4642 1829 4645 1451 4645 1453 4688"/></Shape>
	    <String CONTENT="VOIR CI-DESSUS"
                    HPOS="1451.0"
                    VPOS="4629.0"
                    WIDTH="609.0"
                    HEIGHT="188.0"></String>
          </TextLine>

          
        </TextBlock>
        
        <TextBlock HPOS="2530.0"
                   VPOS="216.0"
                   WIDTH="371.0"
                   HEIGHT="241.0"
                   ID="eSc_textblock_85090f23"
                   TAGREFS="BT7524">
          <Shape><Polygon POINTS="2896 216 2901 457 2530 457 2530 216"/></Shape>
          
          
          <TextLine ID="eSc_line_18551ec9"
                    TAGREFS="LT2525"
                    BASELINE="2644 362 2789 354" 
                    HPOS="2638.0"
                    VPOS="263.0"
                    WIDTH="151.0"
                    HEIGHT="142.0">
            <Shape><Polygon POINTS="2770 265 2748 263 2654 263 2638 282 2644 362 2644 405 2789 397 2789 354 2778 265 2770 265"/></Shape>
	    <String CONTENT="28"
                    HPOS="2638.0"
                    VPOS="263.0"
                    WIDTH="151.0"
                    HEIGHT="142.0"></String>
          </TextLine>

          
        </TextBlock>
        

        
      </PrintSpace>
    </Page>
  </Layout>
</alto>
