<?xml version="1.0" encoding="UTF-8"?>
<alto xmlns:xsi="http://www.w3.org/2001/XMLSchema-instance"
      xmlns="http://www.loc.gov/standards/alto/ns-v4#"
      xsi:schemaLocation="http://www.loc.gov/standards/alto/ns-v4# http://www.loc.gov/standards/alto/v4/alto-4-2.xsd">
  <Description>
    <MeasurementUnit>pixel</MeasurementUnit>
    <sourceImageInformation>
      <fileName>D.1.notes-1-et-2_0013.jpg</fileName>
      
    </sourceImageInformation>
  </Description>
  
  <Tags>
    <OtherTag ID="BT7519" LABEL="NumberingZone" DESCRIPTION="block type NumberingZone"/><OtherTag ID="BT7517" LABEL="MainZone" DESCRIPTION="block type MainZone"/>
    <OtherTag ID="LT2523" LABEL="InterlinearLine" DESCRIPTION="line type InterlinearLine"/><OtherTag ID="LT2522" LABEL="DefaultLine" DESCRIPTION="line type DefaultLine"/>
  </Tags>
  
  <Layout>
    <Page WIDTH="3046"
          HEIGHT="4921"
          PHYSICAL_IMG_NR="3"
          ID="eSc_dummypage_">
      <PrintSpace HPOS="0"
                  VPOS="0"
                  WIDTH="3046"
                  HEIGHT="4921">
        
        <TextBlock HPOS="146"
                   VPOS="88"
                   WIDTH="2819"
                   HEIGHT="4724"
                   ID="eSc_textblock_974e760e"
                   TAGREFS="BT7517">
          <Shape><Polygon POINTS="146 97 146 4802 2956 4812 2965 278 2615 278 2592 99 2539 88"/></Shape>
          
          
          <TextLine ID="eSc_line_740f32e3"
                    TAGREFS="LT2523"
                    BASELINE="1109 151 1472 151" 
                    HPOS="1108"
                    VPOS="98"
                    WIDTH="361"
                    HEIGHT="82">
            <Shape><Polygon POINTS="1108 180 1469 176 1469 147 1469 98 1108 98 1108 147"/></Shape>
	    <String CONTENT="frontières"
                    HPOS="1108"
                    VPOS="98"
                    WIDTH="361"
                    HEIGHT="82"></String>
          </TextLine>

          
          
          <TextLine ID="eSc_line_19e240d7"
                    TAGREFS="LT2522"
                    BASELINE="473 229 2438 210" 
                    HPOS="467"
                    VPOS="118"
                    WIDTH="1967"
                    HEIGHT="156">
            <Shape><Polygon POINTS="1453 151 1412 151 1371 151 1358 151 1227 155 1215 151 1206 151 1165 151 1124 151 1100 118 956 118 952 118 821 123 816 123 812 123 759 155 747 164 467 164 472 225 472 274 2430 250 2434 209 2422 118 1453 147 1453 151"/></Shape>
	    <String CONTENT="L’INANITE des la STUPIDITE HUMAINE. Aucune"
                    HPOS="467"
                    VPOS="118"
                    WIDTH="1967"
                    HEIGHT="156"></String>
          </TextLine>

          
          
          <TextLine ID="eSc_line_35514623"
                    TAGREFS="LT2523"
                    BASELINE="2274 308 2474 295" 
                    HPOS="2261"
                    VPOS="241"
                    WIDTH="210"
                    HEIGHT="107">
            <Shape><Polygon POINTS="2270 348 2471 328 2471 291 2458 241 2261 250 2270 307"/></Shape>
	    <String CONTENT="aussi"
                    HPOS="2261"
                    VPOS="241"
                    WIDTH="210"
                    HEIGHT="107"></String>
          </TextLine>

          
          
          <TextLine ID="eSc_line_eb32f008"
                    TAGREFS="LT2522"
                    BASELINE="2675 324 2802 319" 
                    HPOS="2668"
                    VPOS="278"
                    WIDTH="131"
                    HEIGHT="58">
            <Shape><Polygon POINTS="2791 278 2750 278 2709 278 2668 278 2672 323 2672 336 2799 328 2799 315 2791 278 2791 278"/></Shape>
	    <String CONTENT="ce"
                    HPOS="2668"
                    VPOS="278"
                    WIDTH="131"
                    HEIGHT="58"></String>
          </TextLine>

          
          
          <TextLine ID="eSc_line_816c59e2"
                    TAGREFS="LT2522"
                    BASELINE="462 382 2808 363" 
                    HPOS="455"
                    VPOS="262"
                    WIDTH="2352"
                    HEIGHT="184">
            <Shape><Polygon POINTS="2795 278 2754 278 2713 278 2672 278 2643 278 2467 287 2467 295 2426 295 2385 299 2344 303 2302 307 2294 295 2266 299 2208 270 2192 262 2188 262 2183 262 1543 266 1539 266 1535 266 1535 270 1531 274 1498 307 1165 307 1120 274 1116 274 1112 274 931 266 927 266 923 266 919 266 911 274 857 315 751 315 710 274 706 274 706 270 701 270 697 270 693 270 455 274 459 381 463 442 554 418 784 438 899 446 903 446 907 446 931 434 972 414 989 434 1001 442 1001 446 1005 446 1009 446 1013 446 1018 446 1055 434 1108 414 1161 430 1202 442 1206 442 1211 442 1215 442 1243 430 1280 414 1321 426 1346 434 1350 434 1354 434 1358 434 1391 426 1449 410 1494 426 1514 430 1518 430 1523 430 1527 430 1531 430 1539 422 1543 418 1551 422 1568 438 1568 442 1572 442 1576 442 1580 446 1847 446 1847 442 1851 442 1855 442 1896 418 1912 410 2093 410 2105 414 2146 434 2151 434 2155 434 2159 434 2237 410 2245 410 2278 410 2594 422 2598 422 2803 397 2807 360 2795 278 2795 278"/></Shape>
	    <String CONTENT="frontiere naturelle : mer, montagne, fleuve, n’est aussi si EFFICASSE"
                    HPOS="455"
                    VPOS="262"
                    WIDTH="2352"
                    HEIGHT="184"></String>
          </TextLine>

          
          
          <TextLine ID="eSc_line_ac7b4882"
                    TAGREFS="LT2522"
                    BASELINE="462 549 2884 522" 
                    HPOS="455"
                    VPOS="426"
                    WIDTH="2426"
                    HEIGHT="189">
            <Shape><Polygon POINTS="459 545 459 615 529 611 533 611 537 611 537 606 541 606 562 578 1145 578 1202 602 1211 606 1215 606 1219 606 1223 606 1231 602 1289 574 1338 602 1342 602 1346 602 1350 602 1371 602 1568 574 1633 598 1650 602 1654 602 1658 602 1793 598 1798 598 1802 598 1806 594 1834 570 1884 594 1900 598 1904 598 1908 598 2130 594 2134 594 2146 586 2192 565 2266 586 2298 594 2302 594 2307 598 2471 598 2471 594 2475 594 2508 582 2561 561 2578 582 2586 586 2586 590 2590 590 2594 590 2598 590 2680 578 2799 561 2873 574 2881 520 2869 426 2179 430 2175 430 2171 430 2171 434 2159 442 2138 467 2056 467 1666 455 1445 451 1440 451 1362 463 1321 471 1313 467 1297 451 1293 451 1289 451 1284 451 1280 451 1276 451 1260 467 1247 475 1174 471 1050 459 1046 459 857 479 829 479 816 479 730 459 726 459 722 459 718 459 693 479 488 463 484 463 480 463 476 463 455 475 459 545"/></Shape>
	    <String CONTENT="que LES BARIERES ARTIFICIELLES que les hommes dressent"
                    HPOS="455"
                    VPOS="426"
                    WIDTH="2426"
                    HEIGHT="189"></String>
          </TextLine>

          
          
          <TextLine ID="eSc_line_96bb75c3"
                    TAGREFS="LT2522"
                    BASELINE="462 697 2862 678" 
                    HPOS="455"
                    VPOS="578"
                    WIDTH="2406"
                    HEIGHT="168">
            <Shape><Polygon POINTS="459 693 459 746 2861 734 2861 676 2853 619 2672 619 2672 615 2635 582 2635 578 2631 578 2627 578 2623 578 1945 582 1941 582 1937 582 1892 611 1876 623 1646 627 1469 627 1445 606 1416 586 1412 586 1408 586 1235 586 1231 586 1227 586 1223 586 1223 590 1202 606 1182 627 1046 631 693 631 652 602 636 590 632 590 628 590 623 590 455 598 459 693"/></Shape>
	    <String CONTENT="entre eux, qui n’ont d’ EGALES, que le chaos des langues."
                    HPOS="455"
                    VPOS="578"
                    WIDTH="2406"
                    HEIGHT="168"></String>
          </TextLine>

          
          
          <TextLine ID="eSc_line_ebdec6a4"
                    TAGREFS="LT2522"
                    BASELINE="765 858 2791 847" 
                    HPOS="759"
                    VPOS="738"
                    WIDTH="2028"
                    HEIGHT="184">
            <Shape><Polygon POINTS="763 857 763 898 968 898 977 898 1005 922 1009 922 1013 922 1018 922 1022 922 1112 898 1128 898 1243 898 1247 898 1272 922 1276 922 1280 922 1284 922 1477 902 1892 918 1896 918 1900 918 1904 918 1904 914 1921 898 1929 893 2019 893 2027 898 2044 914 2044 918 2048 918 2052 918 2056 918 2783 898 2787 844 2779 738 2713 738 2709 738 2705 738 2701 738 2701 742 2660 779 2130 779 2052 742 2048 742 2044 742 1966 742 1785 750 1781 750 1777 750 1740 783 1473 783 1416 746 1412 746 1408 746 1403 746 759 750 763 857"/></Shape>
	    <String CONTENT="Et combien me paraisse prophétiques, ces vers de"
                    HPOS="759"
                    VPOS="738"
                    WIDTH="2028"
                    HEIGHT="184"></String>
          </TextLine>

          
          
          <TextLine ID="eSc_line_4c3f30eb"
                    TAGREFS="LT2522"
                    BASELINE="410 1019 2698 1000" 
                    HPOS="402"
                    VPOS="898"
                    WIDTH="2295"
                    HEIGHT="172">
            <Shape><Polygon POINTS="406 1017 406 1070 2692 1045 2697 996 2688 898 1161 898 1157 898 1153 898 1149 898 1120 918 1055 898 1050 898 1046 898 890 926 845 939 402 939 406 1017"/></Shape>
	    <String CONTENT="ZAMENHOF lui même : — &quot; Nous abattrons les obstacles"
                    HPOS="402"
                    VPOS="898"
                    WIDTH="2295"
                    HEIGHT="172"></String>
          </TextLine>

          
          
          <TextLine ID="eSc_line_4dc0795b"
                    TAGREFS="LT2522"
                    BASELINE="404 1186 2865 1161" 
                    HPOS="398"
                    VPOS="1045"
                    WIDTH="2463"
                    HEIGHT="205">
            <Shape><Polygon POINTS="402 1185 402 1226 496 1246 500 1246 504 1246 509 1246 529 1226 533 1226 689 1226 693 1226 804 1250 808 1250 812 1250 878 1222 882 1217 1215 1217 1235 1217 1358 1242 1362 1242 1367 1242 1457 1222 1551 1242 1555 1242 1559 1242 1564 1242 1592 1217 1769 1238 1773 1238 1777 1238 1781 1238 1781 1234 1785 1234 1798 1213 1867 1213 1941 1213 1945 1213 2032 1238 2036 1238 2040 1238 2044 1238 2048 1238 2089 1209 2093 1209 2130 1209 2385 1234 2389 1234 2627 1230 2631 1230 2635 1230 2635 1226 2656 1205 2660 1205 2668 1205 2820 1230 2824 1230 2828 1230 2832 1230 2861 1205 2861 1160 2848 1053 2171 1066 2130 1058 2089 1045 2085 1045 2081 1045 2007 1058 1929 1070 1822 1058 1732 1049 1728 1049 1678 1058 1613 1074 1403 1062 1268 1053 1264 1053 1260 1053 1243 1062 1206 1082 952 1066 841 1058 837 1058 775 1066 652 1082 398 1070 402 1185"/></Shape>
	    <String CONTENT="obstinés, par la seule force de notre saint amour [réciproque]"
                    HPOS="398"
                    VPOS="1045"
                    WIDTH="2463"
                    HEIGHT="205"></String>
          </TextLine>

          
          
          <TextLine ID="eSc_line_3ece0d50"
                    TAGREFS="LT2522"
                    BASELINE="167 1427 546 1425" 
                    HPOS="164"
                    VPOS="1312"
                    WIDTH="381"
                    HEIGHT="197">
            <Shape><Polygon POINTS="164 1422 164 1509 545 1488 545 1422 541 1312 164 1316 164 1422"/></Shape>
	    <String CONTENT="[19/2]"
                    HPOS="164"
                    VPOS="1312"
                    WIDTH="381"
                    HEIGHT="197"></String>
          </TextLine>

          
          
          <TextLine ID="eSc_line_f3bf71b6"
                    TAGREFS="LT2522"
                    BASELINE="602 1424 2909 1407" 
                    HPOS="595"
                    VPOS="1328"
                    WIDTH="2311"
                    HEIGHT="148">
            <Shape><Polygon POINTS="599 1422 607 1476 640 1455 697 1476 706 1476 710 1476 714 1476 718 1476 726 1476 800 1455 1005 1472 1083 1476 1087 1476 1091 1476 1112 1472 1174 1451 1313 1468 1362 1472 1367 1472 1371 1472 1387 1468 1432 1451 2902 1451 2906 1406 2894 1328 595 1336 599 1422"/></Shape>
	    <String CONTENT="PREMIERS CONTACTS AVEC LES PAYSANS ALLEMANDS"
                    HPOS="595"
                    VPOS="1328"
                    WIDTH="2311"
                    HEIGHT="148"></String>
          </TextLine>

          
          
          <TextLine ID="eSc_line_a6d631b7"
                    TAGREFS="LT2522"
                    BASELINE="645 1582 1276 1571 2687 1574" 
                    HPOS="640"
                    VPOS="1451"
                    WIDTH="2044"
                    HEIGHT="197">
            <Shape><Polygon POINTS="644 1578 644 1619 841 1644 845 1644 849 1644 894 1619 899 1619 903 1619 989 1644 993 1644 997 1644 1112 1619 1145 1611 1161 1619 1215 1644 1219 1644 1223 1644 1227 1644 1284 1619 1297 1611 1309 1615 1358 1644 1362 1644 1367 1648 1469 1648 1469 1644 1473 1644 1535 1615 1547 1611 1707 1611 1715 1615 1748 1644 1752 1644 1756 1644 1761 1648 1945 1648 1945 1644 2159 1611 2175 1611 2179 1611 2261 1644 2266 1644 2270 1644 2274 1644 2278 1644 2323 1611 2331 1611 2446 1632 2450 1632 2454 1632 2458 1632 2458 1628 2479 1611 2680 1611 2684 1570 2676 1451 2422 1472 2401 1455 2401 1451 2397 1451 2393 1451 2011 1451 2007 1451 2003 1451 1990 1455 1937 1472 1900 1455 1888 1451 1884 1451 1880 1451 1843 1455 1695 1484 1375 1484 1309 1459 1293 1455 1289 1455 1284 1455 1280 1455 1260 1459 1211 1476 1186 1459 1169 1451 1165 1451 1161 1451 1157 1451 1153 1451 1133 1463 1112 1472 1075 1463 1034 1451 1030 1451 1026 1451 1022 1451 997 1463 972 1476 640 1468 644 1578"/></Shape>
	    <String CONTENT="Ces premiers contacts, avec les paysans d’outre Rhin,"
                    HPOS="640"
                    VPOS="1451"
                    WIDTH="2044"
                    HEIGHT="197"></String>
          </TextLine>

          
          
          <TextLine ID="eSc_line_5aa285e9"
                    TAGREFS="LT2522"
                    BASELINE="481 1741 2791 1716" 
                    HPOS="476"
                    VPOS="1611"
                    WIDTH="2311"
                    HEIGHT="172">
            <Shape><Polygon POINTS="480 1738 480 1783 2787 1759 2787 1714 2775 1611 476 1632 480 1738"/></Shape>
	    <String CONTENT="me prouvèrent que loin d’avoir de la haine contre les"
                    HPOS="476"
                    VPOS="1611"
                    WIDTH="2311"
                    HEIGHT="172"></String>
          </TextLine>

          
          
          <TextLine ID="eSc_line_b526f1a3"
                    TAGREFS="LT2522"
                    BASELINE="478 1894 2646 1883" 
                    HPOS="472"
                    VPOS="1767"
                    WIDTH="2171"
                    HEIGHT="197">
            <Shape><Polygon POINTS="476 1890 480 1964 570 1931 615 1960 619 1960 623 1960 628 1960 632 1960 730 1931 825 1960 829 1960 833 1960 837 1960 841 1960 845 1960 923 1931 1133 1931 1161 1951 1165 1956 1165 1960 1169 1960 1174 1960 1178 1960 1272 1951 1449 1935 1494 1947 1510 1951 1514 1951 1518 1951 1523 1951 1539 1947 1605 1927 1625 1943 1625 1947 1629 1947 1633 1947 1637 1947 1642 1947 1650 1943 1691 1927 2101 1927 2118 1939 2138 1956 2142 1956 2146 1956 2151 1960 2249 1960 2249 1956 2253 1956 2257 1956 2257 1951 2278 1935 2286 1927 2307 1935 2380 1956 2385 1956 2389 1956 2639 1927 2643 1882 2631 1767 2504 1787 2450 1767 2446 1767 2442 1767 2438 1767 2122 1775 2118 1775 2114 1775 2114 1779 2081 1808 1851 1779 1756 1767 1752 1767 1621 1783 1362 1816 989 1816 964 1792 944 1775 940 1775 935 1775 931 1775 652 1792 517 1771 513 1771 509 1771 504 1771 472 1787 476 1890"/></Shape>
	    <String CONTENT="français, après cinq années de &quot;boucherie inqualifiable&quot;"
                    HPOS="472"
                    VPOS="1767"
                    WIDTH="2171"
                    HEIGHT="197"></String>
          </TextLine>

          
          
          <TextLine ID="eSc_line_cd7bcdab"
                    TAGREFS="LT2522"
                    BASELINE="511 2064 1676 2044 2701 2050" 
                    HPOS="504"
                    VPOS="1927"
                    WIDTH="2193"
                    HEIGHT="201">
            <Shape><Polygon POINTS="509 2062 509 2128 619 2128 619 2124 623 2124 628 2124 665 2095 697 2120 701 2120 706 2120 710 2120 714 2120 718 2120 718 2116 743 2091 779 2111 784 2111 788 2111 1059 2091 1087 2111 1091 2111 1096 2111 1100 2111 1104 2111 1108 2111 1141 2087 1617 2087 1662 2107 1674 2116 1678 2116 1683 2116 1687 2116 1715 2107 1781 2091 1880 2103 1954 2116 1958 2116 1962 2116 1986 2103 2023 2083 2097 2103 2134 2111 2138 2111 2142 2116 2224 2116 2224 2111 2229 2111 2233 2111 2233 2107 2245 2099 2257 2083 2298 2099 2331 2111 2335 2111 2339 2116 2339 2111 2344 2111 2380 2099 2417 2083 2446 2095 2479 2111 2483 2111 2487 2111 2697 2091 2697 2046 2688 1927 2438 1935 2434 1935 2430 1935 2430 1939 2397 1972 2196 1972 2167 1943 2167 1939 2163 1939 2159 1939 2093 1935 2007 1931 2003 1931 1477 1943 1473 1943 1469 1943 1469 1947 1432 1980 1305 1980 1211 1947 1182 1939 1178 1939 1022 1939 1018 1939 1013 1939 1009 1939 997 1951 956 1984 681 1984 652 1956 640 1947 640 1943 636 1943 632 1943 628 1943 504 1956 509 2062"/></Shape>
	    <String CONTENT="j’etais accueilli, avec bien plus de largeur d’esprit"
                    HPOS="504"
                    VPOS="1927"
                    WIDTH="2193"
                    HEIGHT="201"></String>
          </TextLine>

          
          
          <TextLine ID="eSc_line_7b35107e"
                    TAGREFS="LT2522"
                    BASELINE="486 2222 2665 2195" 
                    HPOS="480"
                    VPOS="2083"
                    WIDTH="2184"
                    HEIGHT="201">
            <Shape><Polygon POINTS="484 2218 484 2284 623 2255 734 2275 738 2275 743 2275 747 2275 775 2255 985 2271 989 2271 1137 2251 1174 2267 1198 2280 1202 2280 1206 2280 1510 2275 1514 2275 1518 2275 1518 2271 1531 2259 1547 2243 1637 2243 1711 2255 1761 2263 1765 2263 1818 2251 1867 2243 1876 2251 1896 2267 1896 2271 1900 2271 1904 2271 1908 2271 1912 2271 1966 2251 1995 2239 2044 2247 2146 2267 2151 2267 2155 2267 2159 2267 2159 2263 2179 2243 2183 2239 2664 2230 2664 2193 2651 2103 2483 2103 2458 2083 2454 2083 2450 2083 2446 2083 2442 2083 2438 2083 2438 2087 2417 2103 2401 2124 2188 2124 2167 2111 2146 2091 2142 2091 2138 2091 2134 2091 2130 2091 2126 2091 2105 2111 2085 2128 1871 2128 1839 2116 1785 2091 1781 2091 1777 2091 1457 2116 1436 2099 1436 2095 1432 2095 1428 2095 1424 2095 1420 2095 1379 2116 1338 2095 1334 2095 1330 2095 1059 2116 849 2099 845 2099 841 2099 837 2099 837 2103 804 2132 796 2140 775 2132 697 2107 693 2107 689 2107 685 2107 681 2107 644 2136 636 2140 480 2140 484 2218"/></Shape>
	    <String CONTENT="que des siècles de propagande haineuse, entre nos deux"
                    HPOS="480"
                    VPOS="2083"
                    WIDTH="2184"
                    HEIGHT="201"></String>
          </TextLine>

          
          
          <TextLine ID="eSc_line_a41b4a3a"
                    TAGREFS="LT2523"
                    BASELINE="945 2344 1072 2326" 
                    HPOS="931"
                    VPOS="2226"
                    WIDTH="140"
                    HEIGHT="144">
            <Shape><Polygon POINTS="944 2353 1067 2370 1071 2325 1046 2226 931 2259 944 2341"/></Shape>
	    <String CONTENT="ent"
                    HPOS="931"
                    VPOS="2226"
                    WIDTH="140"
                    HEIGHT="144"></String>
          </TextLine>

          
          
          <TextLine ID="eSc_line_7f802aa7"
                    TAGREFS="LT2522"
                    BASELINE="478 2383 2102 2370" 
                    HPOS="472"
                    VPOS="2251"
                    WIDTH="1629"
                    HEIGHT="205">
            <Shape><Polygon POINTS="1046 2329 1005 2333 964 2341 944 2288 899 2284 894 2284 890 2284 870 2296 845 2308 767 2308 751 2296 685 2263 681 2263 677 2263 673 2263 669 2263 619 2300 611 2308 472 2308 476 2382 476 2456 648 2456 648 2452 652 2452 656 2452 660 2448 681 2431 763 2444 821 2452 825 2452 829 2452 833 2452 845 2444 894 2407 923 2427 927 2427 931 2427 935 2427 1059 2407 1112 2431 1145 2448 1149 2448 1153 2448 1157 2448 1161 2448 1182 2431 1215 2407 1256 2423 1260 2423 1264 2423 1268 2423 1272 2423 1272 2419 1293 2403 1457 2403 1510 2419 1547 2431 1551 2431 1555 2431 1559 2431 1588 2419 1621 2403 1777 2403 1793 2411 1834 2439 1839 2439 1843 2439 1847 2439 2101 2398 2101 2366 2093 2259 1683 2251 1678 2251 1461 2275 1453 2275 1449 2275 1334 2255 1330 2255 1153 2263 1149 2263 1145 2263 1145 2267 1124 2288 1108 2300 1055 2296 1046 2329"/></Shape>
	    <String CONTENT="peuples, aurait pu le laisser supposer."
                    HPOS="472"
                    VPOS="2251"
                    WIDTH="1629"
                    HEIGHT="205"></String>
          </TextLine>

          
          
          <TextLine ID="eSc_line_a97355d6"
                    TAGREFS="LT2522"
                    BASELINE="820 2528 2906 2520" 
                    HPOS="812"
                    VPOS="2407"
                    WIDTH="2090"
                    HEIGHT="205">
            <Shape><Polygon POINTS="816 2526 816 2612 1001 2608 1005 2608 1009 2608 1059 2571 1075 2587 1079 2587 1083 2587 1087 2587 1091 2587 1137 2567 1260 2604 1268 2604 1272 2604 1276 2604 1301 2599 1408 2579 1449 2595 1473 2608 1477 2608 1481 2608 1486 2608 1531 2595 1613 2567 1662 2587 1666 2587 1670 2587 1674 2587 1678 2587 1707 2558 1855 2558 1995 2558 2015 2579 2040 2599 2040 2604 2044 2604 2048 2604 2052 2604 2056 2604 2060 2604 2097 2579 2122 2563 2179 2575 2294 2604 2298 2604 2302 2604 2307 2604 2344 2571 2360 2558 2413 2571 2578 2604 2582 2604 2586 2604 2590 2604 2647 2563 2660 2558 2898 2558 2902 2517 2894 2435 2056 2407 2052 2407 2048 2407 2044 2407 2019 2427 845 2411 841 2411 837 2411 833 2411 812 2423 816 2526"/></Shape>
	    <String CONTENT="J’ajoute même, que 4 années après, quand je revins"
                    HPOS="812"
                    VPOS="2407"
                    WIDTH="2090"
                    HEIGHT="205"></String>
          </TextLine>

          
          
          <TextLine ID="eSc_line_650c7948"
                    TAGREFS="LT2522"
                    BASELINE="500 2692 2914 2671" 
                    HPOS="492"
                    VPOS="2571"
                    WIDTH="2418"
                    HEIGHT="192">
            <Shape><Polygon POINTS="496 2690 496 2751 792 2743 808 2751 821 2763 825 2763 829 2763 833 2763 837 2763 841 2763 857 2751 870 2743 890 2751 911 2759 915 2759 919 2759 993 2751 1100 2739 1128 2751 1149 2759 1153 2759 1157 2759 1161 2759 1198 2751 1252 2739 1362 2751 1453 2759 1457 2759 1580 2751 1752 2735 1777 2747 1785 2755 1789 2755 1793 2755 1798 2755 1843 2747 1941 2731 1995 2747 2007 2751 2011 2751 2015 2755 2422 2755 2422 2751 2705 2747 2709 2747 2713 2747 2713 2743 2734 2727 2906 2743 2910 2669 2902 2571 2692 2571 2688 2571 2684 2571 2680 2571 2676 2575 2631 2612 2294 2612 2253 2587 2241 2575 2237 2575 2233 2575 2118 2575 2114 2575 2110 2575 2081 2591 2036 2616 1420 2620 1395 2608 1362 2583 1358 2583 1354 2583 1071 2583 1067 2583 1063 2583 977 2620 960 2628 849 2628 845 2624 812 2591 812 2587 808 2587 804 2587 599 2587 595 2587 591 2587 492 2624 496 2690"/></Shape>
	    <String CONTENT="en France, certains paysans — mes compatriotes,— me reçurent"
                    HPOS="492"
                    VPOS="2571"
                    WIDTH="2418"
                    HEIGHT="192"></String>
          </TextLine>

          
          
          <TextLine ID="eSc_line_265026ad"
                    TAGREFS="LT2522"
                    BASELINE="497 2862 2794 2835" 
                    HPOS="492"
                    VPOS="2727"
                    WIDTH="2299"
                    HEIGHT="196">
            <Shape><Polygon POINTS="496 2858 500 2923 578 2895 697 2915 701 2915 706 2915 751 2895 808 2919 825 2923 829 2923 833 2923 837 2923 849 2915 899 2891 919 2915 923 2915 923 2919 927 2919 931 2919 935 2919 940 2919 952 2915 1005 2895 1071 2911 1087 2915 1091 2915 1096 2915 1128 2911 1268 2886 1481 2903 1637 2915 1642 2915 1646 2915 1711 2899 1748 2891 1806 2895 1933 2911 1937 2911 1941 2911 1990 2891 2023 2878 2048 2891 2077 2907 2081 2907 2085 2907 2089 2907 2155 2891 2196 2878 2229 2886 2294 2907 2298 2907 2302 2907 2458 2903 2463 2903 2467 2903 2495 2882 2508 2874 2561 2878 2721 2899 2725 2899 2729 2899 2791 2874 2791 2833 2783 2735 2479 2727 2475 2727 2471 2727 2467 2727 2454 2735 2393 2772 1966 2772 1904 2739 1900 2735 1896 2735 1892 2735 1888 2735 1884 2735 1880 2735 1876 2739 1834 2776 1629 2780 1325 2780 1293 2743 1280 2735 1280 2731 1276 2731 1272 2731 1268 2731 1186 2743 1137 2751 492 2751 496 2858"/></Shape>
	    <String CONTENT="beaucoup plus mal, ce qui me prouva une fois de"
                    HPOS="492"
                    VPOS="2727"
                    WIDTH="2299"
                    HEIGHT="196"></String>
          </TextLine>

          
          
          <TextLine ID="eSc_line_8b9fcf69"
                    TAGREFS="LT2522"
                    BASELINE="486 3010 2649 2999" 
                    HPOS="480"
                    VPOS="2911"
                    WIDTH="2167"
                    HEIGHT="156">
            <Shape><Polygon POINTS="484 3005 484 3067 796 3067 796 3063 800 3063 899 3038 1013 3063 1022 3063 1026 3063 1046 3063 1293 3038 1330 3063 1334 3063 1338 3063 1342 3063 1383 3063 1662 3038 1711 3059 1715 3059 1720 3059 1724 3059 1859 3034 2003 3059 2015 3059 2019 3059 2023 3059 2027 3059 2093 3034 2500 3034 2536 3055 2541 3055 2545 3055 2549 3055 2553 3055 2557 3055 2586 3034 2639 3055 2647 2997 2639 2944 1781 2923 1777 2923 1666 2927 1420 2944 1395 2923 1379 2911 1375 2911 1371 2911 1235 2911 1231 2911 1227 2911 1223 2911 1206 2923 1169 2948 866 2948 829 2919 821 2911 816 2911 812 2911 808 2911 480 2911 484 3005"/></Shape>
	    <String CONTENT="plus que &quot; NUL N’EST PROPHETE DANS SON PAYS"
                    HPOS="480"
                    VPOS="2911"
                    WIDTH="2167"
                    HEIGHT="156"></String>
          </TextLine>

          
          
          <TextLine ID="eSc_line_aa04007d"
                    TAGREFS="LT2522"
                    BASELINE="317 3261 669 3259" 
                    HPOS="311"
                    VPOS="3128"
                    WIDTH="354"
                    HEIGHT="193">
            <Shape><Polygon POINTS="316 3260 316 3301 521 3301 525 3301 562 3321 566 3321 570 3321 574 3321 665 3297 665 3256 652 3128 311 3128 316 3260"/></Shape>
	    <String CONTENT="[23/2]"
                    HPOS="311"
                    VPOS="3128"
                    WIDTH="354"
                    HEIGHT="193"></String>
          </TextLine>

          
          
          <TextLine ID="eSc_line_c2b35644"
                    TAGREFS="LT2522"
                    BASELINE="703 3259 2873 3245" 
                    HPOS="697"
                    VPOS="3157"
                    WIDTH="2172"
                    HEIGHT="144">
            <Shape><Polygon POINTS="701 3256 701 3297 2048 3280 2056 3280 2134 3301 2138 3301 2142 3301 2146 3301 2224 3280 2237 3276 2253 3276 2372 3297 2376 3297 2684 3276 2746 3297 2750 3297 2754 3297 2869 3268 2869 3243 2865 3178 2824 3157 2820 3157 2816 3157 2594 3174 2553 3178 2545 3174 2504 3157 2500 3157 2495 3157 2360 3174 2323 3178 2311 3174 2270 3157 2266 3157 2261 3157 2192 3174 2134 3186 1625 3169 1461 3165 1457 3165 1453 3165 1445 3169 1379 3194 1096 3194 697 3165 701 3256"/></Shape>
	    <String CONTENT="PREMIERES IMPRESSION SUR L’ALLEMAGNE"
                    HPOS="697"
                    VPOS="3157"
                    WIDTH="2172"
                    HEIGHT="144"></String>
          </TextLine>

          
          
          <TextLine ID="eSc_line_d132183e"
                    TAGREFS="LT2522"
                    BASELINE="656 3411 2862 3392" 
                    HPOS="648"
                    VPOS="3292"
                    WIDTH="2213"
                    HEIGHT="185">
            <Shape><Polygon POINTS="652 3407 652 3444 935 3444 944 3444 997 3465 1001 3465 1005 3465 1120 3444 1133 3444 1141 3444 1194 3465 1198 3465 1202 3465 1206 3465 1211 3465 1235 3444 1239 3444 1276 3473 1280 3473 1284 3473 1289 3477 1457 3477 1457 3473 1621 3444 1625 3444 1654 3469 1654 3473 1658 3473 1662 3473 1666 3477 1752 3477 1752 3473 1876 3444 1912 3436 2105 3436 2114 3444 2138 3465 2138 3469 2142 3469 2146 3469 2151 3473 2298 3473 2298 3469 2302 3469 2307 3469 2335 3444 2352 3432 2442 3432 2454 3444 2479 3465 2483 3465 2487 3465 2491 3465 2495 3465 2545 3444 2573 3432 2656 3432 2668 3444 2688 3461 2688 3465 2692 3465 2697 3465 2701 3465 2857 3440 2861 3391 2853 3292 648 3292 652 3407"/></Shape>
	    <String CONTENT="L’ordre, la discipline, la propreté, l’hygiène publique"
                    HPOS="648"
                    VPOS="3292"
                    WIDTH="2213"
                    HEIGHT="185"></String>
          </TextLine>

          
          
          <TextLine ID="eSc_line_77872ec9"
                    TAGREFS="LT2522"
                    BASELINE="489 3567 2868 3554" 
                    HPOS="484"
                    VPOS="3436"
                    WIDTH="2381"
                    HEIGHT="197">
            <Shape><Polygon POINTS="488 3563 488 3604 685 3604 697 3604 825 3633 829 3633 833 3633 874 3612 899 3633 903 3633 907 3633 911 3633 1050 3604 1071 3600 1091 3600 1272 3633 1276 3633 1486 3600 1543 3592 1629 3600 1880 3621 1884 3621 1888 3621 1892 3621 1925 3596 2007 3596 2220 3592 2229 3596 2266 3625 2270 3625 2274 3625 2278 3625 2282 3625 2401 3592 2422 3588 2442 3592 2495 3608 2500 3608 2504 3608 2861 3588 2865 3551 2857 3448 2409 3436 2405 3436 2401 3436 2364 3457 2327 3477 2118 3477 2073 3461 2019 3444 2015 3444 2011 3444 1781 3461 1445 3440 1440 3440 1436 3440 1432 3440 1379 3473 1367 3481 1157 3481 1137 3477 1038 3444 1034 3444 1030 3444 759 3448 755 3448 652 3485 484 3485 488 3563"/></Shape>
	    <String CONTENT="me &quot;sautèrent aux yeux&quot; tellement la comparaison avec"
                    HPOS="484"
                    VPOS="3436"
                    WIDTH="2381"
                    HEIGHT="197"></String>
          </TextLine>

          
          
          <TextLine ID="eSc_line_cf028d2e"
                    TAGREFS="LT2522"
                    BASELINE="503 3731 2813 3715" 
                    HPOS="496"
                    VPOS="3600"
                    WIDTH="2316"
                    HEIGHT="180">
            <Shape><Polygon POINTS="500 3727 500 3760 1650 3780 1654 3780 1781 3760 1830 3776 1834 3776 1839 3776 1843 3776 1847 3776 1847 3772 1863 3760 1888 3776 1892 3776 1896 3776 1900 3776 2052 3756 2159 3776 2163 3776 2167 3776 2233 3752 2812 3744 2812 3711 2803 3641 2602 3641 2598 3637 2545 3600 2541 3600 2536 3600 2532 3600 1412 3612 1408 3612 1403 3612 1403 3616 1383 3633 1367 3649 1083 3649 1059 3629 1038 3612 1034 3612 1030 3612 935 3612 931 3612 927 3612 923 3612 923 3616 907 3629 886 3653 611 3653 587 3629 574 3616 574 3612 570 3612 566 3612 562 3612 496 3625 500 3727"/></Shape>
	    <String CONTENT="les mœurs françaises de l’époque (1928) était FLAGRANTE"
                    HPOS="496"
                    VPOS="3600"
                    WIDTH="2316"
                    HEIGHT="180"></String>
          </TextLine>

          
          
          <TextLine ID="eSc_line_c426a756"
                    TAGREFS="LT2522"
                    BASELINE="757 3884 2849 3876" 
                    HPOS="751"
                    VPOS="3764"
                    WIDTH="2097"
                    HEIGHT="193">
            <Shape><Polygon POINTS="755 3883 755 3916 989 3912 1001 3920 1030 3949 1030 3953 1034 3953 1038 3953 1042 3953 1046 3953 1124 3924 1137 3920 1149 3924 1235 3957 1239 3957 1243 3957 1247 3957 1354 3928 1387 3920 1481 3928 1555 3936 1559 3936 1564 3936 1584 3932 1629 3916 1678 3932 1744 3957 1748 3957 1752 3957 1756 3957 1761 3957 1789 3932 1810 3916 2110 3916 2167 3936 2171 3936 2175 3936 2179 3936 2278 3908 2528 3916 2557 3945 2561 3949 2561 3953 2565 3953 2569 3953 2573 3953 2848 3949 2848 3875 2840 3809 2212 3809 2204 3801 2163 3764 2159 3764 2155 3764 2151 3764 2146 3764 2142 3764 2093 3801 2081 3809 1900 3809 1888 3797 1847 3764 1843 3764 1839 3764 1834 3764 751 3785 755 3883"/></Shape>
	    <String CONTENT="C’est pourquoi &gt;&lt; expériences de mon voyage"
                    HPOS="751"
                    VPOS="3764"
                    WIDTH="2097"
                    HEIGHT="193"></String>
          </TextLine>

          
          
          <TextLine ID="eSc_line_fa3fdbbe"
                    TAGREFS="LT2522"
                    BASELINE="483 4048 2778 4035" 
                    HPOS="476"
                    VPOS="3924"
                    WIDTH="2299"
                    HEIGHT="180">
            <Shape><Polygon POINTS="480 4047 480 4096 759 4080 812 4092 853 4104 857 4104 862 4104 952 4092 1067 4076 1087 4092 1100 4100 1104 4100 1108 4100 1112 4100 1190 4088 1280 4076 1325 4088 1371 4100 1375 4100 1379 4100 1535 4084 1633 4076 1728 4084 1904 4096 1908 4096 1912 4096 1917 4096 1941 4080 1949 4076 1978 4080 2068 4092 2073 4092 2077 4092 2081 4092 2097 4076 2101 4076 2105 4076 2118 4088 2118 4092 2122 4092 2126 4092 2130 4092 2274 4076 2352 4068 2442 4072 2692 4092 2697 4092 2701 4092 2775 4068 2775 4031 2766 3961 2216 3924 2212 3924 2208 3924 2204 3924 2151 3965 2146 3969 1732 3969 1732 3965 1650 3928 1646 3928 1642 3928 1350 3932 1346 3932 1276 3969 1272 3973 1178 3973 1178 3969 1133 3932 1128 3932 1124 3932 1038 3932 1034 3932 1030 3932 1026 3932 968 3973 964 3973 944 3973 689 3936 685 3936 681 3936 677 3936 677 3940 636 3973 636 3977 476 3977 480 4047"/></Shape>
	    <String CONTENT="m’ont prouvé, que : APRES LE JAPON, l’Allemagne"
                    HPOS="476"
                    VPOS="3924"
                    WIDTH="2299"
                    HEIGHT="180"></String>
          </TextLine>

          
          
          <TextLine ID="eSc_line_3cb1c5d0"
                    TAGREFS="LT2522"
                    BASELINE="500 4207 2819 4196" 
                    HPOS="492"
                    VPOS="4072"
                    WIDTH="2324"
                    HEIGHT="184">
            <Shape><Polygon POINTS="496 4203 496 4256 833 4236 1252 4248 1576 4256 1580 4256 1761 4240 1863 4232 1892 4240 1937 4252 1941 4252 1945 4252 1949 4252 2011 4236 2036 4232 2138 4236 2516 4252 2520 4252 2524 4252 2528 4252 2553 4232 2684 4248 2688 4248 2816 4223 2816 4195 2803 4072 2594 4100 2356 4080 2257 4072 1781 4072 1777 4072 1773 4072 1707 4092 1674 4072 1670 4072 1666 4072 1662 4072 1658 4072 1654 4072 1654 4076 1633 4096 1625 4100 1564 4096 1498 4092 1494 4092 1490 4092 1486 4092 1481 4096 1457 4113 1272 4100 899 4080 894 4080 890 4080 825 4113 821 4117 492 4117 496 4203"/></Shape>
	    <String CONTENT="paraissait être la nation la plus développée de"
                    HPOS="492"
                    VPOS="4072"
                    WIDTH="2324"
                    HEIGHT="184"></String>
          </TextLine>

          
          
          <TextLine ID="eSc_line_adc40613"
                    TAGREFS="LT2522"
                    BASELINE="519 4366 2753 4352" 
                    HPOS="513"
                    VPOS="4236"
                    WIDTH="2237"
                    HEIGHT="192">
            <Shape><Polygon POINTS="517 4363 517 4396 738 4396 743 4400 771 4424 771 4428 775 4428 779 4428 784 4428 985 4400 989 4400 1063 4420 1067 4420 1071 4420 1260 4400 1301 4396 1309 4400 1362 4424 1367 4424 1371 4424 1375 4424 1436 4400 1440 4400 1449 4400 1662 4424 1666 4424 1810 4400 1863 4391 1884 4400 1941 4424 1945 4424 1949 4424 1954 4424 1958 4424 1995 4400 2007 4391 2032 4400 2093 4420 2097 4420 2101 4420 2241 4400 2335 4387 2405 4400 2500 4420 2504 4424 2606 4424 2606 4420 2610 4420 2614 4420 2643 4400 2668 4387 2742 4400 2750 4350 2742 4240 2003 4236 1999 4236 1995 4236 1990 4236 1978 4248 1933 4281 1408 4281 1350 4252 1330 4244 1325 4244 1321 4244 1317 4244 1289 4252 1219 4285 1079 4285 1009 4256 972 4244 968 4244 964 4244 513 4260 517 4363"/></Shape>
	    <String CONTENT="cette période d’ après guerre. Il faut souligner"
                    HPOS="513"
                    VPOS="4236"
                    WIDTH="2237"
                    HEIGHT="192"></String>
          </TextLine>

          
          
          <TextLine ID="eSc_line_251ea2eb"
                    TAGREFS="LT2522"
                    BASELINE="508 4524 2892 4505" 
                    HPOS="500"
                    VPOS="4404"
                    WIDTH="2390"
                    HEIGHT="164">
            <Shape><Polygon POINTS="504 4523 504 4568 2890 4547 2890 4502 2881 4437 1937 4404 1933 4404 1666 4408 1662 4408 1658 4408 1633 4424 1600 4449 1055 4449 997 4428 993 4428 989 4428 985 4428 981 4428 981 4433 977 4433 960 4457 857 4457 825 4424 825 4420 821 4420 816 4420 500 4420 504 4523"/></Shape>
	    <String CONTENT="tout de même que ces deux nations , N’AVAIENT PAS"
                    HPOS="500"
                    VPOS="4404"
                    WIDTH="2390"
                    HEIGHT="164"></String>
          </TextLine>

          
          
          <TextLine ID="eSc_line_42e1b169"
                    TAGREFS="LT2522"
                    BASELINE="524 4688 2611 4672" 
                    HPOS="517"
                    VPOS="4613"
                    WIDTH="2093"
                    HEIGHT="291">
            <Shape><Polygon POINTS="521 4687 521 4904 1096 4879 2602 4888 2610 4670 2598 4613 517 4625 521 4687"/></Shape>
	    <String CONTENT="SOUFFERT DES DEVASTATION DE GUERRE."
                    HPOS="517"
                    VPOS="4613"
                    WIDTH="2093"
                    HEIGHT="291"></String>
          </TextLine>

          
        </TextBlock>
        
        <TextBlock HPOS="2620"
                   VPOS="124"
                   WIDTH="182"
                   HEIGHT="150"
                   ID="eSc_textblock_f0164170"
                   TAGREFS="BT7519">
          <Shape><Polygon POINTS="2620 124 2620 274 2802 274 2802 124"/></Shape>
          
          
          <TextLine ID="eSc_line_83dd4ea3"
                    TAGREFS="LT2522"
                    BASELINE="2666 236 2784 225" 
                    HPOS="2656"
                    VPOS="155"
                    WIDTH="127"
                    HEIGHT="127">
            <Shape><Polygon POINTS="2664 233 2668 282 2783 266 2783 221 2770 155 2656 164 2664 233"/></Shape>
	    <String CONTENT="9"
                    HPOS="2656"
                    VPOS="155"
                    WIDTH="127"
                    HEIGHT="127"></String>
          </TextLine>

          
        </TextBlock>
        

        
      </PrintSpace>
    </Page>
  </Layout>
</alto>
