<?xml version="1.0" encoding="UTF-8"?>
<alto xmlns:xsi="http://www.w3.org/2001/XMLSchema-instance"
      xmlns="http://www.loc.gov/standards/alto/ns-v4#"
      xsi:schemaLocation="http://www.loc.gov/standards/alto/ns-v4# http://www.loc.gov/standards/alto/v4/alto-4-2.xsd">
  <Description>
    <MeasurementUnit>pixel</MeasurementUnit>
    <sourceImageInformation>
      <fileName>D.4.eurasie-7-8_0078.jpg</fileName>
      
    </sourceImageInformation>
  </Description>
  
  <Tags>
    <OtherTag ID="BT7519" LABEL="NumberingZone" DESCRIPTION="block type NumberingZone"/><OtherTag ID="BT7517" LABEL="MainZone" DESCRIPTION="block type MainZone"/>
    <OtherTag ID="LT2523" LABEL="InterlinearLine" DESCRIPTION="line type InterlinearLine"/><OtherTag ID="LT2522" LABEL="DefaultLine" DESCRIPTION="line type DefaultLine"/>
  </Tags>
  
  <Layout>
    <Page WIDTH="3031"
          HEIGHT="4836"
          PHYSICAL_IMG_NR="14"
          ID="eSc_dummypage_">
      <PrintSpace HPOS="0"
                  VPOS="0"
                  WIDTH="3031"
                  HEIGHT="4836">
        
        <TextBlock HPOS="109"
                   VPOS="65"
                   WIDTH="2868"
                   HEIGHT="4720"
                   ID="eSc_textblock_df8946fe"
                   TAGREFS="BT7517">
          <Shape><Polygon POINTS="114 65 109 4758 2919 4785 2975 422 2550 413 2571 258 2977 218 2960 65"/></Shape>
          
          
          <TextLine ID="eSc_line_940c71cf"
                    TAGREFS="LT2522"
                    BASELINE="480 214 2832 196" 
                    HPOS="478"
                    VPOS="110"
                    WIDTH="2354"
                    HEIGHT="139">
            <Shape><Polygon POINTS="2816 126 2789 123 2762 120 2735 118 2708 118 2681 115 2654 112 2627 112 2609 110 2275 112 2273 112 2270 112 2262 118 2243 131 2160 123 2157 123 2155 123 2120 139 1972 126 1969 126 1620 142 1571 131 1542 126 1539 126 1504 134 1451 145 1346 137 1279 131 1276 131 1273 131 1260 137 1244 147 897 147 894 145 873 131 870 131 867 131 865 131 760 147 736 150 730 147 709 137 706 137 704 137 601 147 523 134 521 134 518 134 494 142 478 177 480 214 480 249 2832 233 2832 196 2824 126 2816 126"/></Shape>
	    <String CONTENT="COMPARAISON AVEC UN MARIAGE &quot;A LA GASCONNE"
                    HPOS="478"
                    VPOS="110"
                    WIDTH="2354"
                    HEIGHT="139"></String>
          </TextLine>

          
          
          <TextLine ID="eSc_line_d85d578d"
                    TAGREFS="LT2522"
                    BASELINE="257 378 676 374" 
                    HPOS="249"
                    VPOS="302"
                    WIDTH="424"
                    HEIGHT="117">
            <Shape><Polygon POINTS="253 374 253 419 673 415 673 370 665 318 249 302 253 374"/></Shape>
	    <String CONTENT="22-11-115"
                    HPOS="249"
                    VPOS="302"
                    WIDTH="424"
                    HEIGHT="117"></String>
          </TextLine>

          
          
          <TextLine ID="eSc_line_8174855b"
                    TAGREFS="LT2522"
                    BASELINE="718 373 2427 355" 
                    HPOS="713"
                    VPOS="253"
                    WIDTH="1713"
                    HEIGHT="174">
            <Shape><Polygon POINTS="717 370 717 419 1136 427 1140 427 1144 427 1148 427 1148 423 1152 419 1172 403 1338 403 1495 419 1543 423 1547 423 1575 419 1672 398 1950 419 1987 419 1991 419 1995 419 1999 419 2039 394 2418 415 2426 354 2414 294 1910 294 1886 282 1837 253 1833 253 1829 253 1825 253 1636 257 1632 257 1628 257 1596 278 1559 298 1350 278 1346 278 1197 298 1148 270 1136 261 1132 261 1128 261 1124 261 713 261 717 370"/></Shape>
	    <String CONTENT="En mettant au net, mes notes sténo, il m’a paru"
                    HPOS="713"
                    VPOS="253"
                    WIDTH="1713"
                    HEIGHT="174"></String>
          </TextLine>

          
          
          <TextLine ID="eSc_line_257c674d"
                    TAGREFS="LT2522"
                    BASELINE="290 542 2821 505" 
                    HPOS="287"
                    VPOS="427"
                    WIDTH="2534"
                    HEIGHT="164">
            <Shape><Polygon POINTS="290 542 290 569 408 591 411 591 413 591 464 569 478 564 628 566 827 572 830 572 935 564 1015 558 1023 564 1042 574 1045 574 1047 574 1190 580 1193 580 1195 580 1244 561 1246 561 1257 561 1343 569 1346 569 1397 561 1451 550 1531 558 1657 572 1660 572 1733 556 1768 550 1824 556 1905 564 1907 564 2079 553 2179 548 2208 553 2275 564 2278 564 2818 545 2821 505 2813 427 2598 429 2595 429 2593 429 2552 456 2453 456 2275 445 2273 445 2270 445 2241 459 2103 448 2101 448 1905 464 1835 443 1821 440 1819 440 1816 440 1813 440 1811 440 1805 445 1773 464 1577 448 1553 448 1550 448 1547 448 1542 451 1502 470 1402 454 1389 451 1386 451 1383 451 1381 451 1381 454 1351 472 1265 462 1262 462 1077 475 991 459 961 456 959 456 956 456 940 462 892 478 857 462 835 454 832 454 830 454 647 456 644 456 642 456 628 467 618 475 591 467 556 459 553 459 550 459 287 472 290 542"/></Shape>
	    <String CONTENT="27/8M. intéressant de comparer cette cérémonie Chinoise du mariage, avec celle qui"
                    HPOS="287"
                    VPOS="427"
                    WIDTH="2534"
                    HEIGHT="164"></String>
          </TextLine>

          
          
          <TextLine ID="eSc_line_315ff065"
                    TAGREFS="LT2522"
                    BASELINE="257 695 2813 679" 
                    HPOS="255"
                    VPOS="607"
                    WIDTH="2558"
                    HEIGHT="153">
            <Shape><Polygon POINTS="257 695 257 760 394 757 397 757 470 733 505 752 507 752 510 752 626 725 663 738 666 738 669 738 671 738 749 714 1053 733 1056 733 1193 730 1195 730 1198 730 1225 711 1292 749 1297 752 1300 752 1303 754 1383 754 1383 752 1386 752 1399 746 1485 717 1631 722 1633 722 1695 709 1778 736 1781 736 1784 736 1786 736 1789 736 1829 709 2015 709 2077 738 2093 746 2095 746 2098 749 2310 749 2310 746 2313 746 2316 746 2332 736 2375 709 2453 706 2705 722 2708 722 2711 722 2748 706 2805 730 2813 679 2807 628 2493 607 2490 607 2396 609 2394 609 2391 609 2364 628 2364 631 2305 631 2216 631 2144 609 2141 609 2138 609 2052 628 1905 612 1902 612 1899 612 1862 631 1862 634 1800 634 1698 634 1566 612 1563 612 1426 634 1421 634 1416 634 1225 615 1222 615 1219 615 1152 634 1112 623 1109 623 1107 623 999 636 994 636 988 636 908 617 905 617 902 617 857 636 854 636 695 623 693 623 690 623 687 623 666 639 663 639 631 620 628 620 626 620 550 636 523 620 521 620 518 620 373 620 370 620 255 639 257 695"/></Shape>
	    <String CONTENT="se pratiquait encore dans mon bourg natal de Lavardac en Gascogne, vers la même"
                    HPOS="255"
                    VPOS="607"
                    WIDTH="2558"
                    HEIGHT="153"></String>
          </TextLine>

          
          
          <TextLine ID="eSc_line_7eef4373"
                    TAGREFS="LT2522"
                    BASELINE="263 848 2915 835" 
                    HPOS="260"
                    VPOS="754"
                    WIDTH="2655"
                    HEIGHT="156">
            <Shape><Polygon POINTS="263 848 263 891 787 910 789 910 792 910 830 891 910 908 913 908 916 908 959 886 967 883 1015 886 1174 897 1176 897 1236 883 1252 881 1260 883 1313 908 1316 908 1319 908 1322 908 1408 883 1408 881 1579 878 1588 881 1625 905 1628 905 1631 905 1633 908 1722 908 1722 905 1840 878 1859 875 1889 878 2026 894 2028 894 2031 894 2093 875 2101 875 2294 875 2297 875 2466 900 2469 900 2472 900 2536 873 2590 873 2593 873 2638 900 2641 900 2644 900 2646 902 2767 902 2767 900 2770 900 2824 870 2915 867 2915 835 2904 760 2816 784 2700 781 2670 763 2660 754 2657 754 2654 754 2386 754 2383 754 2267 757 2265 757 2241 768 2211 784 2066 771 2012 768 2009 768 2007 768 2004 768 1999 773 1972 789 1864 789 1792 776 1690 760 1687 760 1684 760 1682 760 1655 779 1644 784 1620 779 1571 768 1569 768 1566 768 1542 779 1520 789 1448 781 1373 773 1370 773 1316 784 1270 792 1238 784 1158 763 1155 763 1152 763 1150 763 1107 787 1093 792 921 789 870 789 838 768 835 768 832 768 830 768 827 768 755 792 741 797 478 797 349 797 322 779 319 779 317 779 314 779 311 779 260 795 263 848"/></Shape>
	    <String CONTENT="époque. J’ai pensé, qu’ainsi les amateurs des folklores, surtout notre postérité, pourr-"
                    HPOS="260"
                    VPOS="754"
                    WIDTH="2655"
                    HEIGHT="156"></String>
          </TextLine>

          
          
          <TextLine ID="eSc_line_c890363e"
                    TAGREFS="LT2522"
                    BASELINE="260 1012 2885 999" 
                    HPOS="257"
                    VPOS="926"
                    WIDTH="2628"
                    HEIGHT="145">
            <Shape><Polygon POINTS="260 1012 260 1071 376 1069 378 1069 478 1039 550 1069 553 1069 556 1071 631 1071 631 1069 634 1069 636 1069 706 1034 870 1034 1037 1050 1039 1050 1042 1050 1069 1039 1107 1063 1112 1066 1115 1066 1117 1066 1120 1066 1123 1066 1141 1061 1230 1039 1391 1058 1440 1063 1442 1063 1445 1063 1459 1058 1499 1039 1593 1050 1596 1050 1598 1050 1601 1050 1628 1031 2028 1026 2114 1050 2117 1050 2120 1050 2122 1050 2138 1050 2219 1039 2238 1047 2265 1061 2267 1061 2270 1061 2391 1058 2394 1058 2426 1045 2474 1026 2507 1039 2509 1039 2512 1039 2515 1039 2563 1026 2670 1042 2676 1042 2678 1042 2681 1042 2732 1026 2797 1042 2850 1053 2853 1053 2856 1053 2885 1039 2885 999 2880 951 2754 926 2636 926 2633 926 2630 926 2587 948 2563 932 2560 932 2558 932 2361 926 2359 926 2356 926 2278 951 2227 929 2224 929 2222 929 2219 929 2157 951 2044 929 2042 929 2039 929 2036 929 2004 951 1819 934 1816 934 1813 934 1765 953 1717 932 1714 932 1711 932 1641 945 1539 932 1536 932 1534 932 1491 953 1410 932 1408 932 1405 932 1402 932 1303 956 1034 934 1031 934 1029 934 988 956 690 937 687 937 685 937 631 956 577 937 575 937 572 937 569 937 486 959 373 937 370 937 368 937 365 937 330 961 257 961 260 1012"/></Shape>
	    <String CONTENT="-ont édifier leur curiosité, en comparant des moeurs, dans le fond si similaires,"
                    HPOS="257"
                    VPOS="926"
                    WIDTH="2628"
                    HEIGHT="145"></String>
          </TextLine>

          
          
          <TextLine ID="eSc_line_4f7642da"
                    TAGREFS="LT2522"
                    BASELINE="257 1174 2394 1155" 
                    HPOS="255"
                    VPOS="1066"
                    WIDTH="2139"
                    HEIGHT="169">
            <Shape><Polygon POINTS="257 1174 257 1200 322 1200 325 1200 368 1233 370 1233 373 1233 376 1235 475 1235 475 1233 478 1233 558 1200 569 1198 599 1200 714 1214 717 1214 846 1200 886 1227 889 1227 892 1227 894 1230 1166 1230 1166 1227 1168 1227 1219 1200 1316 1211 1319 1211 1322 1211 1367 1198 1386 1192 1394 1198 1434 1225 1437 1225 1440 1225 1442 1225 1596 1222 1598 1222 1655 1198 1671 1190 1733 1195 1867 1211 1870 1211 1872 1211 1915 1195 1926 1192 1940 1195 1977 1203 1980 1203 2098 1195 2208 1187 2222 1195 2243 1206 2246 1206 2249 1206 2394 1192 2394 1155 2388 1101 2300 1098 2235 1066 2232 1066 2085 1066 2082 1066 1719 1071 1717 1071 1714 1071 1668 1104 1663 1106 1641 1104 1539 1093 1536 1093 1534 1093 1507 1106 1504 1106 1502 1106 1477 1090 1475 1090 1472 1090 1469 1090 1467 1090 1464 1090 1442 1106 1434 1112 1378 1112 1370 1106 1340 1085 1338 1085 1335 1085 1332 1085 1252 1101 1115 1093 1112 1093 1109 1093 1107 1093 1082 1109 1074 1114 1002 1114 994 1109 964 1093 961 1093 959 1093 956 1093 953 1093 932 1109 924 1114 787 1114 763 1109 679 1093 677 1093 674 1093 639 1112 631 1114 626 1112 561 1080 558 1080 556 1080 553 1080 550 1080 502 1109 376 1093 373 1093 370 1093 333 1112 325 1117 317 1112 298 1104 295 1104 292 1104 290 1104 255 1112 257 1174"/></Shape>
	    <String CONTENT="malgré la distance géographique des pays où elles eurent lieux."
                    HPOS="255"
                    VPOS="1066"
                    WIDTH="2139"
                    HEIGHT="169"></String>
          </TextLine>

          
          
          <TextLine ID="eSc_line_f3da18ec"
                    TAGREFS="LT2522"
                    BASELINE="472 1332 875 1319 1883 1329 2861 1319" 
                    HPOS="470"
                    VPOS="1251"
                    WIDTH="2391"
                    HEIGHT="124">
            <Shape><Polygon POINTS="472 1332 475 1372 537 1356 591 1372 601 1375 604 1375 607 1375 609 1375 623 1372 690 1354 800 1354 827 1370 835 1372 838 1372 841 1372 843 1372 851 1370 881 1354 964 1356 996 1367 1021 1375 1023 1375 1026 1375 1141 1367 1292 1354 1585 1354 1609 1362 1631 1367 1633 1367 1636 1367 1639 1367 1655 1359 1671 1354 1684 1359 1703 1367 1706 1367 1708 1367 1870 1359 1956 1354 1972 1356 2034 1372 2036 1372 2039 1372 2042 1372 2087 1356 2093 1354 2095 1356 2120 1372 2122 1372 2125 1372 2128 1375 2275 1375 2275 1372 2278 1372 2321 1356 2474 1372 2477 1372 2861 1346 2861 1319 2856 1262 2189 1251 2187 1251 2184 1251 2181 1251 2171 1260 2155 1270 1811 1270 1735 1260 1679 1251 1676 1251 1674 1251 1657 1260 1633 1268 1534 1257 1488 1254 1485 1254 1483 1254 1475 1257 1456 1268 1187 1257 1150 1257 1147 1257 1139 1257 1061 1270 1034 1257 1029 1254 1026 1254 884 1254 881 1254 862 1257 784 1270 741 1257 733 1254 730 1254 728 1254 706 1257 609 1270 470 1257 472 1332"/></Shape>
	    <String CONTENT="Donc, dans les pages 11-12-13 et 14 du 22 ieme manifold Esp., J’ai brossé"
                    HPOS="470"
                    VPOS="1251"
                    WIDTH="2391"
                    HEIGHT="124"></String>
          </TextLine>

          
          
          <TextLine ID="eSc_line_ee518dfc"
                    TAGREFS="LT2523"
                    BASELINE="322 1410 435 1410" 
                    HPOS="322"
                    VPOS="1348"
                    WIDTH="113"
                    HEIGHT="137">
            <Shape><Polygon POINTS="322 1461 384 1485 386 1485 389 1485 392 1485 394 1485 435 1461 435 1410 435 1348 322 1348 322 1410"/></Shape>
	    <String CONTENT="bref"
                    HPOS="322"
                    VPOS="1348"
                    WIDTH="113"
                    HEIGHT="137"></String>
          </TextLine>

          
          
          <TextLine ID="eSc_line_48468ac0"
                    TAGREFS="LT2522"
                    BASELINE="249 1493 1109 1483 2713 1488" 
                    HPOS="247"
                    VPOS="1405"
                    WIDTH="2466"
                    HEIGHT="129">
            <Shape><Polygon POINTS="249 1493 249 1517 808 1531 811 1531 814 1531 846 1523 870 1515 894 1523 921 1531 924 1531 927 1531 929 1531 951 1523 980 1512 1179 1523 1222 1526 1225 1526 1241 1526 1319 1512 1413 1526 1461 1531 1464 1531 1467 1531 1483 1526 1520 1512 1628 1512 1652 1526 1657 1531 1660 1531 1663 1531 1665 1531 1668 1531 1679 1526 1706 1515 1856 1528 1905 1531 1907 1531 1910 1531 1921 1528 1977 1512 2058 1528 2074 1531 2077 1531 2079 1531 2085 1528 2128 1512 2324 1512 2399 1531 2402 1531 2404 1531 2407 1534 2711 1534 2713 1488 2711 1440 2673 1440 2622 1405 2619 1405 2617 1405 2614 1405 2611 1405 2563 1423 2533 1405 2531 1405 2528 1405 2525 1405 2523 1405 2488 1423 2426 1405 2423 1405 2421 1405 2418 1405 2372 1429 2313 1405 2310 1405 2308 1405 2232 1421 2179 1410 2176 1410 2173 1410 2114 1437 1886 1405 1883 1405 1880 1405 1784 1437 1719 1405 1717 1405 1467 1405 1464 1405 1316 1437 1171 1415 1072 1415 1069 1415 1066 1415 1015 1437 824 1418 822 1418 819 1418 781 1434 712 1407 709 1407 706 1407 704 1407 701 1407 655 1440 599 1440 472 1407 470 1407 467 1407 464 1407 416 1440 247 1440 249 1493"/></Shape>
	    <String CONTENT="un ⋎ tableau, de ces cérémonies nuptiales (au plein sens du terme) et j’ai"
                    HPOS="247"
                    VPOS="1405"
                    WIDTH="2466"
                    HEIGHT="129"></String>
          </TextLine>

          
          
          <TextLine ID="eSc_line_bc635b82"
                    TAGREFS="LT2522"
                    BASELINE="249 1657 2735 1641" 
                    HPOS="247"
                    VPOS="1566"
                    WIDTH="2488"
                    HEIGHT="140">
            <Shape><Polygon POINTS="249 1657 249 1681 626 1681 631 1684 679 1706 682 1706 685 1706 687 1706 741 1684 862 1706 865 1706 867 1706 935 1684 953 1676 1133 1676 1327 1676 1343 1684 1378 1700 1381 1700 1383 1700 1386 1700 1432 1684 1456 1676 1480 1684 1523 1700 1526 1700 1528 1703 1902 1703 1902 1700 1905 1700 1961 1684 2012 1671 2103 1684 2189 1697 2192 1697 2259 1684 2345 1668 2442 1671 2469 1684 2488 1695 2490 1695 2493 1695 2735 1684 2735 1641 2730 1585 2638 1566 2636 1566 2633 1566 2576 1585 2550 1566 2547 1566 2544 1566 2541 1566 2539 1566 2488 1582 2345 1566 2343 1566 2340 1566 2289 1587 2283 1590 2171 1590 2165 1587 2136 1571 2133 1571 2130 1571 2128 1571 2087 1587 2085 1587 2012 1571 2009 1571 1907 1590 1897 1590 1883 1590 1781 1571 1778 1571 1776 1571 1773 1571 1746 1590 1743 1590 1722 1590 1359 1574 1356 1574 1354 1574 1351 1574 1324 1593 1260 1593 1222 1593 1217 1593 1104 1574 1101 1574 1099 1574 1069 1587 996 1577 994 1577 991 1577 956 1595 953 1595 940 1595 760 1577 757 1577 644 1598 634 1598 626 1598 564 1579 561 1579 558 1579 462 1598 456 1598 454 1598 352 1579 349 1579 247 1598 249 1657"/></Shape>
	    <String CONTENT="conclu cet exposé, par le dernier tableau, que j’ai cru interessant de reporter"
                    HPOS="247"
                    VPOS="1566"
                    WIDTH="2488"
                    HEIGHT="140"></String>
          </TextLine>

          
          
          <TextLine ID="eSc_line_17546f35"
                    TAGREFS="LT2522"
                    BASELINE="255 1818 601 1816" 
                    HPOS="249"
                    VPOS="1736"
                    WIDTH="351"
                    HEIGHT="129">
            <Shape><Polygon POINTS="253 1817 253 1853 592 1865 600 1813 588 1736 249 1740 253 1817"/></Shape>
	    <String CONTENT="ci-dessous :"
                    HPOS="249"
                    VPOS="1736"
                    WIDTH="351"
                    HEIGHT="129"></String>
          </TextLine>

          
          
          <TextLine ID="eSc_line_6e603f00"
                    TAGREFS="LT2522"
                    BASELINE="621 1815 975 1813" 
                    HPOS="616"
                    VPOS="1704"
                    WIDTH="355"
                    HEIGHT="178">
            <Shape><Polygon POINTS="620 1813 620 1882 971 1869 971 1809 963 1732 616 1704 620 1813"/></Shape>
	    <String CONTENT="22-14-115"
                    HPOS="616"
                    VPOS="1704"
                    WIDTH="355"
                    HEIGHT="178"></String>
          </TextLine>

          
          
          <TextLine ID="eSc_line_5767d0fb"
                    TAGREFS="LT2522"
                    BASELINE="647 1963 978 1963" 
                    HPOS="647"
                    VPOS="1904"
                    WIDTH="331"
                    HEIGHT="92">
            <Shape><Polygon POINTS="647 1963 647 1996 978 1993 978 1963 978 1904 647 1904 647 1963"/></Shape>
	    <String CONTENT="27 / 8M."
                    HPOS="647"
                    VPOS="1904"
                    WIDTH="331"
                    HEIGHT="92"></String>
          </TextLine>

          
          
          <TextLine ID="eSc_line_45193ea3"
                    TAGREFS="LT2522"
                    BASELINE="1057 1889 2762 1880" 
                    HPOS="1051"
                    VPOS="1757"
                    WIDTH="1709"
                    HEIGHT="169">
            <Shape><Polygon POINTS="1056 1886 1056 1926 2756 1918 2760 1877 2752 1769 2498 1757 2494 1757 2490 1757 2486 1757 2474 1765 2410 1805 1878 1805 1837 1769 1837 1765 1833 1765 1829 1765 1825 1765 1821 1765 1793 1777 1773 1761 1769 1757 1765 1757 1761 1757 1757 1757 1729 1761 1660 1777 1636 1761 1632 1757 1628 1757 1624 1757 1620 1757 1579 1761 1475 1777 1051 1761 1056 1886"/></Shape>
	    <String CONTENT="&quot;Pendant le dernier acte de ces scènes burlesques"
                    HPOS="1051"
                    VPOS="1757"
                    WIDTH="1709"
                    HEIGHT="169"></String>
          </TextLine>

          
          
          <TextLine ID="eSc_line_83651e24"
                    TAGREFS="LT2522"
                    BASELINE="282 2055 2829 2036" 
                    HPOS="279"
                    VPOS="1963"
                    WIDTH="2550"
                    HEIGHT="146">
            <Shape><Polygon POINTS="282 2055 282 2109 405 2087 470 2100 472 2100 475 2100 537 2079 652 2103 669 2106 671 2109 859 2109 859 2106 902 2100 1045 2074 1104 2090 1107 2090 1109 2090 1112 2090 1144 2074 1209 2084 1211 2084 1378 2071 1647 2087 1674 2087 1676 2087 1679 2087 1684 2087 1741 2068 1768 2084 1786 2098 1789 2098 1792 2098 1794 2100 1956 2100 1956 2098 1958 2098 1993 2082 2012 2071 2052 2079 2120 2095 2122 2098 2254 2098 2254 2095 2257 2095 2321 2076 2345 2068 2359 2074 2375 2082 2378 2082 2380 2082 2507 2071 2595 2066 2644 2071 2756 2082 2759 2082 2826 2066 2829 2036 2824 1985 2609 1963 2606 1963 2399 1980 2332 1966 2329 1966 2326 1966 2294 1985 2292 1985 2278 1985 2136 1966 2133 1966 2058 1985 2050 1985 2023 1985 1762 1969 1760 1969 1757 1969 1719 1985 1706 1990 1687 1985 1639 1972 1636 1972 1633 1972 1469 1985 1365 1996 1311 1996 1297 1985 1281 1974 1279 1974 1276 1974 1273 1974 1270 1974 1241 1985 1236 1988 1230 1985 1209 1974 1206 1974 1045 1974 1042 1974 1039 1974 994 1985 951 1996 279 1988 282 2055"/></Shape>
	    <String CONTENT="quand les jeunes invités d’honneur, ont voulu jeter le fiancé dans les bras"
                    HPOS="279"
                    VPOS="1963"
                    WIDTH="2550"
                    HEIGHT="146"></String>
          </TextLine>

          
          
          <TextLine ID="eSc_line_101f70e1"
                    TAGREFS="LT2522"
                    BASELINE="274 2213 2740 2200" 
                    HPOS="271"
                    VPOS="2117"
                    WIDTH="2469"
                    HEIGHT="145">
            <Shape><Polygon POINTS="274 2213 274 2237 470 2259 472 2262 650 2262 650 2259 749 2240 765 2237 773 2240 814 2256 816 2256 819 2256 822 2256 859 2240 873 2235 908 2240 1002 2256 1004 2256 1193 2240 1305 2232 1346 2240 1399 2254 1402 2254 1469 2240 1520 2232 1684 2232 1703 2243 1733 2254 1735 2254 1738 2254 1835 2243 1942 2229 1991 2243 1993 2243 1996 2243 1999 2243 2009 2243 2120 2229 2179 2243 2214 2251 2216 2251 2326 2243 2512 2229 2536 2243 2536 2246 2539 2246 2541 2246 2544 2246 2738 2243 2740 2200 2732 2130 2490 2149 2453 2130 2442 2125 2439 2125 2437 2125 2434 2125 2415 2130 2361 2149 2321 2130 2302 2122 2300 2122 2297 2122 2294 2122 2278 2130 2238 2154 2133 2154 2079 2133 2036 2117 2034 2117 2031 2117 1558 2119 1464 2135 1359 2154 1214 2141 1211 2141 1128 2157 1096 2138 1088 2133 1085 2133 1082 2133 1080 2133 1077 2133 1061 2138 1010 2157 943 2138 910 2130 908 2130 905 2130 902 2130 884 2138 846 2157 749 2141 747 2141 744 2141 741 2141 712 2160 577 2143 575 2143 572 2143 526 2160 467 2141 456 2138 454 2138 451 2138 448 2138 435 2141 376 2160 333 2141 317 2135 314 2135 311 2135 271 2141 274 2213"/></Shape>
	    <String CONTENT="de sa promise, il s’est REBBUFÉ. Pourquoi ? Tout simplement, car il"
                    HPOS="271"
                    VPOS="2117"
                    WIDTH="2469"
                    HEIGHT="145"></String>
          </TextLine>

          
          
          <TextLine ID="eSc_line_a42737d1"
                    TAGREFS="LT2522"
                    BASELINE="271 2375 2810 2358" 
                    HPOS="268"
                    VPOS="2289"
                    WIDTH="2542"
                    HEIGHT="129">
            <Shape><Polygon POINTS="271 2375 271 2404 478 2401 486 2404 513 2415 515 2415 518 2415 642 2404 671 2401 704 2401 921 2418 924 2418 927 2418 961 2401 967 2399 988 2401 1080 2412 1082 2412 1085 2412 1109 2401 1120 2396 1233 2396 1241 2399 1262 2415 1265 2415 1268 2415 1270 2418 1356 2418 1356 2415 1359 2415 1413 2399 1416 2396 1727 2393 1743 2396 1811 2412 1813 2412 1889 2396 1899 2393 1902 2396 1923 2409 1926 2409 1929 2409 1931 2412 2224 2412 2224 2409 2227 2409 2270 2393 2275 2391 2278 2393 2305 2409 2308 2409 2310 2409 2313 2412 2386 2412 2386 2409 2493 2391 2517 2388 2528 2391 2560 2404 2563 2404 2566 2404 2807 2388 2810 2358 2802 2307 2574 2307 2560 2305 2488 2289 2485 2289 2482 2289 2439 2305 2386 2289 2383 2289 2380 2289 2286 2291 2283 2291 2259 2305 2249 2310 2232 2305 2195 2291 2192 2291 2189 2291 2050 2305 1956 2313 1803 2305 1633 2294 1631 2294 1585 2305 1534 2315 1491 2302 1477 2299 1475 2299 1472 2299 1448 2302 1383 2315 1365 2302 1359 2299 1356 2299 1354 2299 1351 2299 1289 2302 1082 2318 1037 2302 1029 2299 1026 2299 1023 2299 1021 2299 1015 2302 983 2321 908 2321 849 2302 838 2299 835 2299 704 2299 701 2299 682 2302 575 2321 268 2302 271 2375"/></Shape>
	    <String CONTENT="était BRETON, et que dans sa province natale, ils ne pratiquent pas le même"
                    HPOS="268"
                    VPOS="2289"
                    WIDTH="2542"
                    HEIGHT="129"></String>
          </TextLine>

          
          
          <TextLine ID="eSc_line_2dc26fa4"
                    TAGREFS="LT2522"
                    BASELINE="274 2536 2859 2517" 
                    HPOS="271"
                    VPOS="2442"
                    WIDTH="2588"
                    HEIGHT="147">
            <Shape><Polygon POINTS="274 2536 274 2560 545 2560 548 2560 575 2573 577 2573 580 2573 733 2557 755 2557 763 2557 819 2576 822 2576 824 2576 827 2576 892 2557 894 2557 900 2557 1004 2589 1007 2589 1010 2589 1193 2587 1195 2587 1284 2557 1316 2568 1319 2568 1322 2568 1402 2555 1421 2552 1451 2555 1609 2571 1612 2571 1614 2571 1663 2555 1714 2568 1717 2568 1719 2568 1786 2557 1840 2579 1843 2579 2036 2581 2039 2581 2042 2581 2095 2565 2302 2579 2305 2579 2308 2579 2361 2552 2453 2571 2455 2571 2458 2571 2533 2546 2547 2544 2566 2546 2692 2571 2695 2571 2697 2571 2751 2546 2859 2544 2859 2517 2856 2466 2778 2444 2775 2444 2773 2444 2770 2444 2735 2463 2644 2450 2641 2450 2638 2450 2587 2463 2512 2442 2509 2442 2507 2442 2504 2442 2450 2466 2343 2444 2340 2444 2337 2444 2278 2466 1854 2447 1851 2447 1848 2447 1846 2447 1813 2469 1711 2450 1708 2450 1706 2450 1641 2471 1539 2458 1536 2458 1480 2469 1426 2450 1424 2450 1421 2450 1418 2450 1348 2477 1144 2477 1099 2452 1096 2452 1093 2452 878 2477 819 2455 816 2455 814 2455 811 2455 755 2471 647 2455 644 2455 642 2455 639 2455 599 2479 521 2458 518 2458 515 2458 392 2479 290 2469 287 2469 284 2469 282 2469 271 2474 274 2536"/></Shape>
	    <String CONTENT="cérémonial. Et cela, malgré que on l’ut averti, des farces populaires, de ce rite."
                    HPOS="271"
                    VPOS="2442"
                    WIDTH="2588"
                    HEIGHT="147"></String>
          </TextLine>

          
          
          <TextLine ID="eSc_line_c6fb4b82"
                    TAGREFS="LT2522"
                    BASELINE="569 2692 2754 2681" 
                    HPOS="566"
                    VPOS="2606"
                    WIDTH="2188"
                    HEIGHT="139">
            <Shape><Polygon POINTS="569 2692 569 2716 626 2745 628 2745 631 2745 634 2745 728 2718 824 2718 884 2745 886 2745 889 2745 1013 2724 1056 2735 1058 2735 1061 2735 1064 2735 1066 2735 1090 2718 1338 2743 1340 2743 1343 2743 1399 2716 1477 2729 1480 2729 1483 2729 1520 2716 1574 2737 1577 2737 1579 2737 1582 2737 1657 2713 1735 2740 1738 2740 1741 2743 1781 2743 1781 2740 1784 2740 1786 2740 1824 2713 2198 2740 2200 2740 2203 2740 2281 2710 2423 2710 2531 2737 2533 2737 2536 2737 2636 2708 2754 2705 2754 2681 2748 2619 2670 2606 2668 2606 2665 2606 2636 2619 2606 2632 2356 2632 2337 2616 2326 2608 2324 2608 2321 2608 2318 2608 2316 2608 2292 2616 2265 2627 2246 2616 2222 2606 2219 2606 2216 2606 2149 2616 2063 2632 2042 2616 2031 2608 2028 2608 2026 2608 2023 2608 2020 2608 2001 2616 1988 2624 1974 2616 1964 2608 1961 2608 1958 2608 1956 2608 1953 2608 1929 2616 1883 2632 1754 2616 1743 2616 1741 2616 1733 2616 1657 2632 1606 2616 1590 2611 1588 2611 1585 2611 1582 2611 1569 2616 1526 2635 1507 2619 1504 2619 1502 2619 1475 2616 1362 2611 1359 2611 1356 2611 1346 2616 1305 2635 1249 2616 1233 2611 1230 2611 1227 2611 1225 2611 1214 2616 1171 2638 902 2638 849 2616 843 2614 841 2614 838 2614 811 2616 698 2627 566 2616 569 2692"/></Shape>
	    <String CONTENT="Cependant, comme malgré tout, il comprenait la plaisanterie, quand il"
                    HPOS="566"
                    VPOS="2606"
                    WIDTH="2188"
                    HEIGHT="139"></String>
          </TextLine>

          
          
          <TextLine ID="eSc_line_58252548"
                    TAGREFS="LT2522"
                    BASELINE="276 2853 2730 2839" 
                    HPOS="274"
                    VPOS="2767"
                    WIDTH="2456"
                    HEIGHT="134">
            <Shape><Polygon POINTS="276 2853 276 2877 674 2901 677 2901 800 2877 814 2874 819 2877 865 2896 867 2896 870 2896 1088 2880 1174 2898 1176 2898 1179 2898 1182 2898 1217 2874 1219 2874 1233 2874 1391 2890 1394 2890 1397 2890 1440 2874 1451 2872 1461 2874 1526 2893 1528 2893 1531 2893 1534 2893 1536 2893 1561 2877 1604 2888 1606 2888 1609 2888 1730 2874 1749 2872 1760 2874 1829 2893 1832 2893 1835 2893 1837 2893 1840 2893 1870 2872 1878 2869 1996 2872 2297 2882 2300 2882 2361 2872 2391 2866 2421 2872 2531 2890 2533 2893 2668 2893 2668 2890 2670 2890 2730 2869 2730 2839 2724 2780 2611 2767 2609 2767 2606 2767 2582 2780 2568 2788 2383 2788 2351 2783 2238 2767 2235 2767 2232 2767 2198 2783 2192 2786 2187 2783 2152 2772 2149 2772 2146 2772 2090 2786 2071 2788 2063 2786 2034 2769 2031 2769 2028 2769 1961 2786 1948 2788 1942 2786 1907 2769 1905 2769 1811 2769 1808 2769 1805 2769 1751 2788 1738 2794 1609 2794 1601 2788 1563 2772 1561 2772 1558 2772 1555 2772 1518 2791 1512 2791 1502 2791 1437 2778 1434 2778 1432 2778 1383 2791 1381 2791 1346 2772 1343 2772 1257 2772 1254 2772 1123 2794 1112 2796 929 2796 927 2794 768 2775 765 2775 478 2796 448 2778 446 2778 443 2778 373 2778 370 2778 274 2799 276 2853"/></Shape>
	    <String CONTENT="sentit sa fiancée dans ses bras il se calma rapidement, et la cerémonie finit"
                    HPOS="274"
                    VPOS="2767"
                    WIDTH="2456"
                    HEIGHT="134"></String>
          </TextLine>

          
          
          <TextLine ID="eSc_line_6fa5859b"
                    TAGREFS="LT2522"
                    BASELINE="271 3017 2657 3003" 
                    HPOS="268"
                    VPOS="2925"
                    WIDTH="2389"
                    HEIGHT="137">
            <Shape><Polygon POINTS="271 3017 271 3062 360 3043 523 3052 526 3052 607 3038 634 3054 636 3054 639 3054 642 3054 808 3035 1058 3035 1090 3052 1093 3052 1096 3052 1099 3052 1101 3052 1109 3049 1163 3035 1190 3049 1211 3060 1214 3060 1217 3060 1340 3057 1343 3057 1365 3046 1383 3035 1440 3046 1480 3052 1483 3052 1485 3052 1504 3043 1528 3035 1593 3043 1633 3046 1636 3046 1660 3041 1711 3030 1768 3041 1851 3054 1854 3057 1950 3057 1950 3054 1953 3054 1991 3035 2004 3030 2060 3035 2216 3052 2219 3054 2343 3054 2343 3052 2345 3052 2402 3033 2536 3052 2539 3052 2657 3025 2657 3003 2654 2947 2579 2925 2576 2925 2574 2925 2466 2944 2464 2944 2275 2925 2273 2925 2189 2944 2173 2947 2146 2944 2044 2931 2042 2931 2039 2931 2036 2931 2020 2944 2012 2949 1711 2949 1695 2941 1657 2931 1655 2931 1413 2931 1410 2931 1351 2941 1305 2949 1270 2941 1233 2931 1230 2931 1227 2931 1150 2933 1147 2933 1144 2933 1136 2941 1120 2952 1056 2941 1015 2933 1013 2933 983 2939 932 2952 913 2939 905 2933 902 2933 900 2933 755 2933 752 2933 701 2939 569 2955 510 2939 499 2936 497 2936 494 2936 491 2936 483 2939 437 2955 397 2939 392 2936 389 2936 386 2936 268 2936 271 3017"/></Shape>
	    <String CONTENT="tard dans la soirée, dans la joie et les éclats de rire d’une grande partie"
                    HPOS="268"
                    VPOS="2925"
                    WIDTH="2389"
                    HEIGHT="137"></String>
          </TextLine>

          
          
          <TextLine ID="eSc_line_35c2aedc"
                    TAGREFS="LT2522"
                    BASELINE="276 3175 1367 3170" 
                    HPOS="274"
                    VPOS="3095"
                    WIDTH="1093"
                    HEIGHT="123">
            <Shape><Polygon POINTS="276 3175 276 3210 394 3199 427 3207 459 3218 462 3218 464 3218 467 3218 470 3218 470 3215 480 3207 491 3199 612 3199 663 3205 779 3218 781 3218 784 3218 787 3218 803 3205 900 3215 902 3215 999 3199 1015 3197 1023 3199 1069 3215 1072 3215 1074 3215 1077 3215 1080 3215 1107 3197 1109 3197 1155 3210 1158 3210 1160 3210 1163 3210 1198 3197 1219 3215 1222 3215 1225 3215 1227 3218 1292 3218 1292 3215 1295 3215 1367 3191 1367 3170 1362 3127 1260 3127 1257 3124 1179 3095 1176 3095 1144 3095 1141 3095 1139 3095 1136 3095 1136 3097 1107 3124 1104 3124 1056 3103 1053 3103 1050 3103 988 3116 943 3095 940 3095 937 3095 935 3095 841 3121 816 3127 806 3121 771 3100 768 3100 765 3100 763 3100 760 3100 757 3100 757 3103 736 3119 728 3129 677 3129 666 3119 639 3097 636 3097 634 3097 429 3097 427 3097 424 3097 421 3097 421 3100 403 3116 394 3127 370 3116 322 3097 319 3097 317 3097 314 3097 274 3111 276 3175"/></Shape>
	    <String CONTENT="des habitants de notre quartier.&quot;."
                    HPOS="274"
                    VPOS="3095"
                    WIDTH="1093"
                    HEIGHT="123"></String>
          </TextLine>

          
          
          <TextLine ID="eSc_line_0f8def8f"
                    TAGREFS="LT2522"
                    BASELINE="685 3334 2818 3323" 
                    HPOS="682"
                    VPOS="3250"
                    WIDTH="2136"
                    HEIGHT="135">
            <Shape><Polygon POINTS="685 3334 685 3385 846 3355 1160 3371 1163 3371 1166 3371 1238 3352 1410 3366 1413 3366 1803 3350 1848 3371 1862 3377 1864 3377 1867 3379 1974 3379 1974 3377 1977 3377 2004 3369 2074 3350 2136 3369 2168 3377 2171 3377 2173 3377 2249 3366 2340 3352 2380 3363 2410 3374 2412 3374 2415 3374 2523 3363 2552 3361 2584 3361 2759 3374 2762 3374 2764 3374 2818 3358 2818 3323 2816 3275 2746 3250 2743 3250 2740 3250 2738 3250 2673 3266 2566 3250 2563 3250 2560 3250 2509 3272 2300 3250 2297 3250 2294 3250 2241 3275 2238 3275 2208 3275 1915 3253 1913 3253 1827 3275 1819 3275 1803 3275 1674 3258 1671 3258 1668 3258 1639 3275 1631 3280 1545 3280 1536 3275 1510 3256 1507 3256 1504 3256 1356 3256 1354 3256 1351 3256 1348 3256 1332 3269 1308 3256 1305 3256 1303 3256 1300 3256 1238 3275 1211 3280 1109 3280 1101 3275 1088 3261 1085 3261 1082 3261 1080 3261 1077 3261 1053 3275 1039 3280 1021 3275 988 3261 986 3261 983 3261 980 3261 948 3275 927 3280 905 3275 865 3261 862 3261 859 3261 682 3272 685 3334"/></Shape>
	    <String CONTENT="J’ai moi-même ressenti la même impression, quant la première fois,"
                    HPOS="682"
                    VPOS="3250"
                    WIDTH="2136"
                    HEIGHT="135"></String>
          </TextLine>

          
          
          <TextLine ID="eSc_line_0f6dad45"
                    TAGREFS="LT2522"
                    BASELINE="271 3495 2856 3465" 
                    HPOS="268"
                    VPOS="3390"
                    WIDTH="2588"
                    HEIGHT="159">
            <Shape><Polygon POINTS="268 3465 271 3495 271 3524 550 3549 553 3549 730 3522 744 3522 787 3522 889 3524 918 3543 921 3543 924 3543 927 3543 1058 3527 1203 3543 1206 3543 1209 3543 1300 3519 1311 3516 1322 3519 1416 3541 1418 3541 1421 3541 1477 3516 1488 3514 1518 3516 1606 3527 1609 3527 1692 3516 1727 3511 1735 3516 1765 3535 1768 3535 1770 3535 1773 3538 1913 3538 1913 3535 1915 3535 1964 3514 1977 3508 2026 3514 2176 3530 2179 3530 2418 3524 2421 3524 2455 3511 2474 3503 2850 3506 2856 3465 2848 3390 2509 3393 2485 3395 2380 3422 2310 3422 2278 3401 2275 3401 2273 3401 2270 3401 2155 3404 2152 3404 2149 3404 2122 3422 1956 3409 1886 3404 1883 3404 1789 3412 1631 3430 1566 3430 1545 3417 1528 3406 1526 3406 1523 3406 1520 3406 1518 3406 1480 3420 1453 3428 1375 3422 1209 3406 1206 3406 1203 3406 1201 3406 1171 3425 1158 3433 1074 3428 830 3412 827 3412 824 3412 736 3436 720 3441 650 3441 644 3438 601 3414 599 3414 596 3414 593 3414 553 3436 309 3430 306 3430 303 3430 284 3436 268 3465"/></Shape>
	    <String CONTENT="mes supporters sovietiques, me firent sauter au plafond, à la force de leurs bras."
                    HPOS="268"
                    VPOS="3390"
                    WIDTH="2588"
                    HEIGHT="159"></String>
          </TextLine>

          
          
          <TextLine ID="eSc_line_3db2020d"
                    TAGREFS="LT2522"
                    BASELINE="523 3645 2818 3635" 
                    HPOS="521"
                    VPOS="3570"
                    WIDTH="2297"
                    HEIGHT="129">
            <Shape><Polygon POINTS="523 3645 523 3699 1099 3672 1182 3672 1217 3694 1219 3694 1222 3694 1225 3694 1332 3688 1335 3688 1338 3688 1359 3672 1389 3694 1391 3694 1394 3694 1397 3694 1410 3694 1800 3669 2007 3683 2009 3683 2112 3669 2152 3688 2157 3691 2160 3691 2163 3691 2195 3688 2391 3667 2426 3688 2429 3688 2431 3688 2434 3688 2437 3688 2442 3686 2485 3667 2579 3686 2598 3688 2601 3688 2603 3688 2611 3686 2657 3669 2716 3686 2730 3688 2732 3688 2735 3688 2818 3683 2818 3635 2813 3589 2657 3589 2654 3586 2633 3570 2630 3570 2627 3570 2625 3570 2474 3586 2466 3586 2434 3570 2431 3570 2429 3570 2426 3570 2378 3586 2372 3586 2364 3586 2251 3570 2249 3570 2246 3570 2203 3586 2192 3589 2176 3586 2128 3573 2125 3573 2122 3573 2120 3573 2093 3586 2085 3589 2052 3586 1964 3573 1961 3573 1958 3573 1956 3573 1942 3584 1937 3589 1778 3589 1754 3584 1711 3573 1708 3573 1706 3573 1649 3584 1606 3592 1475 3584 1362 3575 1359 3575 1303 3584 1230 3592 1168 3581 1128 3575 1125 3575 1123 3575 1120 3575 1112 3581 1090 3594 1039 3581 1026 3578 1023 3578 897 3578 894 3578 892 3578 889 3578 886 3581 865 3594 521 3581 523 3645"/></Shape>
	    <String CONTENT="C’est une drôle de sensation ; peut être un lecteur assidu de tout mon"
                    HPOS="521"
                    VPOS="3570"
                    WIDTH="2297"
                    HEIGHT="129"></String>
          </TextLine>

          
          
          <TextLine ID="eSc_line_f00e9f1a"
                    TAGREFS="LT2522"
                    BASELINE="279 3804 1432 3812" 
                    HPOS="276"
                    VPOS="3710"
                    WIDTH="1156"
                    HEIGHT="145">
            <Shape><Polygon POINTS="279 3804 276 3828 432 3849 435 3849 569 3833 663 3852 666 3855 771 3855 771 3852 773 3852 776 3852 795 3839 811 3852 814 3852 816 3852 819 3852 822 3852 889 3836 932 3849 935 3849 937 3849 1010 3833 1013 3833 1125 3855 1128 3855 1429 3833 1432 3812 1432 3710 1182 3710 1179 3710 1176 3710 1174 3710 1160 3721 1131 3745 1099 3734 1096 3734 1093 3734 1090 3734 1088 3734 1056 3758 972 3758 937 3731 935 3729 932 3729 929 3729 927 3729 924 3729 916 3731 875 3755 854 3739 851 3739 849 3739 846 3739 843 3739 841 3739 803 3766 760 3739 752 3734 749 3734 747 3734 744 3734 741 3734 738 3734 730 3742 704 3758 647 3745 642 3745 639 3745 636 3745 634 3745 607 3766 523 3766 494 3753 480 3747 478 3747 475 3747 472 3747 456 3753 432 3764 424 3755 403 3737 403 3734 400 3734 397 3734 394 3734 392 3734 389 3734 360 3758 352 3764 279 3764 279 3804"/></Shape>
	    <String CONTENT="récit, se rappelle-t-il cet épisode ?"
                    HPOS="276"
                    VPOS="3710"
                    WIDTH="1156"
                    HEIGHT="145"></String>
          </TextLine>

          
          
          <TextLine ID="eSc_line_49e12b28"
                    TAGREFS="LT2522"
                    BASELINE="970 3962 1456 3962" 
                    HPOS="970"
                    VPOS="3887"
                    WIDTH="486"
                    HEIGHT="126">
            <Shape><Polygon POINTS="970 3962 970 4013 1064 4000 1160 4008 1209 4013 1211 4013 1214 4013 1217 4013 1217 4011 1222 4008 1236 3995 1292 4005 1324 4011 1327 4011 1330 4011 1332 4011 1340 4005 1354 3995 1453 4000 1456 3962 1456 3911 1373 3890 1370 3890 1295 3892 1292 3892 1289 3892 1289 3895 1276 3906 1273 3911 1217 3911 1211 3906 1190 3887 1187 3887 1184 3887 1182 3887 970 3901 970 3962"/></Shape>
	    <String CONTENT="Additif 1982."
                    HPOS="970"
                    VPOS="3887"
                    WIDTH="486"
                    HEIGHT="126"></String>
          </TextLine>

          
          
          <TextLine ID="eSc_line_7314f1a4"
                    TAGREFS="LT2522"
                    BASELINE="569 4126 2781 4110" 
                    HPOS="566"
                    VPOS="4043"
                    WIDTH="2215"
                    HEIGHT="137">
            <Shape><Polygon POINTS="2254 4046 2251 4046 2249 4046 2246 4046 2211 4070 2036 4072 1958 4072 1902 4048 1899 4048 1897 4048 1894 4048 1859 4062 1805 4048 1803 4048 1800 4048 1797 4048 1794 4048 1792 4048 1733 4070 1682 4048 1676 4048 1674 4048 1671 4048 1668 4048 1663 4051 1625 4062 1598 4051 1596 4051 1593 4051 1590 4051 1588 4051 1558 4072 1496 4051 1494 4051 1491 4051 1488 4051 1485 4051 1483 4051 1408 4072 1241 4054 1238 4054 1236 4054 1233 4054 1230 4054 1201 4075 1045 4059 1042 4059 988 4070 961 4054 959 4054 956 4054 953 4054 951 4054 948 4054 902 4081 663 4081 626 4056 623 4056 620 4056 618 4056 566 4056 569 4126 569 4169 1039 4180 1042 4180 1045 4180 1077 4164 1099 4153 1163 4164 1268 4180 1270 4180 1273 4180 1313 4161 1338 4150 1370 4161 1424 4177 1426 4177 1429 4177 1432 4177 1467 4158 1485 4150 1585 4158 1663 4164 1665 4164 1668 4164 1684 4156 1703 4148 1727 4156 1741 4161 1743 4161 1746 4161 1749 4161 1760 4156 1778 4148 1846 4156 1905 4161 1907 4161 1942 4153 1972 4148 2001 4153 2101 4172 2103 4175 2262 4175 2262 4172 2265 4172 2335 4148 2348 4145 2359 4148 2378 4156 2380 4156 2383 4156 2509 4148 2579 4142 2595 4145 2636 4158 2638 4158 2641 4158 2778 4142 2781 4110 2773 4043 2584 4059 2445 4043 2423 4043 2421 4043 2418 4043 2415 4043 2383 4070 2300 4070 2257 4046 2254 4046"/></Shape>
	    <String CONTENT="Ce mariage &quot;gascon&quot;, fut également le DERNIER, &gt;&lt; j’eus l’occasion d’"
                    HPOS="566"
                    VPOS="4043"
                    WIDTH="2215"
                    HEIGHT="137"></String>
          </TextLine>

          
          
          <TextLine ID="eSc_line_52320bcc"
                    TAGREFS="LT2523"
                    BASELINE="2055 4043 2265 4043" 
                    HPOS="2055"
                    VPOS="3992"
                    WIDTH="210"
                    HEIGHT="91">
            <Shape><Polygon POINTS="2055 4067 2112 4083 2114 4083 2117 4083 2265 4067 2265 4043 2262 3992 2055 4000 2055 4043"/></Shape>
	    <String CONTENT="auquel"
                    HPOS="2055"
                    VPOS="3992"
                    WIDTH="210"
                    HEIGHT="91"></String>
          </TextLine>

          
          
          <TextLine ID="eSc_line_edf7501d"
                    TAGREFS="LT2522"
                    BASELINE="284 4287 2794 4274" 
                    HPOS="282"
                    VPOS="4210"
                    WIDTH="2512"
                    HEIGHT="120">
            <Shape><Polygon POINTS="282 4228 284 4287 284 4314 408 4330 411 4330 413 4330 448 4314 451 4314 733 4314 738 4314 838 4330 841 4330 843 4330 875 4314 878 4312 889 4314 956 4325 959 4325 961 4325 1002 4312 1007 4309 1311 4309 1330 4312 1408 4325 1410 4325 1526 4312 1545 4309 1566 4309 1741 4328 1743 4328 1746 4328 1749 4328 1776 4312 1972 4325 1974 4325 2052 4309 2066 4306 2093 4309 2214 4320 2216 4320 2273 4306 2289 4304 2297 4306 2324 4322 2326 4322 2329 4322 2482 4306 2515 4304 2528 4306 2571 4317 2574 4317 2576 4317 2794 4304 2794 4274 2789 4223 2313 4210 2310 4210 2308 4210 2281 4223 2265 4228 2216 4223 2149 4212 2146 4212 2144 4212 2141 4212 2128 4223 2112 4231 1778 4223 1609 4218 1606 4218 1604 4218 1588 4223 1547 4234 1523 4223 1510 4215 1507 4215 1504 4215 1502 4215 1488 4223 1461 4236 1214 4236 1179 4223 1168 4218 1166 4218 1163 4218 1141 4223 1072 4236 980 4223 948 4218 945 4218 916 4223 832 4236 800 4223 789 4218 787 4218 784 4218 763 4223 687 4242 462 4242 432 4223 432 4220 429 4220 427 4220 424 4220 300 4220 282 4228"/></Shape>
	    <String CONTENT="assister vers 1918, entre une marraine de guerre gasconne et son fiancé Breton."
                    HPOS="282"
                    VPOS="4210"
                    WIDTH="2512"
                    HEIGHT="120"></String>
          </TextLine>

          
          
          <TextLine ID="eSc_line_fd69085a"
                    TAGREFS="LT2522"
                    BASELINE="564 4443 2727 4433" 
                    HPOS="561"
                    VPOS="4363"
                    WIDTH="2166"
                    HEIGHT="126">
            <Shape><Polygon POINTS="564 4443 564 4473 908 4489 910 4489 913 4489 951 4473 988 4486 991 4486 994 4486 1150 4470 1184 4467 1193 4470 1214 4486 1217 4486 1219 4486 1222 4486 1370 4470 1408 4486 1410 4486 1413 4489 1590 4489 1590 4486 1593 4486 1639 4467 1647 4465 1682 4467 1851 4484 1854 4484 1856 4484 1859 4484 1886 4467 1966 4481 1969 4481 1972 4481 2001 4467 2211 4475 2214 4475 2216 4475 2219 4475 2238 4465 2238 4462 2241 4465 2262 4481 2265 4481 2267 4481 2270 4481 2353 4467 2498 4481 2501 4481 2724 4459 2727 4433 2716 4363 2654 4387 2421 4390 2308 4373 2305 4373 2176 4392 2120 4371 2117 4371 2114 4371 2004 4392 1983 4379 1980 4379 1977 4379 1974 4379 1972 4379 1913 4392 1813 4379 1811 4379 1641 4392 1614 4376 1612 4376 1609 4376 1606 4376 1604 4376 1601 4376 1574 4392 1480 4381 1477 4381 1386 4395 1324 4365 1322 4365 1319 4365 1284 4365 1230 4368 1227 4368 1182 4390 1128 4373 1125 4373 1123 4373 1120 4373 1080 4390 1042 4371 1039 4371 1037 4371 913 4400 849 4400 784 4365 781 4365 779 4365 776 4365 561 4365 564 4443"/></Shape>
	    <String CONTENT="Pour la curiosité du lecteur, j’ajouterai, que ces deux époux vécurent"
                    HPOS="561"
                    VPOS="4363"
                    WIDTH="2166"
                    HEIGHT="126"></String>
          </TextLine>

          
          
          <TextLine ID="eSc_line_170355fc"
                    TAGREFS="LT2522"
                    BASELINE="295 4604 2805 4596" 
                    HPOS="292"
                    VPOS="4529"
                    WIDTH="2513"
                    HEIGHT="110">
            <Shape><Polygon POINTS="292 4545 295 4604 295 4639 2802 4639 2805 4596 2799 4543 2528 4529 2525 4529 2474 4540 2429 4551 2391 4540 2351 4529 2348 4529 2345 4529 2343 4529 2308 4540 2275 4553 2069 4553 2034 4540 2001 4529 1999 4529 1996 4529 1993 4529 1969 4540 1940 4553 1867 4540 1827 4532 1824 4532 1781 4540 1703 4556 1461 4556 1434 4537 1432 4537 1429 4537 1426 4537 1416 4537 1340 4553 1273 4537 1244 4532 1241 4532 1238 4532 1222 4537 1184 4556 886 4556 843 4537 838 4535 835 4535 655 4535 652 4535 650 4535 644 4537 618 4551 564 4537 553 4535 550 4535 548 4535 532 4537 437 4556 394 4537 389 4535 386 4535 384 4535 295 4535 292 4545"/></Shape>
	    <String CONTENT="heureux à Lavardac ou sa région et moururent très unis vers 1960, après plus"
                    HPOS="292"
                    VPOS="4529"
                    WIDTH="2513"
                    HEIGHT="110"></String>
          </TextLine>

          
          
          <TextLine ID="eSc_line_8e9c4c17"
                    TAGREFS="LT2522"
                    BASELINE="472 4688 2760 4674" 
                    HPOS="467"
                    VPOS="4618"
                    WIDTH="2289"
                    HEIGHT="209">
            <Shape><Polygon POINTS="471 4686 471 4811 2748 4827 2756 4670 2744 4618 467 4630 471 4686"/></Shape>
	    <String CONTENT="de 40 ans de vie commune. (Lui etait un mutile de la guerre 14-18)."
                    HPOS="467"
                    VPOS="4618"
                    WIDTH="2289"
                    HEIGHT="209"></String>
          </TextLine>

          
        </TextBlock>
        
        <TextBlock HPOS="2589"
                   VPOS="241"
                   WIDTH="231"
                   HEIGHT="149"
                   ID="eSc_textblock_0bafefc1"
                   TAGREFS="BT7519">
          <Shape><Polygon POINTS="2820 390 2820 241 2589 241 2589 390"/></Shape>
          
          
          <TextLine ID="eSc_line_2299aec6"
                    TAGREFS="LT2522"
                    BASELINE="2639 353 2799 351" 
                    HPOS="2636"
                    VPOS="249"
                    WIDTH="161"
                    HEIGHT="186">
            <Shape><Polygon POINTS="2636 350 2636 435 2797 427 2797 350 2797 253 2636 249 2636 350"/></Shape>
	    <String CONTENT="27"
                    HPOS="2636"
                    VPOS="249"
                    WIDTH="161"
                    HEIGHT="186"></String>
          </TextLine>

          
        </TextBlock>
        

        
      </PrintSpace>
    </Page>
  </Layout>
</alto>
