<?xml version="1.0" encoding="UTF-8"?>
<alto xmlns:xsi="http://www.w3.org/2001/XMLSchema-instance"
      xmlns="http://www.loc.gov/standards/alto/ns-v4#"
      xsi:schemaLocation="http://www.loc.gov/standards/alto/ns-v4# http://www.loc.gov/standards/alto/v4/alto-4-2.xsd">
  <Description>
    <MeasurementUnit>pixel</MeasurementUnit>
    <sourceImageInformation>
      <fileName>D.6.eurasie-11-12_0005.jpg</fileName>
      
    </sourceImageInformation>
  </Description>
  
  <Tags>
    <OtherTag ID="BT7519" LABEL="NumberingZone" DESCRIPTION="block type NumberingZone"/><OtherTag ID="BT7517" LABEL="MainZone" DESCRIPTION="block type MainZone"/>
    <OtherTag ID="LT2523" LABEL="InterlinearLine" DESCRIPTION="line type InterlinearLine"/><OtherTag ID="LT2522" LABEL="DefaultLine" DESCRIPTION="line type DefaultLine"/>
  </Tags>
  
  <Layout>
    <Page WIDTH="3038"
          HEIGHT="4809"
          PHYSICAL_IMG_NR="22"
          ID="eSc_dummypage_">
      <PrintSpace HPOS="0"
                  VPOS="0"
                  WIDTH="3038"
                  HEIGHT="4809">
        
        <TextBlock HPOS="110"
                   VPOS="50"
                   WIDTH="2868"
                   HEIGHT="4735"
                   ID="eSc_textblock_5bf91f1f"
                   TAGREFS="BT7517">
          <Shape><Polygon POINTS="110 50 110 4785 2970 4785 2978 472 2698 444 2679 59"/></Shape>
          
          
          <TextLine ID="eSc_line_0d93cabe"
                    TAGREFS="LT2522"
                    BASELINE="721 192 1995 187" 
                    HPOS="718"
                    VPOS="90"
                    WIDTH="1277"
                    HEIGHT="158">
            <Shape><Polygon POINTS="718 96 721 192 721 229 1055 229 1058 232 1071 243 1071 245 1074 245 1076 245 1079 248 1175 248 1175 245 1178 245 1180 245 1194 232 1199 229 1207 232 1258 245 1261 245 1263 245 1440 232 1488 229 1501 232 1533 243 1536 243 1539 243 1541 243 1565 232 1573 229 1587 232 1627 243 1629 243 1632 243 1993 232 1995 187 1990 109 1579 109 1568 104 1533 90 1531 90 1528 90 1413 101 1335 109 1309 101 1287 93 1285 93 1282 93 1279 93 1258 101 1239 106 1207 98 1175 93 1172 93 1170 93 1156 98 1135 109 721 96 718 96"/></Shape>
	    <String CONTENT="IMPORTANTE DIGRESSION"
                    HPOS="718"
                    VPOS="90"
                    WIDTH="1277"
                    HEIGHT="158"></String>
          </TextLine>

          
          
          <TextLine ID="eSc_line_1f9b0f2e"
                    TAGREFS="LT2522"
                    BASELINE="566 366 1795 360 2300 371" 
                    HPOS="563"
                    VPOS="280"
                    WIDTH="1737"
                    HEIGHT="120">
            <Shape><Polygon POINTS="566 366 566 395 2295 400 2300 371 2295 296 1397 296 1373 280 1370 280 1368 280 1202 280 1199 280 1197 280 1194 280 1156 304 1151 307 924 307 919 307 887 283 884 283 881 283 879 283 876 283 801 304 705 285 702 285 563 307 566 366"/></Shape>
	    <String CONTENT="EXPEDITION. CITROEN CENTRE ASIE"
                    HPOS="563"
                    VPOS="280"
                    WIDTH="1737"
                    HEIGHT="120"></String>
          </TextLine>

          
          
          <TextLine ID="eSc_line_e57081be"
                    TAGREFS="LT2522"
                    BASELINE="523 512 2883 528" 
                    HPOS="521"
                    VPOS="432"
                    WIDTH="2362"
                    HEIGHT="134">
            <Shape><Polygon POINTS="523 467 523 512 521 542 2877 566 2883 528 2877 440 2728 440 2725 440 2722 440 2720 440 2658 483 2591 456 2589 456 2586 456 2327 478 2161 451 2158 451 2057 470 2001 448 1998 448 1995 448 1993 448 1910 478 1830 451 1827 451 1824 451 1822 451 1742 478 1648 478 1611 451 1584 432 1581 432 1579 432 1330 432 1327 432 1325 432 1285 454 1250 475 1135 475 1100 456 1090 451 1087 451 1084 451 1082 451 1079 451 1074 456 1047 472 977 472 849 459 804 454 801 454 769 459 702 470 638 459 561 448 558 448 555 448 523 459 523 467"/></Shape>
	    <String CONTENT="AUTREMENT DIT en abréviation &quot;LA CROISIERE JAUNE&quot; = C.J."
                    HPOS="521"
                    VPOS="432"
                    WIDTH="2362"
                    HEIGHT="134"></String>
          </TextLine>

          
          
          <TextLine ID="eSc_line_b318ad9d"
                    TAGREFS="LT2522"
                    BASELINE="1172 678 1859 683" 
                    HPOS="1170"
                    VPOS="611"
                    WIDTH="689"
                    HEIGHT="102">
            <Shape><Polygon POINTS="1172 678 1170 713 1857 710 1859 683 1851 617 1816 627 1710 619 1651 614 1648 614 1645 614 1643 614 1635 619 1621 627 1581 619 1541 614 1539 614 1536 614 1533 614 1525 622 1514 630 1402 625 1199 611 1197 611 1194 611 1191 611 1172 622 1172 678"/></Shape>
	    <String CONTENT="AVANT PROPOS,"
                    HPOS="1170"
                    VPOS="611"
                    WIDTH="689"
                    HEIGHT="102"></String>
          </TextLine>

          
          
          <TextLine ID="eSc_line_2d72089b"
                    TAGREFS="LT2522"
                    BASELINE="884 833 2896 852" 
                    HPOS="881"
                    VPOS="745"
                    WIDTH="2015"
                    HEIGHT="160">
            <Shape><Polygon POINTS="2888 777 2861 777 2834 774 2808 774 2781 774 2754 774 2728 772 2701 772 2666 798 2573 766 2567 766 2541 766 2514 766 2487 764 2460 764 2434 764 2407 761 2380 761 2353 761 2327 758 2300 758 2273 758 2247 756 2220 756 2215 756 2212 756 2209 756 2174 769 2116 793 1969 793 1939 772 1913 753 1910 753 1907 753 1771 753 1768 753 1766 753 1704 774 1659 788 1330 788 1314 777 1303 769 1301 769 1298 769 1295 769 1293 769 1277 777 1261 785 1245 777 1172 745 1170 745 1167 745 1164 745 1162 745 1111 780 1106 782 1068 780 964 769 961 769 884 780 884 833 881 889 972 892 975 892 977 892 983 889 1047 865 1186 865 1271 889 1274 889 1277 889 1279 889 1333 868 1448 881 1450 881 1453 881 1498 870 1520 889 1531 897 1533 897 1536 897 1539 900 1611 900 1611 897 1613 897 1616 897 1627 889 1651 870 1889 870 1910 886 1913 886 1915 886 1918 886 1998 873 2019 886 2041 903 2044 903 2046 903 2049 905 2273 905 2273 903 2276 903 2279 903 2300 886 2324 870 2439 876 2452 886 2468 900 2471 900 2474 900 2476 900 2479 900 2482 900 2503 886 2522 876 2551 886 2562 889 2565 889 2567 889 2570 889 2581 886 2607 876 2623 886 2645 900 2647 900 2650 900 2653 900 2728 886 2781 876 2891 884 2896 852 2896 777 2888 777"/></Shape>
	    <String CONTENT="J’ai devant mes yeux deux magnifiques Albums édités"
                    HPOS="881"
                    VPOS="745"
                    WIDTH="2015"
                    HEIGHT="160"></String>
          </TextLine>

          
          
          <TextLine ID="eSc_line_60f3fe06"
                    TAGREFS="LT2522"
                    BASELINE="430 1004 1886 999 2885 1020" 
                    HPOS="430"
                    VPOS="919"
                    WIDTH="2455"
                    HEIGHT="141">
            <Shape><Polygon POINTS="430 969 430 1004 430 1036 721 1025 812 1039 903 1052 905 1052 908 1052 932 1039 956 1025 1028 1025 1087 1039 1146 1055 1148 1055 1151 1057 1269 1057 1269 1055 1338 1041 1394 1028 1450 1041 1512 1055 1514 1055 1517 1055 1544 1041 1565 1031 1584 1041 1597 1047 1600 1047 1603 1047 1605 1047 1619 1041 1651 1028 1736 1041 1803 1052 1806 1052 1808 1052 1832 1041 1857 1033 1921 1041 1958 1047 1961 1047 1963 1047 1966 1047 1971 1041 1993 1031 2124 1031 2145 1044 2166 1057 2169 1057 2172 1057 2271 1060 2273 1060 2348 1047 2375 1057 2378 1057 2380 1057 2383 1057 2412 1044 2426 1039 2880 1044 2885 1020 2883 961 2744 945 2741 945 2407 959 2375 959 2370 959 2252 927 2249 927 2049 927 2046 927 2044 927 1955 953 1875 940 1873 940 1776 956 1774 956 1710 924 1707 924 1704 924 1624 937 1523 929 1520 929 1416 953 1368 921 1365 921 1362 921 1044 919 1042 919 929 945 871 932 868 932 865 932 774 951 734 929 732 929 622 921 619 921 617 921 614 921 566 951 451 951 430 969"/></Shape>
	    <String CONTENT="en 1932. par la plus importante revue de l’époque : &quot;L’ILLUSTRA-"
                    HPOS="430"
                    VPOS="919"
                    WIDTH="2455"
                    HEIGHT="141"></String>
          </TextLine>

          
          
          <TextLine ID="eSc_line_c2f24a2e"
                    TAGREFS="LT2522"
                    BASELINE="411 1156 2760 1172" 
                    HPOS="408"
                    VPOS="1044"
                    WIDTH="2352"
                    HEIGHT="171">
            <Shape><Polygon POINTS="411 1156 408 1183 526 1199 529 1199 614 1186 635 1183 646 1186 684 1199 686 1199 689 1199 857 1188 903 1186 927 1188 1023 1204 1026 1204 1135 1191 1154 1188 1159 1191 1194 1207 1197 1207 1199 1207 1271 1191 1285 1188 1295 1191 1333 1204 1335 1204 1338 1204 1341 1204 1373 1191 1386 1188 1413 1191 1474 1202 1477 1202 1747 1194 1921 1191 1953 1196 2028 1212 2030 1212 2153 1199 2196 1194 2217 1199 2260 1210 2263 1210 2265 1210 2367 1199 2410 1196 2431 1202 2492 1215 2495 1215 2757 1202 2760 1172 2760 1071 2698 1055 2695 1055 2693 1055 2690 1055 2658 1071 2650 1074 2562 1071 2319 1060 2316 1060 2153 1071 2121 1074 2116 1071 2086 1052 2084 1052 2081 1052 2078 1052 1993 1065 1889 1049 1886 1049 1883 1049 1881 1049 1851 1068 1675 1052 1672 1052 1384 1068 1079 1044 1076 1044 1074 1044 1020 1063 876 1052 873 1052 871 1052 796 1076 785 1079 411 1079 411 1156"/></Shape>
	    <String CONTENT="-TION&quot;, Ces deux albums retracent les exploits de l’ Equipe"
                    HPOS="408"
                    VPOS="1044"
                    WIDTH="2352"
                    HEIGHT="171"></String>
          </TextLine>

          
          
          <TextLine ID="eSc_line_9c18b6b1"
                    TAGREFS="LT2522"
                    BASELINE="403 1317 2786 1330" 
                    HPOS="400"
                    VPOS="1210"
                    WIDTH="2386"
                    HEIGHT="144">
            <Shape><Polygon POINTS="400 1351 2781 1354 2786 1330 2781 1228 2687 1234 2655 1226 2623 1218 2621 1218 2618 1218 2615 1218 2583 1226 2546 1234 2484 1226 2431 1218 2428 1218 2364 1223 2295 1231 2257 1223 2231 1218 2228 1218 2182 1223 2108 1231 2092 1223 2081 1215 2078 1215 2076 1215 2073 1215 1883 1220 1683 1226 1568 1218 1488 1212 1485 1212 1429 1218 1357 1223 1330 1215 1309 1210 1306 1210 1303 1210 1301 1210 1298 1210 1290 1215 1253 1242 892 1242 852 1215 849 1215 847 1215 844 1215 456 1223 406 1210 403 1317 400 1351"/></Shape>
	    <String CONTENT="Citroën Centre Asie. Le récit est lui illustré de nombreuses"
                    HPOS="400"
                    VPOS="1210"
                    WIDTH="2386"
                    HEIGHT="144"></String>
          </TextLine>

          
          
          <TextLine ID="eSc_line_74aa3904"
                    TAGREFS="LT2522"
                    BASELINE="398 1482 716 1474 2776 1490" 
                    HPOS="398"
                    VPOS="1365"
                    WIDTH="2378"
                    HEIGHT="181">
            <Shape><Polygon POINTS="398 1482 398 1506 534 1504 547 1509 566 1517 569 1517 571 1517 619 1509 651 1504 684 1509 780 1530 782 1530 785 1530 849 1512 865 1504 1138 1504 1159 1512 1180 1522 1183 1522 1186 1522 1242 1517 1266 1536 1269 1536 1271 1536 1274 1538 1373 1538 1373 1536 1376 1536 1453 1514 1485 1506 1506 1514 1557 1536 1560 1536 1632 1538 1635 1538 1803 1517 1873 1509 1982 1517 2070 1525 2073 1525 2193 1520 2359 1512 2452 1522 2468 1522 2495 1544 2498 1544 2500 1544 2503 1546 2679 1546 2679 1544 2773 1522 2776 1490 2770 1378 2060 1391 1939 1378 1931 1378 1929 1378 1926 1378 1814 1410 1140 1407 1100 1378 1090 1370 1087 1370 1084 1370 1082 1370 1042 1378 1007 1386 972 1378 921 1367 919 1367 809 1378 788 1381 782 1378 764 1365 761 1365 758 1365 756 1365 684 1378 641 1365 638 1365 635 1365 633 1365 630 1365 609 1378 603 1383 595 1378 574 1365 571 1365 569 1365 566 1365 563 1365 534 1378 529 1381 398 1381 398 1482"/></Shape>
	    <String CONTENT="et belles photographies, prises au jour le jour, tout au long de"
                    HPOS="398"
                    VPOS="1365"
                    WIDTH="2378"
                    HEIGHT="181"></String>
          </TextLine>

          
          
          <TextLine ID="eSc_line_9db96dbd"
                    TAGREFS="LT2522"
                    BASELINE="390 1645 1386 1635 2928 1656" 
                    HPOS="387"
                    VPOS="1533"
                    WIDTH="2541"
                    HEIGHT="171">
            <Shape><Polygon POINTS="1058 1560 1044 1560 1042 1562 1036 1568 945 1573 903 1565 857 1554 855 1554 852 1554 828 1565 814 1570 390 1568 390 1645 387 1675 534 1680 537 1680 539 1680 547 1677 585 1667 635 1680 689 1691 692 1693 801 1693 801 1691 804 1691 830 1680 868 1667 937 1680 940 1680 1044 1669 1066 1683 1079 1693 1082 1693 1084 1693 1087 1696 1207 1696 1207 1693 1210 1693 1226 1685 1263 1669 1667 1669 1736 1672 1774 1691 1787 1699 1790 1699 1792 1701 1947 1701 1947 1699 1971 1693 2060 1675 2180 1696 2212 1701 2215 1701 2241 1699 2321 1683 2439 1699 2458 1701 2460 1701 2492 1701 2768 1680 2923 1704 2928 1656 2928 1557 2829 1554 2826 1554 2824 1554 2821 1554 2818 1557 2773 1586 2524 1586 2476 1570 2474 1570 2471 1570 2364 1581 2292 1557 2239 1541 2236 1541 1966 1538 1963 1538 1961 1538 1907 1554 1854 1538 1851 1538 1848 1538 1728 1549 1672 1536 1669 1536 1667 1536 1664 1536 1632 1549 1605 1536 1603 1536 1432 1536 1429 1536 1352 1549 1309 1533 1306 1533 1098 1533 1095 1533 1092 1533 1090 1533 1060 1549 1058 1560"/></Shape>
	    <String CONTENT="l’itinéraire, et ⋎ soulignent ainsi les difficultés techniques surmontées"
                    HPOS="387"
                    VPOS="1533"
                    WIDTH="2541"
                    HEIGHT="171"></String>
          </TextLine>

          
          
          <TextLine ID="eSc_line_1a05e130"
                    TAGREFS="LT2523"
                    BASELINE="919 1560 1066 1557" 
                    HPOS="916"
                    VPOS="1490"
                    WIDTH="150"
                    HEIGHT="96">
            <Shape><Polygon POINTS="919 1586 1066 1581 1066 1557 1060 1498 916 1490 919 1560"/></Shape>
	    <String CONTENT="elles"
                    HPOS="916"
                    VPOS="1490"
                    WIDTH="150"
                    HEIGHT="96"></String>
          </TextLine>

          
          
          <TextLine ID="eSc_line_9193f577"
                    TAGREFS="LT2522"
                    BASELINE="822 1798 2693 1814" 
                    HPOS="820"
                    VPOS="1691"
                    WIDTH="1873"
                    HEIGHT="181">
            <Shape><Polygon POINTS="822 1798 820 1819 935 1856 937 1856 940 1856 1124 1854 1127 1854 1205 1830 1210 1827 1213 1830 1234 1843 1237 1843 1239 1843 1242 1843 1245 1843 1279 1830 1287 1827 1295 1830 1314 1840 1317 1840 1319 1840 1322 1840 1341 1832 1360 1824 1384 1832 1413 1843 1416 1843 1418 1843 1539 1835 1699 1827 1774 1843 1822 1851 1824 1851 1827 1851 1846 1843 1865 1835 1971 1846 1977 1846 1979 1846 1982 1846 1985 1846 2001 1832 2105 1832 2137 1851 2142 1854 2145 1854 2148 1854 2150 1854 2153 1854 2161 1851 2201 1835 2220 1851 2225 1856 2228 1856 2231 1856 2233 1856 2236 1856 2249 1854 2297 1835 2345 1854 2383 1870 2386 1870 2388 1872 2487 1872 2487 1870 2490 1870 2514 1859 2549 1843 2583 1856 2586 1856 2589 1856 2591 1856 2594 1856 2610 1840 2685 1862 2693 1814 2690 1752 2559 1752 2554 1747 2535 1733 2533 1733 2530 1733 2527 1733 2466 1744 2439 1749 2426 1744 2340 1699 2337 1699 2335 1699 2102 1712 2054 1696 2052 1696 2049 1696 1857 1709 1389 1691 1386 1691 1384 1691 1381 1691 1354 1715 1322 1739 956 1739 900 1701 884 1691 881 1691 879 1691 876 1691 822 1699 822 1798"/></Shape>
	    <String CONTENT="Si j’ai cru bon, d’intercaller cette digression,"
                    HPOS="820"
                    VPOS="1691"
                    WIDTH="1873"
                    HEIGHT="181"></String>
          </TextLine>

          
          
          <TextLine ID="eSc_line_f0c946b4"
                    TAGREFS="LT2522"
                    BASELINE="374 1966 1210 1958 2864 1971" 
                    HPOS="374"
                    VPOS="1872"
                    WIDTH="2490"
                    HEIGHT="147">
            <Shape><Polygon POINTS="374 1899 374 1966 374 2011 480 2011 480 2009 483 2009 486 2009 510 1993 657 2003 659 2003 662 2003 716 1987 961 2003 964 2003 1039 1987 1063 2003 1066 2003 1068 2003 1071 2003 1074 2003 1108 1990 1266 1993 1285 2006 1295 2014 1298 2014 1301 2014 1303 2014 1426 2003 1600 1990 1755 2003 1808 2006 1811 2006 1814 2006 1830 2003 1862 1993 1886 2001 1905 2009 1907 2009 1910 2009 2070 2001 2188 1995 2207 2001 2268 2019 2271 2019 2273 2019 2276 2019 2332 2001 2337 1998 2343 1998 2367 2011 2370 2011 2372 2011 2452 2001 2618 2019 2621 2019 2623 2019 2626 2019 2655 2001 2757 2014 2760 2014 2861 1995 2864 1971 2861 1878 2562 1878 2559 1878 2557 1878 2554 1878 2444 1910 2223 1910 2153 1880 2150 1880 2148 1880 2145 1880 2089 1910 1715 1910 1664 1883 1661 1883 1659 1883 1557 1902 1488 1883 1480 1880 1477 1880 1474 1880 1472 1880 1469 1880 1466 1883 1434 1902 1397 1883 1389 1880 1386 1880 1384 1880 1381 1880 1373 1883 1338 1899 1301 1883 1274 1872 1271 1872 1116 1872 1114 1872 1111 1872 1068 1886 1018 1899 985 1886 956 1872 953 1872 951 1872 948 1872 900 1886 838 1904 748 1904 697 1886 662 1875 659 1875 657 1875 654 1875 633 1886 603 1902 555 1886 518 1875 515 1875 513 1875 510 1875 472 1888 451 1894 432 1888 406 1878 403 1878 400 1878 398 1878 382 1880 374 1899"/></Shape>
	    <String CONTENT="juste dans cet endroit précis de mes &quot;notes personnelles&quot;, c’est"
                    HPOS="374"
                    VPOS="1872"
                    WIDTH="2490"
                    HEIGHT="147"></String>
          </TextLine>

          
          
          <TextLine ID="eSc_line_1646a96d"
                    TAGREFS="LT2522"
                    BASELINE="371 2123 929 2115 2736 2131" 
                    HPOS="368"
                    VPOS="2014"
                    WIDTH="2368"
                    HEIGHT="171">
            <Shape><Polygon POINTS="371 2123 368 2166 598 2169 601 2169 603 2169 606 2169 638 2148 793 2158 796 2158 860 2145 929 2169 932 2169 935 2169 937 2169 945 2169 1042 2145 1151 2164 1154 2164 1156 2164 1215 2148 1274 2164 1277 2164 1279 2164 1333 2153 1384 2169 1394 2172 1397 2172 1400 2172 1402 2172 1413 2169 1472 2148 1517 2169 1520 2169 1523 2169 1525 2169 1528 2169 1531 2169 1563 2156 1597 2169 1600 2169 1603 2169 1608 2169 1688 2153 1939 2153 1969 2169 1982 2180 1985 2180 1987 2180 1990 2180 2054 2169 2108 2161 2124 2169 2140 2177 2142 2177 2145 2177 2148 2177 2150 2177 2161 2169 2177 2161 2236 2169 2239 2169 2241 2169 2244 2169 2287 2153 2329 2169 2359 2182 2361 2182 2364 2185 2495 2185 2495 2182 2551 2169 2618 2156 2730 2169 2736 2131 2733 2067 2639 2046 2637 2046 2634 2046 2581 2065 2578 2065 2046 2065 2044 2062 1955 2019 1953 2019 1950 2019 1274 2027 1175 2014 1172 2014 734 2017 732 2017 657 2051 371 2051 371 2123"/></Shape>
	    <String CONTENT="que je désire attirer l’ attention des lecteurs au sujet des"
                    HPOS="368"
                    VPOS="2014"
                    WIDTH="2368"
                    HEIGHT="171"></String>
          </TextLine>

          
          
          <TextLine ID="eSc_line_dd5b537a"
                    TAGREFS="LT2522"
                    BASELINE="379 2284 1279 2278 2821 2294" 
                    HPOS="379"
                    VPOS="2185"
                    WIDTH="2442"
                    HEIGHT="150">
            <Shape><Polygon POINTS="379 2284 379 2310 539 2302 577 2313 595 2319 598 2319 601 2319 603 2319 617 2313 649 2302 700 2316 732 2321 734 2321 804 2316 895 2308 959 2316 991 2321 993 2321 996 2321 999 2321 1004 2319 1023 2305 1416 2305 1557 2321 1608 2327 1611 2327 1648 2324 1752 2310 2073 2327 2094 2327 2097 2327 2110 2327 2383 2313 2431 2329 2439 2332 2442 2332 2444 2335 2818 2335 2821 2294 2818 2198 2562 2198 2559 2198 2557 2198 2554 2198 2514 2225 2474 2212 2471 2212 2468 2212 2466 2212 2391 2238 2295 2238 2225 2201 2223 2201 2220 2201 2217 2201 2215 2201 2156 2238 2022 2238 1931 2206 1929 2206 1926 2206 1579 2233 1506 2190 1504 2190 1501 2190 1360 2190 1357 2190 1354 2190 1309 2214 1156 2228 1116 2214 1114 2214 1111 2214 916 2228 798 2201 796 2201 793 2201 790 2201 748 2228 561 2228 480 2225 379 2185 379 2284"/></Shape>
	    <String CONTENT="DIFFERENCES mais aussi des {issues de nos deux expéditions,"
                    HPOS="379"
                    VPOS="2185"
                    WIDTH="2442"
                    HEIGHT="150"></String>
          </TextLine>

          
          
          <TextLine ID="eSc_line_a82e3c3e"
                    TAGREFS="LT2523"
                    BASELINE="1603 2198 1867 2193" 
                    HPOS="1600"
                    VPOS="2131"
                    WIDTH="267"
                    HEIGHT="99">
            <Shape><Polygon POINTS="1603 2228 1865 2230 1867 2193 1862 2148 1750 2131 1747 2131 1744 2131 1742 2131 1723 2148 1667 2137 1664 2137 1600 2150 1603 2198"/></Shape>
	    <String CONTENT="(resultats"
                    HPOS="1600"
                    VPOS="2131"
                    WIDTH="267"
                    HEIGHT="99"></String>
          </TextLine>

          
          
          <TextLine ID="eSc_line_eb181630"
                    TAGREFS="LT2522"
                    BASELINE="382 2431 2554 2452" 
                    HPOS="379"
                    VPOS="2337"
                    WIDTH="2175"
                    HEIGHT="152">
            <Shape><Polygon POINTS="382 2431 379 2455 708 2476 710 2476 713 2476 716 2476 734 2463 828 2476 830 2476 905 2463 924 2479 927 2479 929 2479 932 2479 1319 2468 1429 2465 1547 2471 1867 2487 1870 2487 1931 2476 1945 2473 1953 2476 1979 2487 1982 2487 1985 2487 1987 2487 2014 2476 2025 2473 2065 2476 2185 2489 2188 2489 2190 2489 2231 2479 2255 2473 2549 2481 2554 2452 2549 2380 2011 2393 1878 2388 1857 2377 1827 2364 1824 2364 1822 2364 1819 2364 1782 2377 1739 2391 1656 2377 1611 2369 1608 2369 1605 2369 1587 2377 1563 2385 1541 2377 1469 2343 1466 2343 924 2337 828 2337 825 2337 822 2337 820 2337 764 2375 753 2380 713 2375 579 2353 577 2353 574 2353 518 2375 504 2377 382 2375 382 2431"/></Shape>
	    <String CONTENT="ou pour être plus précis de nos deux &quot;AVENTURES&quot;."
                    HPOS="379"
                    VPOS="2337"
                    WIDTH="2175"
                    HEIGHT="152"></String>
          </TextLine>

          
          
          <TextLine ID="eSc_line_05196a61"
                    TAGREFS="LT2522"
                    BASELINE="830 2591 2877 2610" 
                    HPOS="830"
                    VPOS="2487"
                    WIDTH="2047"
                    HEIGHT="173">
            <Shape><Polygon POINTS="830 2591 830 2626 1020 2626 1026 2628 1044 2639 1047 2639 1050 2639 1052 2639 1055 2639 1084 2628 1095 2626 1114 2628 1178 2642 1180 2642 1237 2631 1285 2623 1405 2623 1421 2634 1432 2642 1434 2642 1437 2642 1440 2642 1531 2636 1691 2626 1723 2639 1739 2647 1742 2647 1744 2647 1776 2642 1830 2628 1979 2628 2003 2642 2006 2642 2009 2642 2011 2642 2543 2631 2578 2655 2581 2658 2583 2658 2586 2658 2589 2660 2875 2660 2877 2610 2877 2506 2829 2500 2826 2500 2824 2500 2821 2500 2816 2503 2757 2543 2586 2543 2444 2524 2442 2524 2439 2524 2436 2524 2418 2538 2166 2538 2134 2511 2132 2511 2129 2511 2030 2511 2009 2498 2003 2492 2001 2492 1998 2492 1995 2492 1929 2495 1774 2506 1758 2495 1758 2492 1755 2492 1752 2492 1750 2492 1699 2495 1493 2503 1405 2492 1386 2489 1384 2489 1381 2489 1378 2489 1346 2506 1234 2489 1226 2489 1223 2489 1213 2489 1076 2500 1055 2487 1052 2487 1050 2487 1047 2487 1036 2487 940 2503 830 2487 830 2591"/></Shape>
	    <String CONTENT="Et tout d’abord la C.J. fut organisée à grands"
                    HPOS="830"
                    VPOS="2487"
                    WIDTH="2047"
                    HEIGHT="173"></String>
          </TextLine>

          
          
          <TextLine ID="eSc_line_b9821751"
                    TAGREFS="LT2522"
                    BASELINE="382 2749 2260 2781 2864 2775" 
                    HPOS="379"
                    VPOS="2642"
                    WIDTH="2485"
                    HEIGHT="203">
            <Shape><Polygon POINTS="382 2749 379 2813 579 2815 582 2815 585 2815 590 2815 641 2799 718 2815 729 2815 732 2815 793 2815 1028 2807 1108 2815 1199 2823 1202 2823 1205 2823 1207 2823 1221 2815 1255 2797 1349 2797 1394 2815 1421 2826 1424 2826 1426 2829 1600 2829 1600 2826 1603 2826 1627 2815 1651 2805 1685 2815 1736 2831 1739 2831 1851 2834 1854 2834 1857 2834 1913 2815 1950 2805 2132 2805 2281 2807 2305 2815 2345 2829 2348 2829 2351 2829 2455 2815 2490 2813 2495 2815 2538 2845 2541 2845 2543 2845 2546 2845 2549 2845 2629 2815 2634 2815 2639 2815 2714 2839 2717 2839 2720 2839 2722 2839 2725 2839 2760 2818 2861 2818 2864 2775 2861 2722 2802 2701 2800 2701 2797 2701 2794 2701 2762 2719 2757 2722 2690 2722 2682 2717 2623 2674 2621 2674 2618 2674 2404 2671 2402 2671 2399 2671 2332 2706 2313 2714 2255 2703 2193 2690 2190 2690 2188 2690 2166 2701 2137 2711 2102 2698 2068 2685 2065 2685 2062 2685 2060 2685 2036 2695 2003 2709 1913 2709 1881 2690 1832 2663 1830 2663 1766 2660 1386 2655 1384 2655 1381 2655 1343 2674 1306 2693 1239 2698 1218 2682 1215 2682 1213 2682 1210 2682 1207 2682 1151 2695 745 2693 641 2652 627 2647 625 2647 622 2647 593 2650 529 2658 504 2647 491 2642 488 2642 486 2642 382 2642 382 2749"/></Shape>
	    <String CONTENT="frais de PUBLICITÉ par la grande firme d’automobiles française"
                    HPOS="379"
                    VPOS="2642"
                    WIDTH="2485"
                    HEIGHT="203"></String>
          </TextLine>

          
          
          <TextLine ID="eSc_line_c02a4261"
                    TAGREFS="LT2522"
                    BASELINE="384 2912 2714 2928" 
                    HPOS="382"
                    VPOS="2807"
                    WIDTH="2332"
                    HEIGHT="158">
            <Shape><Polygon POINTS="384 2912 382 2946 2709 2965 2714 2928 2712 2864 2559 2864 2551 2858 2495 2823 2492 2823 2490 2823 2487 2823 2383 2834 1982 2821 1979 2821 1977 2821 1934 2845 1913 2856 1784 2839 1752 2837 1750 2837 1747 2837 1742 2839 1710 2858 1621 2858 1370 2850 1333 2829 1306 2815 1303 2815 1119 2813 1063 2813 1060 2813 1058 2813 1036 2821 967 2853 774 2853 689 2815 686 2815 384 2807 384 2912"/></Shape>
	    <String CONTENT="à vocation mondiale : CITROËN, dans le but de &quot;lancer&quot;"
                    HPOS="382"
                    VPOS="2807"
                    WIDTH="2332"
                    HEIGHT="158"></String>
          </TextLine>

          
          
          <TextLine ID="eSc_line_0713f6a7"
                    TAGREFS="LT2522"
                    BASELINE="382 3072 2856 3080" 
                    HPOS="382"
                    VPOS="2976"
                    WIDTH="2474"
                    HEIGHT="155">
            <Shape><Polygon POINTS="382 3072 382 3109 424 3104 443 3109 472 3123 475 3123 478 3123 480 3123 523 3112 547 3104 571 3112 590 3117 593 3117 595 3117 724 3112 873 3104 980 3112 1151 3125 1154 3125 1239 3112 1279 3107 1295 3112 1333 3128 1335 3128 1338 3131 1429 3131 1429 3128 1432 3128 1464 3112 1472 3109 1493 3112 1544 3123 1547 3123 1549 3123 1589 3112 1605 3109 1616 3112 1651 3128 1653 3128 1656 3131 1889 3131 1889 3128 1891 3128 1931 3115 1955 3107 2014 3115 2137 3131 2140 3131 2367 3115 2423 3112 2434 3115 2466 3128 2468 3128 2471 3128 2474 3128 2476 3128 2495 3115 2506 3109 2573 3115 2653 3123 2655 3123 2658 3123 2674 3115 2685 3112 2693 3115 2730 3131 2733 3131 2736 3131 2738 3131 2770 3115 2773 3115 2850 3115 2856 3080 2856 3029 2794 3010 2792 3010 2789 3010 2786 3010 2784 3010 2760 3026 2757 3029 2669 3029 2637 3024 2498 3008 2495 3008 2492 3008 2490 3008 2471 3021 2460 3026 2252 3016 2182 3013 2180 3013 2161 3013 2033 3026 1953 3018 1937 3010 1878 2978 1875 2978 1691 2978 1688 2978 1685 2978 1683 2978 1645 3002 1611 3026 1274 3026 1231 3021 1191 2994 1167 2976 1164 2976 1162 2976 1159 2976 382 2976 382 3072"/></Shape>
	    <String CONTENT="les &quot;chenilles&quot; tout terrain, issues des fameux &quot;TANKS&quot; de 1916-18."
                    HPOS="382"
                    VPOS="2976"
                    WIDTH="2474"
                    HEIGHT="155"></String>
          </TextLine>

          
          
          <TextLine ID="eSc_line_2d271a1b"
                    TAGREFS="LT2522"
                    BASELINE="873 3238 2834 3248" 
                    HPOS="871"
                    VPOS="3139"
                    WIDTH="1963"
                    HEIGHT="168">
            <Shape><Polygon POINTS="873 3238 871 3270 913 3286 916 3286 919 3286 921 3286 961 3270 964 3270 967 3270 1020 3296 1023 3296 1026 3299 1186 3299 1186 3296 1306 3270 1338 3264 1349 3270 1378 3291 1381 3291 1384 3291 1466 3299 1469 3299 1472 3299 1544 3272 1552 3267 1656 3267 1664 3272 1688 3283 1691 3283 1694 3283 1792 3272 1838 3267 1921 3267 1926 3272 1963 3302 1966 3302 1969 3302 1971 3302 2078 3286 2158 3302 2161 3302 2164 3302 2166 3302 2212 3272 2220 3270 2287 3272 2506 3283 2508 3283 2559 3272 2562 3272 2565 3272 2642 3304 2645 3304 2647 3307 2754 3307 2754 3304 2757 3304 2832 3272 2834 3248 2832 3149 2241 3147 2239 3147 2236 3147 2233 3147 2177 3192 2065 3192 2038 3173 2036 3173 2033 3173 2030 3173 1910 3189 1771 3189 1710 3160 1707 3160 1704 3160 1702 3160 1645 3187 1584 3144 1581 3144 1579 3144 1576 3144 1573 3144 1571 3144 1514 3187 1453 3165 1450 3165 1448 3165 1445 3165 1397 3187 1352 3168 1349 3168 1346 3168 1146 3184 1119 3168 1116 3168 1114 3168 1111 3168 1023 3184 943 3141 940 3141 873 3139 873 3238"/></Shape>
	    <String CONTENT="Moi, je suis parti et arrivé jusqu’ici tout à fait"
                    HPOS="871"
                    VPOS="3139"
                    WIDTH="1963"
                    HEIGHT="168"></String>
          </TextLine>

          
          
          <TextLine ID="eSc_line_13a862bd"
                    TAGREFS="LT2522"
                    BASELINE="382 3387 2824 3414" 
                    HPOS="379"
                    VPOS="3310"
                    WIDTH="2445"
                    HEIGHT="131">
            <Shape><Polygon POINTS="569 3323 558 3323 526 3323 515 3326 499 3326 478 3326 462 3328 435 3331 408 3331 382 3347 382 3387 379 3417 2818 3441 2824 3414 2824 3360 2370 3358 2364 3352 2329 3326 2327 3326 2324 3326 2321 3326 2319 3326 2228 3352 2225 3352 2223 3352 2172 3326 2169 3326 2108 3326 2105 3326 2102 3326 2100 3326 2060 3350 2057 3352 2009 3352 2006 3350 1955 3323 1953 3323 1950 3323 1811 3347 1806 3347 1803 3347 1763 3328 1760 3328 1758 3328 1755 3328 1702 3344 1621 3339 1595 3318 1592 3318 1589 3318 1587 3318 1584 3318 1485 3342 1477 3344 1472 3342 1434 3323 1432 3323 1429 3323 1426 3323 1392 3336 1159 3320 1156 3320 1154 3320 1151 3320 1122 3339 1114 3342 921 3339 916 3336 868 3310 865 3310 863 3310 569 3320 569 3323"/></Shape>
	    <String CONTENT="anonymement, gràce à mes jambes, ma bicyclette, et mon cerveau,"
                    HPOS="379"
                    VPOS="3310"
                    WIDTH="2445"
                    HEIGHT="131"></String>
          </TextLine>

          
          
          <TextLine ID="eSc_line_8a35fdb9"
                    TAGREFS="LT2522"
                    BASELINE="371 3553 2848 3569" 
                    HPOS="368"
                    VPOS="3446"
                    WIDTH="2480"
                    HEIGHT="163">
            <Shape><Polygon POINTS="371 3553 368 3574 432 3593 435 3593 438 3593 662 3580 689 3593 692 3593 694 3593 1330 3585 1373 3598 1376 3598 1378 3598 1563 3585 1715 3601 1718 3601 1982 3588 2164 3604 2166 3604 2297 3590 2327 3604 2329 3604 2332 3604 2335 3604 2383 3590 2439 3606 2442 3606 2444 3609 2789 3609 2789 3606 2792 3606 2845 3590 2848 3569 2845 3499 2289 3497 2244 3486 2116 3457 2113 3457 2110 3457 2052 3481 2025 3494 1776 3494 1734 3475 1683 3454 1680 3454 1677 3454 1613 3465 1512 3451 1509 3451 1440 3467 1426 3470 1394 3467 1269 3451 1004 3449 1001 3449 961 3457 927 3465 865 3457 817 3449 371 3446 371 3553"/></Shape>
	    <String CONTENT="dans le but bien établi, d’étudier sur le tas, LES CAUSES DE"
                    HPOS="368"
                    VPOS="3446"
                    WIDTH="2480"
                    HEIGHT="163"></String>
          </TextLine>

          
          
          <TextLine ID="eSc_line_731b4e58"
                    TAGREFS="LT2522"
                    BASELINE="376 3716 2834 3724" 
                    HPOS="376"
                    VPOS="3633"
                    WIDTH="2458"
                    HEIGHT="120">
            <Shape><Polygon POINTS="376 3716 376 3753 2832 3753 2834 3724 2832 3636 2463 3636 2460 3636 2458 3636 2452 3638 2375 3668 2102 3641 2014 3633 2011 3633 1963 3641 1843 3665 1704 3660 1680 3644 1675 3641 1672 3641 1669 3641 1667 3641 1664 3641 1648 3644 1589 3660 1517 3646 1501 3644 1498 3644 1496 3644 1488 3646 1442 3665 1397 3646 1389 3644 1386 3644 1384 3644 1381 3644 1373 3646 1327 3665 1218 3665 1194 3649 1183 3641 1180 3641 1178 3641 1175 3641 1114 3649 1023 3665 833 3665 812 3652 796 3644 793 3644 790 3644 788 3644 761 3652 729 3662 376 3657 376 3716"/></Shape>
	    <String CONTENT="LA GUERRE MONDIALE 14-18. Dans ce but, j’avais étudié et"
                    HPOS="376"
                    VPOS="3633"
                    WIDTH="2458"
                    HEIGHT="120"></String>
          </TextLine>

          
          
          <TextLine ID="eSc_line_bc44c3ed"
                    TAGREFS="LT2522"
                    BASELINE="374 3868 2826 3892" 
                    HPOS="371"
                    VPOS="3764"
                    WIDTH="2455"
                    HEIGHT="176">
            <Shape><Polygon POINTS="374 3868 371 3916 467 3919 470 3919 472 3919 478 3919 550 3897 681 3913 684 3913 1162 3903 1338 3919 1464 3930 1466 3930 1541 3919 1616 3908 1723 3919 1851 3932 1854 3932 1857 3932 1905 3919 1918 3916 1958 3919 2046 3927 2049 3927 2052 3927 2054 3927 2065 3919 2076 3913 2196 3913 2212 3919 2225 3927 2228 3927 2231 3927 2233 3927 2252 3919 2268 3913 2340 3919 2557 3940 2559 3940 2824 3919 2826 3892 2824 3788 2677 3780 2674 3780 2671 3780 2642 3788 2613 3793 2570 3788 2490 3775 2487 3775 2410 3788 2396 3788 2380 3788 2249 3772 2247 3772 2244 3772 2241 3772 2220 3788 2185 3809 2084 3809 2044 3788 2033 3783 2030 3783 1891 3769 1889 3769 1886 3769 1883 3769 1854 3788 1742 3788 1683 3767 1680 3767 1677 3767 1675 3767 1632 3780 1501 3767 1498 3767 1496 3767 1464 3780 1389 3767 1386 3767 1384 3767 1314 3783 1079 3764 1076 3764 1074 3764 1031 3780 900 3767 897 3767 895 3767 892 3767 855 3788 844 3793 374 3791 374 3868"/></Shape>
	    <String CONTENT="appris SEUL, la sténo Duployé, et l’Esperanto. - La sténo permet"
                    HPOS="371"
                    VPOS="3764"
                    WIDTH="2455"
                    HEIGHT="176"></String>
          </TextLine>

          
          
          <TextLine ID="eSc_line_0552aa34"
                    TAGREFS="LT2522"
                    BASELINE="376 4031 2824 4036" 
                    HPOS="376"
                    VPOS="3927"
                    WIDTH="2448"
                    HEIGHT="157">
            <Shape><Polygon POINTS="376 4031 376 4071 627 4060 766 4074 774 4074 777 4074 782 4074 863 4060 889 4074 903 4082 905 4082 908 4084 1042 4084 1042 4082 1044 4082 1060 4076 1100 4060 1197 4060 1218 4074 1221 4074 1223 4074 1226 4074 1229 4074 1269 4063 1290 4076 1295 4082 1298 4082 1301 4082 1303 4084 1434 4084 1434 4082 1437 4082 1440 4082 1445 4076 1466 4063 1579 4060 1611 4079 1624 4084 1627 4084 1629 4084 1664 4079 1736 4063 1806 4076 1808 4076 2351 4066 2818 4082 2824 4036 2824 3948 2752 3930 2749 3930 2746 3930 2562 3943 2535 3930 2533 3930 2530 3930 2407 3943 2404 3943 2402 3943 2402 3946 2364 3967 2158 3967 2094 3943 2065 3932 2062 3932 2060 3932 1971 3940 1902 3948 1806 3940 1675 3930 1672 3930 1234 3938 975 3940 945 3935 905 3927 903 3927 900 3927 897 3927 887 3935 838 3964 611 3964 529 3932 526 3932 376 3932 376 4031"/></Shape>
	    <String CONTENT="d’ écrire en abrégé et donc plus rapidement et dans un volume plus"
                    HPOS="376"
                    VPOS="3927"
                    WIDTH="2448"
                    HEIGHT="157"></String>
          </TextLine>

          
          
          <TextLine ID="eSc_line_3f752785"
                    TAGREFS="LT2522"
                    BASELINE="374 4181 2736 4202" 
                    HPOS="371"
                    VPOS="4079"
                    WIDTH="2365"
                    HEIGHT="166">
            <Shape><Polygon POINTS="374 4181 371 4210 464 4229 467 4229 587 4215 678 4231 681 4231 817 4218 822 4218 838 4218 1146 4231 1148 4231 1191 4223 1205 4221 1226 4223 1325 4237 1327 4237 1490 4226 1552 4223 1581 4229 1651 4239 1653 4239 1710 4229 1720 4229 1739 4229 1848 4242 1851 4242 1854 4242 1886 4231 1899 4229 1934 4231 2009 4242 2011 4242 2057 4234 2089 4229 2097 4234 2108 4242 2110 4242 2113 4242 2116 4245 2733 4245 2736 4202 2733 4106 374 4079 374 4181"/></Shape>
	    <String CONTENT="restreint que l’écriture ordinaire. L’esperanto se voulait être"
                    HPOS="371"
                    VPOS="4079"
                    WIDTH="2365"
                    HEIGHT="166"></String>
          </TextLine>

          
          
          <TextLine ID="eSc_line_d4540050"
                    TAGREFS="LT2522"
                    BASELINE="371 4346 2744 4360" 
                    HPOS="368"
                    VPOS="4239"
                    WIDTH="2376"
                    HEIGHT="166">
            <Shape><Polygon POINTS="371 4346 368 4373 569 4394 571 4394 884 4384 993 4397 996 4397 999 4397 1001 4397 1026 4381 1108 4381 1354 4397 1357 4397 1472 4384 1592 4400 1595 4400 1969 4386 1971 4386 2094 4402 2097 4402 2100 4402 2164 4386 2166 4386 2172 4386 2223 4402 2225 4402 2228 4402 2380 4389 2466 4405 2468 4405 2471 4405 2522 4389 2524 4389 2530 4389 2639 4405 2642 4405 2645 4405 2647 4405 2669 4389 2674 4389 2738 4389 2744 4360 2738 4253 2655 4266 2327 4255 2324 4255 2321 4255 2295 4269 2161 4247 2148 4247 2049 4247 2046 4247 2044 4247 2041 4247 2017 4263 1739 4263 1715 4245 1712 4245 1710 4245 1707 4245 1704 4245 1702 4245 1656 4271 1341 4271 1274 4242 1269 4242 1266 4242 1263 4242 1237 4242 1050 4258 961 4242 959 4242 956 4242 953 4242 865 4258 804 4239 798 4239 796 4239 793 4239 756 4239 486 4255 371 4239 371 4346"/></Shape>
	    <String CONTENT="une langue internationale NEUTRE, facile, et claire, et par cela"
                    HPOS="368"
                    VPOS="4239"
                    WIDTH="2376"
                    HEIGHT="166"></String>
          </TextLine>

          
          
          <TextLine ID="eSc_line_8f761492"
                    TAGREFS="LT2522"
                    BASELINE="358 4507 2725 4512" 
                    HPOS="358"
                    VPOS="4421"
                    WIDTH="2367"
                    HEIGHT="150">
            <Shape><Polygon POINTS="358 4507 358 4549 563 4539 625 4549 638 4552 641 4552 643 4552 649 4549 681 4539 806 4544 817 4549 847 4565 849 4565 852 4568 996 4568 996 4565 999 4565 1036 4549 1066 4539 1098 4549 1103 4552 1106 4552 1108 4552 1164 4549 1445 4539 1474 4549 1490 4557 1493 4557 1496 4557 1531 4549 1576 4541 1597 4549 1632 4568 1635 4568 1637 4571 1779 4571 1779 4568 1782 4568 1846 4549 1873 4544 1894 4549 1947 4568 1950 4568 1953 4571 2132 4571 2132 4568 2134 4568 2190 4549 2215 4544 2402 4544 2420 4549 2444 4560 2447 4560 2450 4560 2508 4549 2535 4547 2546 4549 2589 4568 2591 4568 2594 4568 2722 4549 2725 4512 2720 4424 2466 4461 2276 4442 2273 4442 2271 4442 2212 4461 2108 4440 2105 4440 2102 4440 2060 4464 1953 4464 1902 4434 1881 4424 1878 4424 1875 4424 1873 4424 1827 4434 1790 4445 1645 4445 1643 4445 1640 4445 1637 4445 1611 4461 1576 4448 1573 4448 1571 4448 1453 4459 1429 4442 1426 4442 1424 4442 1421 4442 1418 4442 1317 4459 1290 4442 1250 4421 1247 4421 785 4421 782 4421 780 4421 777 4421 734 4450 721 4459 358 4459 358 4507"/></Shape>
	    <String CONTENT="même à la portée des masses populaires ; j’ai VOULU être"
                    HPOS="358"
                    VPOS="4421"
                    WIDTH="2367"
                    HEIGHT="150"></String>
          </TextLine>

          
          
          <TextLine ID="eSc_line_a76c43c4"
                    TAGREFS="LT2522"
                    BASELINE="363 4654 2367 4667 2551 4678" 
                    HPOS="360"
                    VPOS="4560"
                    WIDTH="2191"
                    HEIGHT="230">
            <Shape><Polygon POINTS="363 4654 360 4771 2546 4790 2551 4678 2549 4603 2108 4571 2105 4571 1945 4584 1653 4568 1651 4568 1648 4568 1645 4568 1613 4589 1605 4595 1189 4595 1159 4584 1087 4565 1084 4565 1082 4565 780 4576 411 4560 408 4560 406 4560 363 4573 363 4654"/></Shape>
	    <String CONTENT="le VECTEUR – DIFFUSEUR de cet outil de PAIX."
                    HPOS="360"
                    VPOS="4560"
                    WIDTH="2191"
                    HEIGHT="230"></String>
          </TextLine>

          
        </TextBlock>
        
        <TextBlock HPOS="2707"
                   VPOS="228"
                   WIDTH="206"
                   HEIGHT="207"
                   ID="eSc_textblock_ef3978f7"
                   TAGREFS="BT7519">
          <Shape><Polygon POINTS="2913 228 2913 435 2707 435 2707 228"/></Shape>
          
          
          <TextLine ID="eSc_line_152b4277"
                    TAGREFS="LT2522"
                    BASELINE="2758 379 2867 379" 
                    HPOS="2757"
                    VPOS="260"
                    WIDTH="108"
                    HEIGHT="164">
            <Shape><Polygon POINTS="2757 376 2757 416 2861 424 2865 376 2865 272 2757 260 2757 376"/></Shape>
	    <String CONTENT="4"
                    HPOS="2757"
                    VPOS="260"
                    WIDTH="108"
                    HEIGHT="164"></String>
          </TextLine>

          
        </TextBlock>
        

        
      </PrintSpace>
    </Page>
  </Layout>
</alto>
