<?xml version="1.0" encoding="UTF-8"?>
<alto xmlns:xsi="http://www.w3.org/2001/XMLSchema-instance"
      xmlns="http://www.loc.gov/standards/alto/ns-v4#"
      xsi:schemaLocation="http://www.loc.gov/standards/alto/ns-v4# http://www.loc.gov/standards/alto/v4/alto-4-2.xsd">
  <Description>
    <MeasurementUnit>pixel</MeasurementUnit>
    <sourceImageInformation>
      <fileName>D.9.eurasie-16-17_0014.jpg</fileName>
      
    </sourceImageInformation>
  </Description>
  
  <Tags>
    <OtherTag ID="BT7519" LABEL="NumberingZone" DESCRIPTION="block type NumberingZone"/><OtherTag ID="BT7517" LABEL="MainZone" DESCRIPTION="block type MainZone"/>
    <OtherTag ID="LT2523" LABEL="InterlinearLine" DESCRIPTION="line type InterlinearLine"/><OtherTag ID="LT2522" LABEL="DefaultLine" DESCRIPTION="line type DefaultLine"/>
  </Tags>
  
  <Layout>
    <Page WIDTH="2985"
          HEIGHT="4814"
          PHYSICAL_IMG_NR="34"
          ID="eSc_dummypage_">
      <PrintSpace HPOS="0"
                  VPOS="0"
                  WIDTH="2985"
                  HEIGHT="4814">
        
        <TextBlock HPOS="126"
                   VPOS="86"
                   WIDTH="277"
                   HEIGHT="4616"
                   ID="eSc_textblock_c0efb035"
                   TAGREFS="BT7517">
          <Shape><Polygon POINTS="126 86 163 4702 403 4702 403 104"/></Shape>
          
          
          <TextLine ID="eSc_line_1fd9eb79"
                    TAGREFS="LT2522"
                    BASELINE="184 221 358 221" 
                    HPOS="184"
                    VPOS="171"
                    WIDTH="174"
                    HEIGHT="93">
            <Shape><Polygon POINTS="238 173 211 179 184 184 184 221 184 262 355 264 358 221 358 171 251 171 238 173"/></Shape>
	    <String CONTENT="PAGES"
                    HPOS="184"
                    VPOS="171"
                    WIDTH="174"
                    HEIGHT="93"></String>
          </TextLine>

          
          
          <TextLine ID="eSc_line_2c9047c0"
                    TAGREFS="LT2522"
                    BASELINE="184 374 350 379" 
                    HPOS="181"
                    VPOS="270"
                    WIDTH="169"
                    HEIGHT="157">
            <Shape><Polygon POINTS="181 406 345 427 350 379 350 272 187 270 184 374 181 406"/></Shape>
	    <String CONTENT="19/4"
                    HPOS="181"
                    VPOS="270"
                    WIDTH="169"
                    HEIGHT="157"></String>
          </TextLine>

          
          
          <TextLine ID="eSc_line_ebdd3881"
                    TAGREFS="LT2522"
                    BASELINE="184 1018 393 1013" 
                    HPOS="184"
                    VPOS="949"
                    WIDTH="209"
                    HEIGHT="94">
            <Shape><Polygon POINTS="184 1043 393 1043 393 1013 390 965 353 949 350 949 347 949 345 949 342 949 326 962 310 973 238 973 184 954 184 1018 184 1043"/></Shape>
	    <String CONTENT="20 à 22"
                    HPOS="184"
                    VPOS="949"
                    WIDTH="209"
                    HEIGHT="94"></String>
          </TextLine>

          
          
          <TextLine ID="eSc_line_0ab43268"
                    TAGREFS="LT2522"
                    BASELINE="248 1112 345 1107" 
                    HPOS="243"
                    VPOS="1059"
                    WIDTH="102"
                    HEIGHT="64">
            <Shape><Polygon POINTS="248 1112 248 1123 345 1123 345 1107 339 1064 243 1059 248 1112"/></Shape>
	    <String CONTENT="4"
                    HPOS="243"
                    VPOS="1059"
                    WIDTH="102"
                    HEIGHT="64"></String>
          </TextLine>

          
          
          <TextLine ID="eSc_line_5447a1be"
                    TAGREFS="LT2522"
                    BASELINE="181 1577 369 1575" 
                    HPOS="179"
                    VPOS="1500"
                    WIDTH="190"
                    HEIGHT="126">
            <Shape><Polygon POINTS="179 1551 181 1577 181 1604 310 1626 312 1626 315 1626 369 1601 369 1575 366 1521 307 1500 304 1500 302 1500 299 1500 296 1500 272 1519 240 1500 238 1500 235 1500 232 1500 187 1516 179 1551"/></Shape>
	    <String CONTENT="22/4"
                    HPOS="179"
                    VPOS="1500"
                    WIDTH="190"
                    HEIGHT="126"></String>
          </TextLine>

          
          
          <TextLine ID="eSc_line_419b0cff"
                    TAGREFS="LT2522"
                    BASELINE="179 1971 382 1976" 
                    HPOS="176"
                    VPOS="1904"
                    WIDTH="206"
                    HEIGHT="96">
            <Shape><Polygon POINTS="179 1971 176 2000 379 2000 382 1976 382 1909 179 1904 179 1971"/></Shape>
	    <String CONTENT="23 à 25"
                    HPOS="176"
                    VPOS="1904"
                    WIDTH="206"
                    HEIGHT="96"></String>
          </TextLine>

          
          
          <TextLine ID="eSc_line_1187bf79"
                    TAGREFS="LT2522"
                    BASELINE="238 2059 350 2064" 
                    HPOS="235"
                    VPOS="2027"
                    WIDTH="115"
                    HEIGHT="69">
            <Shape><Polygon POINTS="238 2059 235 2086 345 2096 350 2064 347 2029 238 2027 238 2059"/></Shape>
	    <String CONTENT="4."
                    HPOS="235"
                    VPOS="2027"
                    WIDTH="115"
                    HEIGHT="69"></String>
          </TextLine>

          
          
          <TextLine ID="eSc_line_c1efb64e"
                    TAGREFS="LT2522"
                    BASELINE="181 2848 363 2842" 
                    HPOS="179"
                    VPOS="2786"
                    WIDTH="184"
                    HEIGHT="89">
            <Shape><Polygon POINTS="181 2848 181 2875 363 2875 363 2842 358 2789 179 2786 181 2848"/></Shape>
	    <String CONTENT="25-26"
                    HPOS="179"
                    VPOS="2786"
                    WIDTH="184"
                    HEIGHT="89"></String>
          </TextLine>

          
          
          <TextLine ID="eSc_line_cd9b4fb3"
                    TAGREFS="LT2522"
                    BASELINE="259 2955 337 2949" 
                    HPOS="251"
                    VPOS="2856"
                    WIDTH="86"
                    HEIGHT="144">
            <Shape><Polygon POINTS="259 2955 259 2982 337 3000 337 2949 326 2856 251 2856 259 2955"/></Shape>
	    <String CONTENT="4"
                    HPOS="251"
                    VPOS="2856"
                    WIDTH="86"
                    HEIGHT="144"></String>
          </TextLine>

          
          
          <TextLine ID="eSc_line_86cd77d9"
                    TAGREFS="LT2522"
                    BASELINE="192 3262 379 3254" 
                    HPOS="189"
                    VPOS="3145"
                    WIDTH="190"
                    HEIGHT="163">
            <Shape><Polygon POINTS="189 3214 192 3262 195 3308 379 3300 379 3254 371 3158 278 3145 275 3145 272 3145 189 3174 189 3214"/></Shape>
	    <String CONTENT="27/28"
                    HPOS="189"
                    VPOS="3145"
                    WIDTH="190"
                    HEIGHT="163"></String>
          </TextLine>

          
          
          <TextLine ID="eSc_line_068bc350"
                    TAGREFS="LT2522"
                    BASELINE="288 3340 361 3345" 
                    HPOS="286"
                    VPOS="3276"
                    WIDTH="77"
                    HEIGHT="99">
            <Shape><Polygon POINTS="288 3340 286 3367 355 3375 361 3345 363 3294 323 3276 320 3276 318 3276 315 3276 291 3284 288 3340"/></Shape>
	    <String CONTENT="4."
                    HPOS="286"
                    VPOS="3276"
                    WIDTH="77"
                    HEIGHT="99"></String>
          </TextLine>

          
          
          <TextLine ID="eSc_line_ac65ee9e"
                    TAGREFS="LT2522"
                    BASELINE="184 3725 377 3730" 
                    HPOS="181"
                    VPOS="3661"
                    WIDTH="196"
                    HEIGHT="93">
            <Shape><Polygon POINTS="184 3725 181 3752 371 3754 377 3730 374 3661 184 3672 184 3725"/></Shape>
	    <String CONTENT="28-29"
                    HPOS="181"
                    VPOS="3661"
                    WIDTH="196"
                    HEIGHT="93"></String>
          </TextLine>

          
          
          <TextLine ID="eSc_line_1d9c4ad8"
                    TAGREFS="LT2522"
                    BASELINE="224 3819 328 3819" 
                    HPOS="224"
                    VPOS="3736"
                    WIDTH="104"
                    HEIGHT="123">
            <Shape><Polygon POINTS="224 3819 224 3851 326 3859 328 3819 328 3738 224 3736 224 3819"/></Shape>
	    <String CONTENT="4."
                    HPOS="224"
                    VPOS="3736"
                    WIDTH="104"
                    HEIGHT="123"></String>
          </TextLine>

          
          
          <TextLine ID="eSc_line_9eeb02b4"
                    TAGREFS="LT2522"
                    BASELINE="179 4113 377 4118" 
                    HPOS="176"
                    VPOS="4054"
                    WIDTH="201"
                    HEIGHT="126">
            <Shape><Polygon POINTS="179 4086 179 4113 176 4164 288 4180 291 4180 374 4166 377 4118 374 4054 179 4062 179 4086"/></Shape>
	    <String CONTENT="29 à 31"
                    HPOS="176"
                    VPOS="4054"
                    WIDTH="201"
                    HEIGHT="126"></String>
          </TextLine>

          
          
          <TextLine ID="eSc_line_2e5aac81"
                    TAGREFS="LT2522"
                    BASELINE="235 4214 318 4214" 
                    HPOS="235"
                    VPOS="4156"
                    WIDTH="83"
                    HEIGHT="107">
            <Shape><Polygon POINTS="235 4214 235 4260 315 4263 318 4214 318 4169 272 4156 270 4156 267 4156 264 4156 235 4169 235 4214"/></Shape>
	    <String CONTENT="4"
                    HPOS="235"
                    VPOS="4156"
                    WIDTH="83"
                    HEIGHT="107"></String>
          </TextLine>

          
        </TextBlock>
        
        <TextBlock HPOS="403"
                   VPOS="123"
                   WIDTH="2561"
                   HEIGHT="4625"
                   ID="eSc_textblock_2997c805"
                   TAGREFS="BT7517">
          <Shape><Polygon POINTS="403 123 403 4748 2964 4748 2964 363 2642 337 2728 187 2706 127"/></Shape>
          
          
          <TextLine ID="eSc_line_1037f77a"
                    TAGREFS="LT2522"
                    BASELINE="425 221 2733 232" 
                    HPOS="422"
                    VPOS="155"
                    WIDTH="2311"
                    HEIGHT="117">
            <Shape><Polygon POINTS="2599 165 2321 176 2209 179 2193 173 2158 163 2155 163 2153 163 2150 163 2129 173 2121 176 2064 173 1936 163 1933 163 1810 171 1690 176 1562 165 1545 165 1519 165 1492 165 1465 165 1439 165 1412 165 1385 165 1358 165 1332 165 1305 165 1278 168 1251 168 1225 168 1214 168 1085 173 1035 168 1011 168 984 168 957 168 930 168 904 168 877 168 850 165 823 165 797 163 791 160 636 171 609 157 607 157 425 155 425 221 422 259 2728 272 2733 232 2730 181 2602 165 2599 165"/></Shape>
	    <String CONTENT="PAYS DATES ET TITRES DES ALINEAS IDEES ET COMMENTAIRES DÉVELOPPÉS"
                    HPOS="422"
                    VPOS="155"
                    WIDTH="2311"
                    HEIGHT="117"></String>
          </TextLine>

          
          
          <TextLine ID="eSc_line_9aefb6b2"
                    TAGREFS="LT2522"
                    BASELINE="414 374 2773 382" 
                    HPOS="411"
                    VPOS="307"
                    WIDTH="2362"
                    HEIGHT="104">
            <Shape><Polygon POINTS="414 374 411 409 2768 411 2773 382 2771 331 2672 331 2669 328 2642 312 2639 312 2637 312 2540 312 2538 312 2535 312 2532 312 2506 328 2503 328 2412 312 2409 312 2407 312 2353 328 2351 328 2345 328 2233 312 2230 312 2228 312 2187 328 2182 331 2072 331 2070 328 2038 312 2035 312 2032 312 1965 326 1917 310 1915 310 1674 310 1671 310 1669 310 1666 310 1639 326 1631 326 1465 310 1463 310 1011 323 1003 323 957 307 954 307 952 307 649 323 625 323 612 323 470 307 468 307 465 307 414 320 414 374"/></Shape>
	    <String CONTENT="U.R.S.S. 1929-1930 – L’ALCOOLISME ? Sujet hélas toujours d’actualité surtout en"
                    HPOS="411"
                    VPOS="307"
                    WIDTH="2362"
                    HEIGHT="104"></String>
          </TextLine>

          
          
          <TextLine ID="eSc_line_f5314229"
                    TAGREFS="LT2522"
                    BASELINE="403 451 2864 460" 
                    HPOS="401"
                    VPOS="393"
                    WIDTH="2463"
                    HEIGHT="99">
            <Shape><Polygon POINTS="403 451 401 476 585 492 588 492 2861 486 2864 460 2864 417 2811 398 2808 398 2805 398 2351 414 2321 414 2318 414 2286 398 2284 398 2281 398 2121 411 2043 395 1960 395 1957 395 1955 395 1952 395 1928 411 1776 395 1773 395 1679 411 1674 414 1562 414 1559 411 1535 395 1532 395 1529 395 1527 395 1524 395 1463 411 1457 411 1452 411 1382 395 1291 395 1289 395 1286 395 1283 395 1259 411 1257 411 1241 411 1120 395 1118 395 952 409 946 409 922 393 920 393 917 393 914 393 912 393 909 393 890 406 874 395 871 395 869 395 866 395 732 409 722 409 719 409 687 393 684 393 682 393 679 393 625 409 620 409 403 409 403 451"/></Shape>
	    <String CONTENT="FRANCE 1984, qui bat tous les records de l’alcoolisme et..... de l’analphabétisme, suivant des thèmes"
                    HPOS="401"
                    VPOS="393"
                    WIDTH="2463"
                    HEIGHT="99"></String>
          </TextLine>

          
          
          <TextLine ID="eSc_line_e4a83c9d"
                    TAGREFS="LT2522"
                    BASELINE="417 526 2856 540" 
                    HPOS="414"
                    VPOS="468"
                    WIDTH="2442"
                    HEIGHT="112">
            <Shape><Polygon POINTS="414 556 906 572 909 572 1313 561 1353 561 1356 561 1393 575 1396 575 1398 575 2321 566 2351 566 2356 566 2511 580 2514 580 2853 566 2856 540 2856 497 2784 478 2781 478 2779 478 2776 478 2733 494 2730 494 2696 478 2693 478 2690 478 2688 478 2685 478 2661 494 2658 497 2428 497 2412 492 2361 476 2359 476 2356 476 2353 476 2302 489 2292 492 2260 489 2134 476 2131 476 2072 486 2054 489 2019 486 1920 476 1917 476 1915 476 1891 484 1880 489 1869 484 1845 473 1842 473 1840 473 1773 484 1733 489 1687 481 1623 473 1620 473 1618 473 1615 473 1602 481 1586 492 1465 492 1444 478 1430 473 1428 473 1425 473 1388 478 1342 486 1329 478 1318 470 1315 470 1313 470 1310 470 1307 470 1289 478 1267 489 906 489 810 473 794 470 791 470 781 470 719 484 700 470 698 468 695 468 692 468 690 468 668 470 599 481 532 468 521 468 518 468 516 468 510 468 457 484 419 468 417 526 414 556"/></Shape>
	    <String CONTENT="&quot;actuels&quot; developpés par la RADIO- De plus en plus en &quot;occident&quot; cette &quot;DROGUE&quot; &quot;PRIMAIRE&quot; est du"
                    HPOS="414"
                    VPOS="468"
                    WIDTH="2442"
                    HEIGHT="112"></String>
          </TextLine>

          
          
          <TextLine ID="eSc_line_04e68989"
                    TAGREFS="LT2522"
                    BASELINE="398 620 2899 615" 
                    HPOS="395"
                    VPOS="553"
                    WIDTH="2504"
                    HEIGHT="110">
            <Shape><Polygon POINTS="398 620 398 649 826 644 863 652 901 660 904 660 949 652 995 644 1011 652 1021 660 1024 660 1027 660 1029 663 1120 663 1120 660 1123 660 1139 652 1163 644 1198 652 1217 657 1219 657 1222 657 1225 657 1241 655 1275 644 1334 655 1377 660 1380 660 1382 660 1398 655 1425 641 1853 641 1995 655 2019 657 2022 660 2896 660 2899 615 2888 553 2837 569 2690 553 2682 553 2680 553 2677 553 2674 553 2618 572 2302 572 2276 553 2273 553 2270 553 2268 553 2265 553 2260 553 2217 569 2094 556 2070 553 2067 553 2064 553 2059 556 2016 569 1861 556 1853 556 1850 556 1837 556 1596 575 1305 575 1278 558 1278 556 1275 556 1273 556 1270 556 1251 558 1150 575 1035 575 1011 558 1008 556 1005 556 1003 556 1000 556 997 556 986 558 936 572 888 558 877 556 874 556 871 556 395 558 398 620"/></Shape>
	    <String CONTENT="reste rattrapée et depassée par les &quot;DROGUES&quot; DURES : cocaïne, morphine, hachys ; OPUM etc... (voir drogues)"
                    HPOS="395"
                    VPOS="553"
                    WIDTH="2504"
                    HEIGHT="110"></String>
          </TextLine>

          
          
          <TextLine ID="eSc_line_0483968a"
                    TAGREFS="LT2522"
                    BASELINE="470 695 2907 703" 
                    HPOS="468"
                    VPOS="636"
                    WIDTH="2439"
                    HEIGHT="102">
            <Shape><Polygon POINTS="470 695 468 716 609 732 612 732 2088 724 2171 738 2174 738 2904 724 2907 703 2902 657 2717 660 2698 655 2672 644 2669 644 2666 644 2664 644 2642 655 2626 663 2417 663 2396 652 2383 647 2380 647 2377 647 2375 647 2364 652 2345 660 2327 652 2310 644 2308 644 2305 644 2302 644 2300 644 2292 652 2281 657 2209 649 2171 647 2169 647 2150 649 2094 660 2022 649 1976 641 1973 641 1944 647 1899 657 1794 647 1741 641 1738 641 1735 641 1725 647 1703 657 1679 644 1669 641 1666 641 1455 641 1452 641 1449 641 1444 644 1412 657 1377 644 1372 641 1369 641 1192 639 1190 639 1187 639 1184 639 1182 641 1158 657 1011 657 986 639 984 639 981 639 978 639 976 639 973 639 941 657 609 657 470 636 470 695"/></Shape>
	    <String CONTENT="Le nouveau régime a mis la lutte antialcoolique et donc antidrogue sur les programmes PRIORITAIRES"
                    HPOS="468"
                    VPOS="636"
                    WIDTH="2439"
                    HEIGHT="102"></String>
          </TextLine>

          
          
          <TextLine ID="eSc_line_8bd05bcc"
                    TAGREFS="LT2522"
                    BASELINE="427 778 2883 783" 
                    HPOS="425"
                    VPOS="716"
                    WIDTH="2458"
                    HEIGHT="105">
            <Shape><Polygon POINTS="427 778 425 799 462 818 465 818 468 818 615 805 770 818 772 818 968 805 1182 818 1184 818 1596 805 1647 805 1652 805 1677 821 1679 821 1682 821 1685 821 1784 807 1957 821 1960 821 1963 821 2011 807 2016 807 2030 807 2206 821 2209 821 2880 810 2883 783 2878 727 2733 732 2698 724 2669 719 2666 719 2664 719 2647 724 2621 735 2540 724 2498 719 2495 719 2492 719 2490 719 2484 724 2458 740 2182 740 2142 722 2131 719 2129 719 2126 719 2062 722 1899 732 1874 722 1869 719 1866 719 1864 719 1861 719 1858 719 1856 722 1829 740 1687 740 1628 719 1615 716 1612 716 1610 716 1580 719 1489 735 1455 719 1447 716 1444 716 1441 716 1439 716 1430 719 1404 735 1380 719 1377 716 1374 716 1372 716 1297 716 1294 716 1291 716 1281 719 1227 735 1179 719 1174 716 1171 716 1168 716 1150 719 1037 735 901 716 888 716 885 716 882 716 879 716 853 735 764 722 762 722 668 735 427 716 427 778"/></Shape>
	    <String CONTENT="La VODKA est justement un des atouts des koulaks, car il existe des reséaux clandestins de distille-"
                    HPOS="425"
                    VPOS="716"
                    WIDTH="2458"
                    HEIGHT="105"></String>
          </TextLine>

          
          
          <TextLine ID="eSc_line_8d456438"
                    TAGREFS="LT2522"
                    BASELINE="401 863 1626 858" 
                    HPOS="401"
                    VPOS="796"
                    WIDTH="1225"
                    HEIGHT="99">
            <Shape><Polygon POINTS="401 887 1620 895 1626 858 1620 818 1527 802 1524 802 1521 802 1519 802 1505 815 1457 796 1455 796 1406 796 1404 796 1401 796 1398 796 1398 799 1380 815 1340 796 1337 796 1334 796 1332 796 1299 813 1297 815 1286 813 1230 802 1227 802 1225 802 1222 802 1222 805 1211 813 1208 818 1128 818 1126 813 1112 802 1112 799 1110 799 1107 799 1104 799 995 810 930 818 920 810 904 799 901 799 898 799 896 799 893 799 863 810 839 821 775 821 756 810 738 799 735 799 564 799 561 799 559 799 556 799 556 802 548 807 537 818 484 807 468 805 465 805 462 805 454 807 417 818 403 805 401 863 401 887"/></Shape>
	    <String CONTENT="-ries du blé, matière première de la VODKA."
                    HPOS="401"
                    VPOS="796"
                    WIDTH="1225"
                    HEIGHT="99"></String>
          </TextLine>

          
          
          <TextLine ID="eSc_line_78eeb984"
                    TAGREFS="LT2522"
                    BASELINE="441 1016 2891 1024" 
                    HPOS="438"
                    VPOS="949"
                    WIDTH="2453"
                    HEIGHT="118">
            <Shape><Polygon POINTS="441 1016 438 1045 465 1061 468 1061 1259 1064 1262 1064 1925 1048 1960 1048 1965 1048 2078 1067 2080 1067 2195 1051 2752 1051 2797 1067 2800 1067 2803 1067 2888 1048 2891 1024 2888 976 2693 954 2407 954 2404 954 2401 954 2343 970 2284 954 2281 954 2067 952 2064 952 2062 952 2011 970 1965 952 1963 952 1960 952 1957 952 1893 970 1888 970 1661 954 1658 954 1655 954 1652 954 1626 970 1620 970 1532 957 1529 957 1527 957 1479 970 1476 970 1473 970 1430 952 1428 952 1425 952 1318 970 1305 970 1246 970 938 957 936 957 722 968 692 968 682 968 567 949 564 949 441 965 441 1016"/></Shape>
	    <String CONTENT="JE ROULE SUR LES RAILS LE 22 JUIN 1929. - Nécessité fait Loi- J’ai été inventeur par"
                    HPOS="438"
                    VPOS="949"
                    WIDTH="2453"
                    HEIGHT="118"></String>
          </TextLine>

          
          
          <TextLine ID="eSc_line_55a9c529"
                    TAGREFS="LT2522"
                    BASELINE="414 1104 2819 1104" 
                    HPOS="414"
                    VPOS="1045"
                    WIDTH="2405"
                    HEIGHT="83">
            <Shape><Polygon POINTS="414 1104 414 1125 2816 1128 2819 1104 2819 1059 2768 1045 2765 1045 2762 1045 2696 1059 2696 1061 2516 1061 2514 1059 2487 1045 2484 1045 2482 1045 2372 1059 2356 1059 2353 1059 2324 1045 2321 1045 2318 1045 2241 1056 2228 1059 2220 1056 2187 1045 2185 1045 2182 1045 2179 1045 2139 1056 2129 1059 2102 1056 2000 1045 1998 1045 1995 1045 1973 1056 1965 1059 1925 1056 1824 1045 1821 1045 1818 1045 1794 1053 1784 1059 1770 1053 1749 1045 1746 1045 1743 1045 1741 1045 1717 1053 1703 1059 1620 1053 1495 1045 1492 1045 1457 1053 1430 1059 1412 1053 1390 1045 1388 1045 1385 1045 1267 1051 1134 1059 1080 1051 1043 1045 1040 1045 1037 1045 1027 1051 1008 1059 414 1048 414 1104"/></Shape>
	    <String CONTENT="le besoin de pouvoir rouler à bycyclette, puisque il n’y avait pas de voies terrestres carrossables"
                    HPOS="414"
                    VPOS="1045"
                    WIDTH="2405"
                    HEIGHT="83"></String>
          </TextLine>

          
          
          <TextLine ID="eSc_line_7d950c93"
                    TAGREFS="LT2522"
                    BASELINE="419 1176 2886 1184" 
                    HPOS="419"
                    VPOS="1112"
                    WIDTH="2467"
                    HEIGHT="118">
            <Shape><Polygon POINTS="419 1176 419 1211 644 1203 682 1214 722 1224 724 1224 727 1227 976 1227 976 1224 978 1224 1005 1214 1032 1203 1080 1214 1128 1224 1131 1224 1134 1224 1174 1214 1208 1206 1291 1214 1366 1222 1369 1222 1409 1214 1457 1206 2059 1206 2118 1216 2190 1230 2193 1230 2195 1230 2230 1216 2246 1211 2262 1216 2302 1230 2305 1230 2308 1230 2458 1216 2559 1208 2613 1216 2642 1222 2645 1222 2647 1222 2650 1222 2656 1216 2669 1208 2680 1216 2698 1230 2701 1230 2704 1230 2706 1230 2883 1216 2886 1184 2880 1117 2741 1131 2605 1117 2591 1117 2589 1117 2586 1117 2583 1117 2551 1133 2476 1123 2474 1123 2471 1123 2468 1123 2450 1136 2318 1120 2297 1117 2294 1117 2292 1117 2289 1117 2286 1120 2257 1139 2115 1139 2035 1120 2000 1115 1998 1115 1955 1120 1883 1136 1719 1136 1701 1123 1690 1115 1687 1115 1685 1115 1682 1115 1636 1123 1596 1131 1575 1123 1554 1115 1551 1115 1548 1115 1497 1123 1447 1133 1425 1125 1404 1115 1401 1115 1398 1115 1353 1125 1334 1128 1321 1125 1289 1115 1286 1115 1283 1115 1281 1115 1259 1125 1241 1133 1171 1125 1059 1112 1056 1112 1053 1112 1021 1125 1011 1131 1000 1125 960 1112 957 1112 954 1112 952 1112 949 1112 928 1128 917 1133 759 1133 751 1128 722 1115 719 1115 716 1115 714 1115 682 1128 674 1131 663 1128 617 1115 615 1115 612 1115 540 1128 518 1112 516 1112 513 1112 510 1112 419 1128 419 1176"/></Shape>
	    <String CONTENT="... Et c’est pourquoi, j’avais appris des notions de battelerie, mais aussi de mecanique, de forge et de sténo (page 21)"
                    HPOS="419"
                    VPOS="1112"
                    WIDTH="2467"
                    HEIGHT="118"></String>
          </TextLine>

          
          
          <TextLine ID="eSc_line_19ad215a"
                    TAGREFS="LT2522"
                    BASELINE="438 1259 2859 1267" 
                    HPOS="435"
                    VPOS="1206"
                    WIDTH="2424"
                    HEIGHT="101">
            <Shape><Polygon POINTS="438 1259 435 1297 1281 1305 1283 1305 1286 1305 1307 1294 1315 1291 1337 1294 1388 1305 1390 1305 1393 1305 1396 1305 1409 1294 1420 1289 1473 1294 1543 1302 1545 1302 1548 1302 1578 1294 1602 1289 2035 1289 2059 1291 2131 1307 2134 1307 2137 1307 2177 1291 2182 1291 2206 1291 2415 1307 2417 1307 2420 1307 2423 1307 2444 1291 2447 1291 2682 1291 2685 1291 2757 1307 2760 1307 2856 1289 2859 1267 2856 1211 438 1206 438 1259"/></Shape>
	    <String CONTENT="ET LE PERMIS DE ROULER ? Je suis déjà célebre grace aux esperantistes, qui avaient mobilisé"
                    HPOS="435"
                    VPOS="1206"
                    WIDTH="2424"
                    HEIGHT="101"></String>
          </TextLine>

          
          
          <TextLine ID="eSc_line_91028883"
                    TAGREFS="LT2522"
                    BASELINE="406 1339 2856 1345" 
                    HPOS="406"
                    VPOS="1278"
                    WIDTH="2450"
                    HEIGHT="93">
            <Shape><Polygon POINTS="2851 1286 1971 1297 1939 1283 1936 1283 1933 1283 1931 1283 1899 1297 1845 1283 1842 1283 1840 1283 1703 1297 1634 1281 1628 1281 1626 1281 1618 1281 1543 1294 1505 1281 1503 1281 1500 1281 1487 1281 1321 1294 1299 1281 1297 1281 1294 1281 1104 1281 1093 1281 1091 1281 1088 1281 1085 1281 1064 1297 831 1297 684 1281 682 1281 679 1281 676 1281 655 1297 462 1297 409 1278 406 1339 406 1371 2853 1369 2856 1345 2851 1286"/></Shape>
	    <String CONTENT="la presse locale. Mademoiselle KISSILOVA, esperantiste réussit à convaincre les autoritéd locales TATARES"
                    HPOS="406"
                    VPOS="1278"
                    WIDTH="2450"
                    HEIGHT="93"></String>
          </TextLine>

          
          
          <TextLine ID="eSc_line_8ee2596b"
                    TAGREFS="LT2522"
                    BASELINE="406 1422 2762 1417" 
                    HPOS="403"
                    VPOS="1355"
                    WIDTH="2359"
                    HEIGHT="99">
            <Shape><Polygon POINTS="406 1422 406 1454 2760 1444 2762 1417 2757 1374 2228 1374 2222 1369 2201 1355 2198 1355 2195 1355 2193 1355 2115 1369 2099 1371 2083 1369 2024 1355 1832 1355 1829 1355 1826 1355 1824 1355 1808 1366 1800 1371 1735 1366 1583 1355 1580 1355 1578 1355 1537 1366 1513 1371 1500 1366 1481 1358 1479 1358 1476 1358 1473 1358 1471 1358 1463 1366 1449 1374 1417 1366 1390 1358 1388 1358 1385 1358 1321 1363 1235 1374 1190 1363 1160 1358 1158 1358 1155 1358 1139 1363 1107 1374 1043 1363 1011 1358 1008 1358 1005 1358 989 1363 949 1374 403 1361 406 1422"/></Shape>
	    <String CONTENT="de m’accorder un permis de rouler sur les rails- valable sur le territoire de la REPUBLIQUE TATARE."
                    HPOS="403"
                    VPOS="1355"
                    WIDTH="2359"
                    HEIGHT="99"></String>
          </TextLine>

          
          
          <TextLine ID="eSc_line_1c3e2675"
                    TAGREFS="LT2522"
                    BASELINE="403 1580 2832 1575" 
                    HPOS="401"
                    VPOS="1503"
                    WIDTH="2431"
                    HEIGHT="112">
            <Shape><Polygon POINTS="403 1580 403 1615 2829 1612 2832 1575 2827 1516 2696 1503 2693 1503 2690 1503 2688 1503 2672 1513 2653 1527 2634 1513 2631 1511 2629 1511 2626 1511 2623 1511 2621 1511 2618 1511 2613 1513 2589 1529 2492 1529 2466 1513 2450 1505 2447 1505 2444 1505 2407 1513 2351 1527 2262 1513 2209 1505 2206 1505 2203 1505 2179 1513 2134 1527 2054 1513 1998 1503 1995 1503 1933 1511 1837 1527 1765 1511 1746 1508 1743 1508 1741 1508 1730 1511 1685 1527 1623 1511 1620 1511 1618 1511 1615 1511 1612 1511 1610 1511 1543 1532 986 1532 917 1513 914 1513 912 1513 767 1527 684 1508 671 1505 668 1505 666 1505 657 1508 620 1521 401 1508 403 1580"/></Shape>
	    <String CONTENT="DÉPART DE KAZAN ET PREMIER ACCIDENT. Je suis photographié par le journal local"
                    HPOS="401"
                    VPOS="1503"
                    WIDTH="2431"
                    HEIGHT="112"></String>
          </TextLine>

          
          
          <TextLine ID="eSc_line_cde9f0da"
                    TAGREFS="LT2522"
                    BASELINE="403 1658 2872 1663" 
                    HPOS="401"
                    VPOS="1593"
                    WIDTH="2471"
                    HEIGHT="110">
            <Shape><Polygon POINTS="401 1676 505 1679 534 1698 537 1698 540 1698 542 1698 623 1684 1051 1698 1053 1698 1246 1684 1291 1682 1310 1684 1377 1698 1380 1698 1505 1687 1562 1682 1810 1682 1821 1690 1845 1700 1848 1700 1850 1700 2067 1690 2206 1684 2252 1692 2302 1700 2305 1703 2450 1703 2450 1700 2452 1700 2455 1700 2466 1692 2482 1684 2867 1695 2872 1663 2867 1599 2771 1615 2704 1599 2701 1599 2698 1599 2696 1599 2634 1618 2434 1618 2399 1599 2396 1599 2393 1599 2391 1599 2388 1599 2361 1615 2286 1601 2284 1601 2179 1615 2059 1599 2056 1599 2054 1599 2051 1599 2027 1615 1866 1601 1864 1601 1861 1601 1813 1615 1776 1599 1773 1599 1770 1599 1669 1615 1642 1596 1639 1596 1636 1596 1634 1596 1631 1596 1628 1596 1604 1612 1500 1596 1497 1596 1495 1596 1428 1612 1294 1596 1291 1596 1289 1596 1286 1596 1259 1612 1126 1599 1123 1599 1027 1612 1003 1596 1000 1596 997 1596 649 1596 647 1596 468 1612 406 1593 403 1658 401 1676"/></Shape>
	    <String CONTENT="et avec cette photo je fais éditer des milliers de cartes que je distribue et vends, en cours de route"
                    HPOS="401"
                    VPOS="1593"
                    WIDTH="2471"
                    HEIGHT="110"></String>
          </TextLine>

          
          
          <TextLine ID="eSc_line_363843c8"
                    TAGREFS="LT2522"
                    BASELINE="452 1730 2811 1738" 
                    HPOS="449"
                    VPOS="1668"
                    WIDTH="2362"
                    HEIGHT="118">
            <Shape><Polygon POINTS="452 1730 449 1759 559 1775 561 1775 652 1762 655 1762 663 1762 858 1773 861 1773 863 1773 866 1773 879 1762 888 1759 1225 1759 1249 1762 1310 1775 1313 1775 1315 1775 1358 1765 1369 1762 1709 1762 1719 1765 1759 1781 1762 1781 1765 1783 1915 1783 1915 1781 1917 1781 1965 1765 1981 1762 1998 1765 2067 1783 2070 1783 2072 1786 2321 1786 2321 1783 2439 1767 2466 1765 2495 1767 2613 1781 2615 1781 2685 1767 2693 1767 2696 1767 2728 1783 2730 1783 2733 1783 2808 1767 2811 1738 2811 1695 2776 1676 2773 1676 2664 1676 2661 1676 2658 1676 2626 1692 2621 1695 2607 1692 2530 1676 2527 1676 2458 1690 2434 1695 2399 1690 2343 1682 2340 1682 2337 1682 2318 1690 2302 1698 2083 1698 2070 1687 2056 1676 2054 1676 2051 1676 2048 1676 2046 1676 2024 1684 2006 1695 1896 1695 1869 1684 1840 1674 1837 1674 1834 1674 1743 1682 1669 1690 1578 1682 1508 1674 1505 1674 1503 1674 1481 1679 1433 1695 1361 1695 1337 1676 1334 1676 1332 1676 1329 1676 1326 1676 1323 1676 1289 1692 1225 1676 1198 1671 1195 1671 1192 1671 1179 1676 1144 1690 1064 1674 1040 1671 1037 1671 1035 1671 1027 1674 997 1692 882 1692 813 1671 810 1671 807 1671 805 1671 802 1671 799 1671 770 1692 580 1692 452 1668 452 1730"/></Shape>
	    <String CONTENT="Premier accident au bout de 25 à 30 kilomètres. Ces forgerons des campagnes sont de veritables"
                    HPOS="449"
                    VPOS="1668"
                    WIDTH="2362"
                    HEIGHT="118"></String>
          </TextLine>

          
          
          <TextLine ID="eSc_line_b0c60ba9"
                    TAGREFS="LT2522"
                    BASELINE="406 1826 1832 1818" 
                    HPOS="403"
                    VPOS="1754"
                    WIDTH="1429"
                    HEIGHT="115">
            <Shape><Polygon POINTS="406 1826 409 1869 505 1845 550 1866 553 1866 556 1869 615 1869 615 1866 617 1866 620 1866 652 1845 682 1866 684 1866 687 1866 690 1869 879 1869 879 1866 882 1866 885 1866 890 1861 920 1845 986 1861 995 1861 997 1861 1008 1861 1096 1842 1190 1856 1206 1858 1208 1858 1211 1858 1214 1858 1214 1856 1230 1842 1262 1856 1265 1856 1267 1856 1270 1856 1273 1856 1289 1842 1826 1845 1832 1818 1826 1775 1460 1775 1457 1773 1436 1754 1433 1754 1430 1754 1428 1754 1425 1754 1356 1773 1342 1775 1334 1773 1299 1754 1297 1754 1294 1754 1291 1754 1254 1773 1246 1778 1158 1778 1150 1773 1118 1757 1115 1757 1112 1757 1110 1757 1107 1757 1083 1770 1061 1754 1059 1754 1056 1754 1013 1754 1011 1754 1008 1754 1005 1754 1005 1757 989 1770 984 1775 970 1770 914 1754 912 1754 909 1754 805 1759 802 1759 799 1759 799 1762 789 1770 781 1781 708 1781 700 1770 687 1759 687 1757 684 1757 682 1757 679 1757 403 1767 406 1826"/></Shape>
	    <String CONTENT="prestidigitateurs professionnels, et ce dans TOUS LES PAYS."
                    HPOS="403"
                    VPOS="1754"
                    WIDTH="1429"
                    HEIGHT="115"></String>
          </TextLine>

          
          
          <TextLine ID="eSc_line_2ab7a522"
                    TAGREFS="LT2522"
                    BASELINE="417 1971 2864 1984" 
                    HPOS="414"
                    VPOS="1909"
                    WIDTH="2450"
                    HEIGHT="112">
            <Shape><Polygon POINTS="417 1971 414 2013 1150 2019 1152 2019 1155 2019 1171 2013 1200 2000 1323 2000 1366 2011 1382 2016 1385 2016 1388 2016 1452 2011 1556 2003 1618 2011 1695 2021 1698 2021 1701 2021 1725 2011 1743 2003 1877 2003 1907 2011 1931 2016 1933 2016 1936 2016 2043 2011 2113 2005 2126 2008 2158 2021 2161 2021 2163 2021 2270 2008 2305 2005 2321 2008 2372 2021 2375 2021 2377 2021 2380 2021 2412 2008 2434 2021 2436 2021 2439 2021 2442 2021 2444 2021 2447 2021 2466 2008 2468 2008 2861 2008 2864 1984 2861 1922 2784 1917 2781 1917 2762 1920 2690 1938 2650 1920 2647 1920 2645 1920 2642 1920 2634 1920 2551 1938 2519 1920 2516 1917 2514 1917 2511 1917 2372 1917 2369 1917 2367 1917 2359 1920 2310 1936 2286 1920 2281 1914 2278 1914 2276 1914 2273 1914 2206 1920 2059 1930 1939 1917 1872 1912 1869 1912 1866 1912 1853 1917 1824 1936 1618 1936 1556 1917 1537 1912 1535 1912 1433 1912 1430 1912 1428 1912 1425 1912 1420 1917 1398 1930 1326 1917 1286 1909 1283 1909 1238 1917 1147 1930 417 1914 417 1971"/></Shape>
	    <String CONTENT="PARLONS DE MON APPAREIL. Triangulation rigoureuse des roues-Roulettes profilées comme celles"
                    HPOS="414"
                    VPOS="1909"
                    WIDTH="2450"
                    HEIGHT="112"></String>
          </TextLine>

          
          
          <TextLine ID="eSc_line_cedb6f98"
                    TAGREFS="LT2522"
                    BASELINE="401 2061 2813 2056" 
                    HPOS="398"
                    VPOS="1992"
                    WIDTH="2415"
                    HEIGHT="104">
            <Shape><Polygon POINTS="401 2061 403 2096 446 2083 1540 2094 1554 2094 1556 2094 1559 2094 1618 2080 2808 2091 2813 2056 2811 2011 2768 1992 2765 1992 2583 1992 2581 1992 2578 1992 2538 2008 2532 2011 2516 2008 2417 1992 2415 1992 2305 2008 2281 2011 2268 2008 2220 1992 2217 1992 2214 1992 2134 2008 2107 2011 2083 2008 2000 1992 1826 1992 1824 1992 1821 1992 1818 1992 1800 2005 1797 2008 1789 2005 1749 1992 1746 1992 1743 1992 1741 1992 1738 1992 1719 2005 1711 2011 1685 2005 1626 1992 1623 1992 1503 2003 1457 2008 1425 2003 1369 1995 1366 1995 1364 1995 1348 2003 1329 2013 1310 2003 1294 1995 1291 1995 1289 1995 1286 1995 1265 2003 1238 2016 989 2016 968 2003 960 1995 957 1995 954 1995 952 1995 949 1995 922 2000 871 2013 821 2000 791 1995 789 1995 786 1995 767 2000 730 2013 398 2000 401 2061"/></Shape>
	    <String CONTENT="des WAGONS - et montées sur roulements à billes- Le tout facilement démontable et emballable."
                    HPOS="398"
                    VPOS="1992"
                    WIDTH="2415"
                    HEIGHT="104"></String>
          </TextLine>

          
          
          <TextLine ID="eSc_line_4156deae"
                    TAGREFS="LT2522"
                    BASELINE="403 2139 2891 2139" 
                    HPOS="403"
                    VPOS="2080"
                    WIDTH="2488"
                    HEIGHT="110">
            <Shape><Polygon POINTS="403 2139 403 2166 682 2166 684 2166 708 2182 711 2182 714 2182 716 2182 1024 2166 1045 2166 1088 2187 1091 2187 1093 2187 1168 2171 1366 2187 1369 2187 1487 2166 1500 2166 1738 2166 1746 2168 1808 2187 1810 2187 1813 2187 1976 2171 2022 2187 2024 2187 2027 2190 2327 2190 2327 2187 2329 2187 2375 2168 2383 2166 2399 2168 2455 2179 2458 2179 2559 2168 2573 2168 2575 2168 2618 2187 2621 2187 2623 2187 2706 2168 2725 2166 2741 2168 2805 2187 2808 2187 2811 2187 2891 2168 2891 2139 2891 2096 2773 2080 2771 2080 2650 2094 2647 2094 2642 2094 2439 2080 2436 2080 2294 2094 2281 2096 2059 2096 2056 2094 2038 2080 2035 2080 2032 2080 2030 2080 1963 2094 1955 2096 1471 2096 1457 2091 1406 2080 1404 2080 1283 2091 1251 2094 1243 2091 1214 2080 1211 2080 1208 2080 1206 2080 1168 2091 1158 2094 1096 2091 890 2080 888 2080 403 2088 403 2139"/></Shape>
	    <String CONTENT="Poids net du vélo : 15kg.+ poids appareil 10 kilos + 40 à 50 kg de bagages + mon poids 70 kilos = 135 kg~"
                    HPOS="403"
                    VPOS="2080"
                    WIDTH="2488"
                    HEIGHT="110"></String>
          </TextLine>

          
          
          <TextLine ID="eSc_line_cd9570d9"
                    TAGREFS="LT2522"
                    BASELINE="434 2224 2861 2227" 
                    HPOS="429"
                    VPOS="2154"
                    WIDTH="2431"
                    HEIGHT="104">
            <Shape><Polygon POINTS="433 2222 429 2258 2856 2254 2860 2226 2856 2154 433 2154 433 2222"/></Shape>
	    <String CONTENT="J’y adapterai une voile et pourrait parcourir 150 km par jour en moyenne ; j’ai en permanence un"
                    HPOS="429"
                    VPOS="2154"
                    WIDTH="2431"
                    HEIGHT="104"></String>
          </TextLine>

          
          
          <TextLine ID="eSc_line_91144b63"
                    TAGREFS="LT2522"
                    BASELINE="398 2297 2795 2305" 
                    HPOS="398"
                    VPOS="2235"
                    WIDTH="2397"
                    HEIGHT="99">
            <Shape><Polygon POINTS="398 2297 398 2334 2792 2334 2795 2305 2787 2241 2733 2262 2613 2262 2575 2241 2573 2241 2570 2241 2567 2241 2503 2257 2428 2243 2425 2243 2423 2243 2420 2243 2393 2259 2233 2246 2230 2246 2228 2246 2195 2262 2014 2262 1917 2241 1899 2238 1896 2238 1893 2238 1888 2241 1858 2257 1818 2241 1816 2241 1813 2241 1810 2241 1802 2241 1711 2254 1690 2241 1687 2238 1685 2238 1682 2238 1679 2238 1604 2241 1398 2251 1369 2241 1358 2238 1356 2238 1353 2238 1350 2238 1348 2238 1345 2241 1321 2257 1233 2241 1195 2235 1067 2235 1064 2235 1061 2235 1059 2235 1051 2241 1029 2254 925 2241 888 2238 885 2238 882 2238 879 2238 874 2241 850 2254 398 2243 398 2297"/></Shape>
	    <String CONTENT="fanion rouge par mesure obligatoire de sécurité. Le gros danger ce sont les rails humides, et"
                    HPOS="398"
                    VPOS="2235"
                    WIDTH="2397"
                    HEIGHT="99"></String>
          </TextLine>

          
          
          <TextLine ID="eSc_line_dad224b8"
                    TAGREFS="LT2522"
                    BASELINE="398 2377 2867 2388" 
                    HPOS="395"
                    VPOS="2316"
                    WIDTH="2472"
                    HEIGHT="107">
            <Shape><Polygon POINTS="398 2377 395 2412 652 2401 695 2415 698 2415 700 2415 703 2415 732 2401 789 2417 791 2417 794 2417 797 2417 805 2417 882 2398 995 2417 1016 2420 1019 2420 1035 2417 1104 2401 1238 2401 1275 2417 1278 2417 1281 2417 1291 2417 1575 2401 1794 2417 1797 2417 1800 2417 1832 2404 2107 2404 2166 2420 2177 2423 2179 2423 2182 2423 2201 2420 2268 2407 2861 2420 2867 2388 2864 2340 2573 2324 2570 2324 2567 2324 2543 2337 2540 2337 2538 2337 2498 2324 2495 2324 2492 2324 2249 2334 2238 2334 2236 2334 2193 2321 2190 2321 2187 2321 2126 2334 2123 2334 2118 2334 2072 2321 2070 2321 2067 2321 2064 2321 2014 2334 2006 2334 1992 2334 1893 2321 1891 2321 1888 2321 1853 2332 1845 2334 1832 2332 1757 2321 1754 2321 1751 2321 1719 2332 1709 2334 1473 2334 1468 2332 1444 2318 1441 2318 1439 2318 1270 2329 1227 2332 965 2332 960 2329 944 2316 941 2316 938 2316 936 2316 398 2324 398 2377"/></Shape>
	    <String CONTENT="paradoxalement peut-être, pas la gelée. Un jour sur deux les vents me poussent. Mon passage est"
                    HPOS="395"
                    VPOS="2316"
                    WIDTH="2472"
                    HEIGHT="107"></String>
          </TextLine>

          
          
          <TextLine ID="eSc_line_9b3d4a53"
                    TAGREFS="LT2522"
                    BASELINE="414 2449 2837 2463" 
                    HPOS="414"
                    VPOS="2401"
                    WIDTH="2423"
                    HEIGHT="102">
            <Shape><Polygon POINTS="414 2449 414 2487 807 2481 861 2487 912 2495 914 2495 952 2487 986 2481 1003 2487 1019 2495 1021 2495 1024 2497 1275 2497 1275 2495 1278 2495 1307 2487 1348 2479 1390 2487 1433 2497 1436 2497 1484 2487 1519 2481 1554 2487 1599 2497 1602 2497 1604 2497 1642 2487 1671 2481 1730 2487 1789 2495 1792 2495 1829 2487 1866 2481 1928 2487 2032 2500 2035 2500 2038 2500 2062 2487 2067 2484 2302 2484 2519 2487 2540 2503 2543 2503 2546 2503 2549 2503 2835 2487 2837 2463 2835 2415 414 2401 414 2449"/></Shape>
	    <String CONTENT="signalé minute par minute, par téléphone des garde-voie. [Paradoxalement, même jusqu’au"
                    HPOS="414"
                    VPOS="2401"
                    WIDTH="2423"
                    HEIGHT="102"></String>
          </TextLine>

          
          
          <TextLine ID="eSc_line_40f3528c"
                    TAGREFS="LT2522"
                    BASELINE="411 2540 1698 2535" 
                    HPOS="409"
                    VPOS="2473"
                    WIDTH="1289"
                    HEIGHT="102">
            <Shape><Polygon POINTS="411 2540 411 2575 542 2559 810 2572 813 2572 815 2572 869 2559 917 2572 920 2572 922 2572 928 2572 1056 2559 1693 2567 1698 2535 1687 2473 1610 2492 1537 2473 1529 2473 1527 2473 1524 2473 1521 2473 1489 2492 1436 2476 1428 2473 1425 2473 1422 2473 1401 2476 1340 2487 1297 2476 1275 2473 1273 2473 1270 2473 1267 2473 1267 2476 1265 2479 1246 2495 1187 2495 1174 2479 1168 2476 1168 2473 1166 2473 1163 2473 1160 2473 1120 2479 1032 2495 981 2481 960 2476 957 2476 954 2476 909 2481 855 2489 845 2484 834 2476 831 2476 829 2476 826 2476 823 2476 821 2476 821 2479 815 2484 802 2495 740 2484 719 2481 716 2481 692 2484 633 2495 620 2487 609 2479 607 2479 604 2479 601 2479 599 2479 596 2479 596 2481 591 2487 580 2497 505 2497 494 2487 481 2476 478 2476 476 2476 473 2476 409 2487 411 2540"/></Shape>
	    <String CONTENT="Japon – je vais bientôt en administrer les preuves]"
                    HPOS="409"
                    VPOS="2473"
                    WIDTH="1289"
                    HEIGHT="102"></String>
          </TextLine>

          
          
          <TextLine ID="eSc_line_670e3d6f"
                    TAGREFS="LT2522"
                    BASELINE="449 2607 2851 2615" 
                    HPOS="446"
                    VPOS="2548"
                    WIDTH="2405"
                    HEIGHT="105">
            <Shape><Polygon POINTS="449 2607 446 2634 722 2650 724 2650 1208 2639 1291 2653 1294 2653 2848 2642 2851 2615 2848 2559 449 2548 449 2607"/></Shape>
	    <String CONTENT="Le Transsibérien’a été construit par des techniciens français avec des capitaux français, dont le"
                    HPOS="446"
                    VPOS="2548"
                    WIDTH="2405"
                    HEIGHT="105"></String>
          </TextLine>

          
          
          <TextLine ID="eSc_line_03fb72e3"
                    TAGREFS="LT2522"
                    BASELINE="403 2693 2840 2698" 
                    HPOS="403"
                    VPOS="2628"
                    WIDTH="2437"
                    HEIGHT="115">
            <Shape><Polygon POINTS="403 2693 403 2719 740 2719 748 2722 778 2741 781 2741 783 2741 786 2743 866 2743 866 2741 869 2741 904 2725 912 2719 933 2725 1016 2741 1019 2743 1192 2743 1192 2741 1195 2741 1198 2741 1222 2725 1235 2719 1559 2722 1570 2727 1618 2743 1620 2743 1623 2743 1741 2727 1792 2722 1829 2727 1909 2743 1912 2743 1915 2743 1963 2730 1987 2722 2006 2730 2038 2743 2040 2743 2043 2743 2179 2730 2273 2722 2546 2722 2567 2733 2589 2743 2591 2743 2594 2743 2837 2733 2840 2698 2835 2639 2139 2650 2083 2637 2054 2631 2051 2631 2048 2631 2046 2631 2038 2637 2027 2645 1960 2637 1928 2634 1925 2634 1923 2634 1912 2637 1874 2650 1850 2637 1848 2634 1845 2634 1842 2634 1840 2634 1837 2634 1832 2637 1802 2653 1709 2653 1655 2637 1623 2628 1620 2628 1372 2628 1369 2628 1366 2628 1364 2628 1353 2637 1337 2647 1275 2637 1230 2628 1227 2628 1225 2628 1206 2637 1179 2647 1136 2637 1107 2628 1104 2628 1101 2628 1067 2637 1013 2647 917 2637 893 2634 890 2634 888 2634 879 2637 847 2645 821 2637 799 2628 797 2628 794 2628 791 2628 772 2637 743 2647 724 2637 716 2628 714 2628 711 2628 708 2628 706 2628 690 2637 666 2647 628 2637 604 2628 601 2628 599 2628 403 2634 403 2693"/></Shape>
	    <String CONTENT="contentieu est toujours en litige dans les relations franco-sovietique. [ LIRE DIGRESSION MF N°(17)"
                    HPOS="403"
                    VPOS="2628"
                    WIDTH="2437"
                    HEIGHT="115"></String>
          </TextLine>

          
          
          <TextLine ID="eSc_line_5c48d457"
                    TAGREFS="LT2522"
                    BASELINE="409 2848 2864 2858" 
                    HPOS="409"
                    VPOS="2752"
                    WIDTH="2455"
                    HEIGHT="139">
            <Shape><Polygon POINTS="409 2848 409 2891 2861 2888 2864 2858 2861 2802 2771 2784 2768 2784 2765 2784 2762 2784 2738 2800 2714 2813 2610 2797 2532 2784 2530 2784 2482 2794 2391 2813 2177 2800 2174 2800 2105 2810 2011 2784 1928 2760 1925 2760 1441 2757 1439 2757 1436 2757 1433 2757 1412 2770 1364 2802 1345 2789 1342 2789 1340 2789 1337 2789 1334 2789 1299 2808 1139 2808 1048 2781 1045 2781 1043 2781 1040 2781 1000 2802 797 2805 775 2792 772 2792 770 2792 767 2792 679 2805 518 2754 516 2754 409 2752 409 2848"/></Shape>
	    <String CONTENT="DEUXIEME TRES GRAVE ACCIDENT lundi 1er Juillet 1929, ai 100 km avant d’arriver dans"
                    HPOS="409"
                    VPOS="2752"
                    WIDTH="2455"
                    HEIGHT="139"></String>
          </TextLine>

          
          
          <TextLine ID="eSc_line_1a4258bf"
                    TAGREFS="LT2523"
                    BASELINE="2083 2781 2303 2778" 
                    HPOS="2078"
                    VPOS="2715"
                    WIDTH="224"
                    HEIGHT="109">
            <Shape><Polygon POINTS="2082 2824 2298 2824 2302 2776 2290 2715 2078 2715 2082 2780"/></Shape>
	    <String CONTENT="p. 25]"
                    HPOS="2078"
                    VPOS="2715"
                    WIDTH="224"
                    HEIGHT="109"></String>
          </TextLine>

          
          
          <TextLine ID="eSc_line_e12cf675"
                    TAGREFS="LT2522"
                    BASELINE="403 2939 2853 2931" 
                    HPOS="401"
                    VPOS="2869"
                    WIDTH="2452"
                    HEIGHT="107">
            <Shape><Polygon POINTS="403 2939 406 2976 462 2963 2848 2965 2853 2931 2848 2885 2706 2872 2704 2872 2701 2872 2698 2872 2682 2883 2672 2891 2498 2891 2466 2883 2375 2869 2372 2869 2302 2883 2276 2891 2107 2891 2088 2883 2040 2869 2038 2869 2035 2869 2032 2869 1987 2883 1957 2893 1778 2893 1757 2883 1730 2872 1727 2872 1725 2872 1620 2883 1567 2888 1516 2883 1428 2872 1425 2872 1422 2872 1401 2883 1385 2891 1315 2883 1286 2880 1283 2880 1267 2883 1214 2893 1093 2883 1008 2875 1005 2875 1003 2875 1000 2875 989 2883 973 2893 925 2883 890 2875 888 2875 885 2875 861 2883 829 2891 791 2883 762 2875 759 2875 756 2875 754 2875 735 2883 708 2891 684 2883 663 2875 660 2875 564 2875 561 2875 559 2875 540 2883 510 2893 473 2883 452 2875 449 2875 446 2875 401 2880 403 2939"/></Shape>
	    <String CONTENT="la capitale de l’Oural SVERDLOVSK eks EKATERINBOURG - Un ancien soldat Russe en FRANCE"
                    HPOS="401"
                    VPOS="2869"
                    WIDTH="2452"
                    HEIGHT="107"></String>
          </TextLine>

          
          
          <TextLine ID="eSc_line_d61dcda3"
                    TAGREFS="LT2522"
                    BASELINE="398 3016 1417 3008 2821 3019" 
                    HPOS="398"
                    VPOS="2952"
                    WIDTH="2423"
                    HEIGHT="94">
            <Shape><Polygon POINTS="398 3016 398 3046 2819 3043 2821 3019 2813 2955 2746 2971 2228 2955 2225 2955 2222 2955 2161 2971 2121 2955 2118 2955 2115 2955 2113 2955 2110 2955 2086 2973 1888 2973 1776 2955 1773 2955 1671 2971 1639 2952 1636 2952 1634 2952 1631 2952 1599 2952 1291 2965 1013 2952 1000 2952 997 2952 995 2952 992 2952 965 2971 842 2971 807 2952 805 2952 802 2952 799 2952 767 2965 738 2955 735 2955 732 2955 550 2968 398 2952 398 3016"/></Shape>
	    <String CONTENT="de la guerre 14-18. me conduit chez un forgeron, pour réparer mon appareil- La rue devant cet"
                    HPOS="398"
                    VPOS="2952"
                    WIDTH="2423"
                    HEIGHT="94"></String>
          </TextLine>

          
          
          <TextLine ID="eSc_line_7f5bb4c3"
                    TAGREFS="LT2522"
                    BASELINE="393 3099 2650 3091" 
                    HPOS="390"
                    VPOS="3022"
                    WIDTH="2260"
                    HEIGHT="120">
            <Shape><Polygon POINTS="393 3099 393 3137 735 3126 764 3134 786 3142 789 3142 791 3142 794 3142 797 3142 807 3134 821 3126 871 3134 912 3139 914 3139 968 3134 1027 3126 1048 3131 1075 3142 1077 3142 1080 3142 1377 3139 1380 3139 1382 3139 1396 3129 1406 3123 1500 3123 1532 3129 1596 3139 1599 3139 1711 3126 1749 3123 1773 3126 1850 3139 1853 3139 1856 3139 1888 3126 1896 3121 1907 3126 1931 3137 1933 3137 1936 3137 1939 3137 1981 3123 1998 3121 2011 3123 2043 3137 2046 3137 2048 3139 2297 3139 2297 3137 2300 3137 2337 3123 2463 3137 2466 3137 2535 3123 2570 3137 2573 3137 2575 3137 2650 3118 2650 3091 2642 3035 2011 3043 2000 3038 1987 3030 1984 3030 1981 3030 1979 3030 1976 3030 1949 3038 1936 3043 1928 3038 1893 3022 1891 3022 1888 3022 1655 3030 1652 3030 1623 3040 1607 3046 1594 3040 1543 3024 1540 3024 1302 3024 1299 3024 1297 3024 1294 3024 1270 3043 1267 3046 1251 3043 1187 3032 1184 3032 1182 3032 1134 3046 1118 3048 1112 3046 1091 3027 1088 3027 1085 3027 1083 3027 989 3046 984 3046 949 3027 946 3027 944 3027 869 3043 805 3027 802 3027 799 3027 663 3048 652 3048 649 3048 617 3027 615 3027 612 3027 545 3027 542 3027 390 3048 393 3099"/></Shape>
	    <String CONTENT="artisan se remplie de Badaud, il fallut disperser la foule, à coup de sceaux d’eau."
                    HPOS="390"
                    VPOS="3022"
                    WIDTH="2260"
                    HEIGHT="120"></String>
          </TextLine>

          
          
          <TextLine ID="eSc_line_732943d0"
                    TAGREFS="LT2522"
                    BASELINE="417 3257 2784 3252" 
                    HPOS="414"
                    VPOS="3171"
                    WIDTH="2370"
                    HEIGHT="115">
            <Shape><Polygon POINTS="417 3257 417 3286 2781 3286 2784 3252 2779 3203 2701 3187 2698 3187 2696 3187 2664 3201 2664 3203 2302 3203 2284 3198 2238 3187 2236 3187 2233 3187 2206 3195 2201 3198 2195 3195 2150 3171 2147 3171 2145 3171 2142 3171 2083 3195 2075 3198 2051 3195 1901 3171 1899 3171 1896 3171 1893 3171 1861 3193 1848 3203 1661 3203 1639 3190 1615 3179 1612 3179 1610 3179 1559 3190 1529 3195 1505 3190 1452 3174 1449 3174 1179 3174 1176 3174 1174 3174 1150 3185 1131 3195 1110 3185 1091 3177 1088 3177 1085 3177 1083 3177 1056 3185 1029 3193 1000 3185 976 3177 973 3177 970 3177 968 3177 965 3177 957 3185 928 3203 866 3203 781 3182 743 3174 740 3174 738 3174 722 3182 679 3203 607 3179 596 3177 593 3177 591 3177 588 3177 580 3179 526 3203 484 3179 478 3174 476 3174 473 3174 470 3174 414 3177 417 3257"/></Shape>
	    <String CONTENT="Les locomotives sont chauffées au bois. Cette region fut et reste une zone de maquis."
                    HPOS="414"
                    VPOS="3171"
                    WIDTH="2370"
                    HEIGHT="115"></String>
          </TextLine>

          
          
          <TextLine ID="eSc_line_981ccda8"
                    TAGREFS="LT2522"
                    BASELINE="414 3324 2886 3333" 
                    HPOS="409"
                    VPOS="3257"
                    WIDTH="2475"
                    HEIGHT="104">
            <Shape><Polygon POINTS="413 3321 409 3353 2876 3361 2884 3329 2880 3257 413 3261 413 3321"/></Shape>
	    <String CONTENT="Les ouvrages d’art et les trains sont gardés militairement- C’est ici a SVERDLOVSK que"
                    HPOS="409"
                    VPOS="3257"
                    WIDTH="2475"
                    HEIGHT="104"></String>
          </TextLine>

          
          
          <TextLine ID="eSc_line_e3bb8653"
                    TAGREFS="LT2522"
                    BASELINE="403 3409 2760 3399" 
                    HPOS="401"
                    VPOS="3337"
                    WIDTH="2359"
                    HEIGHT="118">
            <Shape><Polygon POINTS="403 3409 403 3455 2757 3444 2760 3399 2757 3356 2696 3337 2693 3337 2690 3337 2597 3353 2597 3356 2479 3356 2476 3353 2444 3337 2442 3337 2439 3337 2436 3337 2434 3337 2412 3353 2409 3353 2393 3353 2030 3340 2027 3340 2024 3340 1992 3353 1979 3356 1965 3353 1923 3340 1920 3340 1917 3340 1915 3340 1872 3351 1856 3356 1845 3351 1821 3340 1818 3340 1816 3340 1813 3340 1810 3340 1792 3351 1781 3359 1545 3359 401 3348 403 3409"/></Shape>
	    <String CONTENT="fut éxécutée la famille TZARISTE. anniversaire de la libération regionale. Tous les"
                    HPOS="401"
                    VPOS="3337"
                    WIDTH="2359"
                    HEIGHT="118"></String>
          </TextLine>

          
          
          <TextLine ID="eSc_line_64991cde"
                    TAGREFS="LT2522"
                    BASELINE="401 3490 2728 3490" 
                    HPOS="401"
                    VPOS="3447"
                    WIDTH="2327"
                    HEIGHT="85">
            <Shape><Polygon POINTS="401 3490 403 3532 454 3516 636 3532 641 3532 644 3532 647 3532 698 3519 1342 3532 1356 3532 1358 3532 1361 3532 1401 3516 2725 3532 2728 3490 2728 3447 401 3447 401 3490"/></Shape>
	    <String CONTENT="villages sont en liesse. JE TRAVERSE UN VILLAGE dans LEQUEL la population"
                    HPOS="401"
                    VPOS="3447"
                    WIDTH="2327"
                    HEIGHT="85"></String>
          </TextLine>

          
          
          <TextLine ID="eSc_line_220eef39"
                    TAGREFS="LT2522"
                    BASELINE="398 3573 2511 3565" 
                    HPOS="395"
                    VPOS="3503"
                    WIDTH="2116"
                    HEIGHT="120">
            <Shape><Polygon POINTS="398 3573 398 3607 617 3607 628 3607 695 3623 698 3623 781 3610 2508 3610 2511 3565 2506 3524 2396 3524 2396 3522 2372 3503 2369 3503 2367 3503 1858 3503 1856 3503 1853 3503 1810 3522 1800 3524 395 3519 398 3573"/></Shape>
	    <String CONTENT="entiere GIT IVRE MORTE SUR L’UNIQUE RUE. Quel spectacle édifiant"
                    HPOS="395"
                    VPOS="3503"
                    WIDTH="2116"
                    HEIGHT="120"></String>
          </TextLine>

          
          
          <TextLine ID="eSc_line_42fcb2c4"
                    TAGREFS="LT2522"
                    BASELINE="414 3736 2792 3730" 
                    HPOS="411"
                    VPOS="3666"
                    WIDTH="2381"
                    HEIGHT="96">
            <Shape><Polygon POINTS="414 3736 414 3762 2789 3760 2792 3730 2787 3685 2503 3685 2500 3682 2466 3666 2463 3666 2460 3666 2458 3666 2428 3682 2425 3682 2417 3682 2356 3669 2353 3669 2294 3680 2281 3685 1880 3685 1842 3680 1749 3666 1746 3666 1674 3677 1642 3682 1631 3677 1610 3666 1607 3666 1604 3666 1430 3669 1428 3669 1409 3677 1385 3685 1254 3674 1166 3669 1163 3669 1115 3674 1032 3685 992 3674 976 3669 973 3669 901 3669 898 3669 896 3669 893 3669 888 3674 871 3685 778 3672 746 3669 743 3669 722 3672 649 3685 411 3672 414 3736"/></Shape>
	    <String CONTENT="L’ÉXECUTION DU TZAR NIKOLAS 2 ET DE SA FAMILLE Exécuté sur ordre"
                    HPOS="411"
                    VPOS="3666"
                    WIDTH="2381"
                    HEIGHT="96"></String>
          </TextLine>

          
          
          <TextLine ID="eSc_line_acad079d"
                    TAGREFS="LT2522"
                    BASELINE="406 3813 2856 3805" 
                    HPOS="403"
                    VPOS="3736"
                    WIDTH="2453"
                    HEIGHT="117">
            <Shape><Polygon POINTS="406 3813 406 3840 1128 3853 1131 3853 1134 3853 1152 3843 1163 3837 1610 3837 1845 3845 1981 3851 1984 3851 2027 3845 2113 3837 2343 3848 2375 3848 2377 3848 2380 3848 2383 3848 2404 3835 2434 3848 2436 3848 2439 3848 2442 3851 2853 3851 2856 3805 2851 3757 2773 3741 2771 3741 2768 3741 2765 3741 2744 3754 2744 3757 2583 3757 2581 3754 2492 3736 2490 3736 2487 3736 2439 3754 2436 3757 2035 3757 2019 3754 1957 3736 1955 3736 1952 3736 403 3746 406 3813"/></Shape>
	    <String CONTENT="des autorites locales parce que la ville etait encerclee par les &quot;BLANCS&quot;. Ceux-ci effectivement s’en"
                    HPOS="403"
                    VPOS="3736"
                    WIDTH="2453"
                    HEIGHT="117"></String>
          </TextLine>

          
          
          <TextLine ID="eSc_line_cbddcca3"
                    TAGREFS="LT2522"
                    BASELINE="393 3893 2899 3893" 
                    HPOS="393"
                    VPOS="3829"
                    WIDTH="2506"
                    HEIGHT="99">
            <Shape><Polygon POINTS="393 3893 393 3920 2896 3928 2899 3893 2899 3829 2380 3829 2377 3829 2375 3829 2364 3832 2316 3845 2292 3832 2289 3829 2286 3829 2284 3829 2281 3829 2252 3832 2169 3848 1634 3848 1615 3837 1604 3832 1602 3832 1599 3832 1562 3837 1519 3845 1481 3837 1430 3829 1428 3829 1425 3829 1393 3840 1372 3845 1358 3840 1334 3829 1332 3829 1329 3829 1326 3829 1323 3829 1307 3840 1297 3848 1085 3848 1061 3843 997 3829 995 3829 992 3829 965 3843 957 3848 837 3848 831 3843 810 3829 807 3829 805 3829 575 3829 572 3829 569 3829 567 3829 540 3845 537 3848 393 3848 393 3893"/></Shape>
	    <String CONTENT="emparerent le lendemain, et y commirent des REPRESAILLES TERRIBLES (manifold Esperanto N°10 p.81-]"
                    HPOS="393"
                    VPOS="3829"
                    WIDTH="2506"
                    HEIGHT="99"></String>
          </TextLine>

          
          
          <TextLine ID="eSc_line_bacd0fb0"
                    TAGREFS="LT2522"
                    BASELINE="409 3966 2610 3971" 
                    HPOS="406"
                    VPOS="3902"
                    WIDTH="2204"
                    HEIGHT="112">
            <Shape><Polygon POINTS="409 3966 406 3990 508 4008 510 4008 1144 3998 1382 3995 1444 4000 1537 4011 1540 4011 1626 4003 1679 3998 1701 4003 1725 4011 1727 4011 1730 4014 2327 4014 2327 4011 2329 4011 2332 4008 2356 3998 2605 4011 2610 3971 2607 3915 2417 3904 2415 3904 2412 3904 2409 3904 2399 3912 2383 3926 2310 3926 2284 3912 2270 3907 2268 3907 2265 3907 2262 3907 2246 3912 2220 3926 2190 3912 2169 3904 2166 3904 2163 3904 2161 3904 2129 3912 2110 3918 2086 3912 2043 3904 2040 3904 2038 3904 2035 3904 2024 3912 2003 3928 1960 3928 1928 3912 1915 3907 1912 3907 1794 3904 1792 3904 1789 3904 1757 3912 1703 3926 1607 3912 1596 3912 1594 3912 1591 3912 1588 3912 1551 3926 1527 3912 1511 3902 1508 3902 1505 3902 1503 3902 1500 3902 1476 3912 1449 3923 1422 3912 1396 3902 1393 3902 1390 3902 1388 3902 1350 3912 1310 3926 1222 3926 1192 3912 1166 3902 1163 3902 1160 3902 1158 3902 1134 3912 1104 3923 1075 3912 1048 3902 1045 3902 1043 3902 1040 3902 1013 3912 1003 3915 968 3912 879 3902 877 3902 874 3902 871 3902 861 3912 842 3923 409 3912 409 3966"/></Shape>
	    <String CONTENT="( Sur ce même manifold, lire la narration d’une course folle entre voleurs et volés)"
                    HPOS="406"
                    VPOS="3902"
                    WIDTH="2204"
                    HEIGHT="112"></String>
          </TextLine>

          
          
          <TextLine ID="eSc_line_5a7e672e"
                    TAGREFS="LT2522"
                    BASELINE="411 4123 2859 4129" 
                    HPOS="409"
                    VPOS="4049"
                    WIDTH="2450"
                    HEIGHT="131">
            <Shape><Polygon POINTS="411 4123 409 4169 2276 4180 2278 4180 2856 4161 2859 4129 2856 4051 2575 4051 2573 4051 2570 4051 2567 4051 2532 4070 2466 4057 2463 4057 2460 4057 2380 4078 2305 4062 2302 4062 2212 4078 2171 4057 2169 4057 2166 4057 2163 4057 2091 4078 1858 4062 1856 4062 1853 4062 1818 4081 1663 4081 1620 4059 1618 4059 1615 4059 1508 4075 1385 4059 1315 4049 1313 4049 1267 4059 1195 4078 936 4078 855 4062 826 4057 823 4057 821 4057 807 4062 770 4075 411 4065 411 4123"/></Shape>
	    <String CONTENT="UN PEU D’ HISTOIRE CAUSÉE PAR UNE NOUVELLE INQUIETANTE 27 Juillet"
                    HPOS="409"
                    VPOS="4049"
                    WIDTH="2450"
                    HEIGHT="131"></String>
          </TextLine>

          
          
          <TextLine ID="eSc_line_f71e29af"
                    TAGREFS="LT2522"
                    BASELINE="390 4214 2538 4208 2602 4214 2811 4206" 
                    HPOS="385"
                    VPOS="4152"
                    WIDTH="2423"
                    HEIGHT="104">
            <Shape><Polygon POINTS="2591 4180 2551 4180 2527 4152 385 4152 389 4212 389 4256 2808 4244 2808 4204 2796 4152 2611 4152 2591 4180"/></Shape>
	    <String CONTENT="1929 - &quot;La Chine OCCUPE LES CHEMINS DE FER DE MANDCHOURIE. Pouvu que"
                    HPOS="385"
                    VPOS="4152"
                    WIDTH="2423"
                    HEIGHT="104"></String>
          </TextLine>

          
          
          <TextLine ID="eSc_line_31debc7f"
                    TAGREFS="LT2523"
                    BASELINE="2552 4178 2599 4182" 
                    HPOS="2551"
                    VPOS="4128"
                    WIDTH="44"
                    HEIGHT="64">
            <Shape><Polygon POINTS="2551 4192 2591 4192 2595 4180 2591 4132 2551 4128 2551 4176"/></Shape>
	    <String CONTENT="r"
                    HPOS="2551"
                    VPOS="4128"
                    WIDTH="44"
                    HEIGHT="64"></String>
          </TextLine>

          
          
          <TextLine ID="eSc_line_30ecd0e6"
                    TAGREFS="LT2522"
                    BASELINE="401 4292 2840 4292" 
                    HPOS="401"
                    VPOS="4222"
                    WIDTH="2439"
                    HEIGHT="99">
            <Shape><Polygon POINTS="401 4292 401 4319 2835 4321 2840 4292 2837 4247 2498 4247 2487 4241 2423 4222 2420 4222 2417 4222 2268 4238 2225 4244 2190 4238 2094 4222 2091 4222 2088 4222 2086 4222 2064 4238 2054 4247 1615 4247 1570 4233 1532 4222 1529 4222 1527 4222 1476 4230 1412 4244 1390 4230 1380 4222 1377 4222 1374 4222 1372 4222 1208 4230 941 4241 893 4225 882 4222 879 4222 620 4222 617 4222 615 4222 612 4222 580 4241 401 4222 401 4292"/></Shape>
	    <String CONTENT="cela n&#x27;affecte pas mes projets ? Et annule mon voyage à Moscou- Conflit SECULAIRE"
                    HPOS="401"
                    VPOS="4222"
                    WIDTH="2439"
                    HEIGHT="99"></String>
          </TextLine>

          
          
          <TextLine ID="eSc_line_98d0f750"
                    TAGREFS="LT2522"
                    BASELINE="406 4367 2744 4372" 
                    HPOS="403"
                    VPOS="4303"
                    WIDTH="2341"
                    HEIGHT="99">
            <Shape><Polygon POINTS="406 4367 403 4391 2738 4402 2744 4372 2741 4324 2535 4308 2532 4308 2530 4308 2527 4308 2508 4321 2508 4324 2305 4324 2302 4321 2241 4308 2238 4308 2236 4308 2203 4321 2201 4321 2153 4305 2150 4305 2147 4305 2145 4305 2086 4321 2080 4324 1904 4324 1901 4321 1883 4308 1880 4308 1877 4308 1874 4308 1767 4321 1751 4321 1746 4321 1698 4305 1695 4305 1693 4305 1503 4316 1471 4303 1468 4303 1465 4303 1463 4303 1398 4319 1396 4319 1214 4303 1211 4303 1110 4319 1107 4319 1104 4319 1037 4303 1035 4303 1032 4303 1029 4303 992 4319 989 4319 986 4319 914 4303 912 4303 909 4303 858 4319 853 4319 842 4319 735 4305 732 4305 668 4319 663 4319 660 4319 639 4303 636 4303 633 4303 631 4303 406 4316 406 4367"/></Shape>
	    <String CONTENT="entre les Impérialismes Russe – Japonais – Chinois et USA- Et CONDITIONNE TOUJOURS"
                    HPOS="403"
                    VPOS="4303"
                    WIDTH="2341"
                    HEIGHT="99"></String>
          </TextLine>

          
          
          <TextLine ID="eSc_line_0a732ad4"
                    TAGREFS="LT2522"
                    BASELINE="406 4447 2845 4447" 
                    HPOS="406"
                    VPOS="4388"
                    WIDTH="2439"
                    HEIGHT="97">
            <Shape><Polygon POINTS="406 4447 406 4477 2840 4485 2845 4447 2845 4404 2787 4388 2784 4388 2781 4388 2779 4388 2722 4402 2629 4388 2626 4388 2460 4402 2447 4402 2442 4402 2380 4388 2377 4388 2316 4402 2308 4402 2300 4402 2233 4388 2230 4388 2094 4399 2064 4402 2038 4399 1933 4388 1931 4388 1858 4399 1834 4402 1773 4399 1615 4388 1612 4388 1610 4388 1578 4396 1564 4402 1554 4396 1535 4388 1532 4388 1529 4388 1444 4396 1393 4402 406 4394 406 4447"/></Shape>
	    <String CONTENT="LA PAIX PLANETAIRE EN CETTE FIN DU 20 ième siècle. La destruction du"
                    HPOS="406"
                    VPOS="4388"
                    WIDTH="2439"
                    HEIGHT="97"></String>
          </TextLine>

          
          
          <TextLine ID="eSc_line_83832b6b"
                    TAGREFS="LT2522"
                    BASELINE="411 4522 2859 4530" 
                    HPOS="409"
                    VPOS="4460"
                    WIDTH="2450"
                    HEIGHT="118">
            <Shape><Polygon POINTS="411 4522 409 4551 548 4567 550 4567 612 4557 639 4570 641 4570 644 4570 877 4557 914 4557 949 4559 1112 4573 1115 4573 1118 4573 1160 4562 1179 4557 1214 4562 1310 4575 1313 4578 1406 4578 1406 4575 1409 4575 1412 4575 1428 4565 1436 4559 1463 4565 1524 4575 1527 4575 1588 4565 1626 4559 1650 4567 1677 4575 1679 4575 1682 4575 1741 4567 1797 4559 1931 4570 2051 4578 2054 4578 2088 4570 2134 4562 2853 4578 2859 4530 2856 4474 2329 4466 2327 4466 2294 4468 2212 4482 2153 4468 2134 4466 2131 4466 2113 4468 2043 4482 1960 4468 1941 4466 1939 4466 1901 4468 1735 4479 1709 4466 1701 4463 1698 4463 1596 4463 1594 4463 1591 4463 1583 4466 1548 4479 1447 4466 1444 4466 1441 4466 1436 4466 1230 4479 1163 4463 1147 4460 1144 4460 1142 4460 1128 4463 1072 4477 976 4463 954 4460 952 4460 949 4460 946 4460 944 4463 920 4477 569 4463 567 4463 486 4477 411 4460 411 4522"/></Shape>
	    <String CONTENT="Boieng 745 au dessus du KAMTCHATKA EN 1983 en est l’illustration la plus"
                    HPOS="409"
                    VPOS="4460"
                    WIDTH="2450"
                    HEIGHT="118"></String>
          </TextLine>

          
          
          <TextLine ID="eSc_line_4f4de542"
                    TAGREFS="LT2522"
                    BASELINE="406 4610 992 4605" 
                    HPOS="403"
                    VPOS="4546"
                    WIDTH="589"
                    HEIGHT="123">
            <Shape><Polygon POINTS="406 4610 409 4669 444 4653 559 4669 575 4669 577 4669 588 4669 706 4645 770 4645 797 4666 799 4666 802 4666 805 4666 807 4666 810 4666 871 4645 989 4664 992 4605 981 4557 946 4565 925 4557 896 4546 893 4546 890 4546 767 4559 730 4565 724 4562 708 4549 706 4549 703 4549 700 4549 698 4549 695 4549 695 4551 682 4562 674 4570 580 4570 572 4565 540 4549 537 4549 425 4549 422 4549 419 4549 417 4549 403 4557 406 4610"/></Shape>
	    <String CONTENT="édifiante et concrète-"
                    HPOS="403"
                    VPOS="4546"
                    WIDTH="589"
                    HEIGHT="123"></String>
          </TextLine>

          
        </TextBlock>
        
        <TextBlock HPOS="2629"
                   VPOS="202"
                   WIDTH="233"
                   HEIGHT="133"
                   ID="eSc_textblock_9ec4a13f"
                   TAGREFS="BT7519">
          <Shape><Polygon POINTS="2862 202 2862 335 2629 335 2629 202"/></Shape>
          
          
          <TextLine ID="eSc_line_9e048d6e"
                    TAGREFS="LT2522"
                    BASELINE="2677 299 2792 294" 
                    HPOS="2672"
                    VPOS="208"
                    WIDTH="120"
                    HEIGHT="120">
            <Shape><Polygon POINTS="2725 232 2698 232 2672 240 2677 299 2677 328 2792 328 2792 294 2779 208 2728 221 2725 232"/></Shape>
	    <String CONTENT="13"
                    HPOS="2672"
                    VPOS="208"
                    WIDTH="120"
                    HEIGHT="120"></String>
          </TextLine>

          
        </TextBlock>
        

        
      </PrintSpace>
    </Page>
  </Layout>
</alto>
