<mets xmlns="http://www.loc.gov/METS/" xmlns:xlink="http://www.w3.org/1999/xlink">
  <fileSec>
    
    <fileGrp USE="image">
      
        <file ID="image1">
          <FLocat xlink:href="D.1.notes-1-et-2_0010.jpg"/>
        </file>
      
        <file ID="image2">
          <FLocat xlink:href="D.1.notes-1-et-2_0011.jpg"/>
        </file>
      
        <file ID="image3">
          <FLocat xlink:href="D.1.notes-1-et-2_0012.jpg"/>
        </file>
      
        <file ID="image4">
          <FLocat xlink:href="D.1.notes-1-et-2_0013.jpg"/>
        </file>
      
        <file ID="image5">
          <FLocat xlink:href="D.2.eurasie-3-4_0016.jpg"/>
        </file>
      
        <file ID="image6">
          <FLocat xlink:href="D.2.eurasie-3-4_0017.jpg"/>
        </file>
      
        <file ID="image7">
          <FLocat xlink:href="D.2.eurasie-3-4_0018.jpg"/>
        </file>
      
        <file ID="image8">
          <FLocat xlink:href="D.2.eurasie-3-4_0019.jpg"/>
        </file>
      
        <file ID="image9">
          <FLocat xlink:href="D.2.eurasie-3-4_0020.jpg"/>
        </file>
      
        <file ID="image10">
          <FLocat xlink:href="D.3.eurasie-5-6_0017.jpg"/>
        </file>
      
        <file ID="image11">
          <FLocat xlink:href="D.3.eurasie-5-6_0018.jpg"/>
        </file>
      
        <file ID="image12">
          <FLocat xlink:href="D.3.eurasie-5-6_0019.jpg"/>
        </file>
      
        <file ID="image13">
          <FLocat xlink:href="D.3.eurasie-5-6_0020.jpg"/>
        </file>
      
        <file ID="image14">
          <FLocat xlink:href="D.4.eurasie-7-8_0077.jpg"/>
        </file>
      
        <file ID="image15">
          <FLocat xlink:href="D.4.eurasie-7-8_0078.jpg"/>
        </file>
      
        <file ID="image16">
          <FLocat xlink:href="D.4.eurasie-7-8_0079.jpg"/>
        </file>
      
        <file ID="image17">
          <FLocat xlink:href="D.4.eurasie-7-8_0080.jpg"/>
        </file>
      
        <file ID="image18">
          <FLocat xlink:href="D.5.eurasie-9-10_0058.jpg"/>
        </file>
      
        <file ID="image19">
          <FLocat xlink:href="D.5.eurasie-9-10_0059.jpg"/>
        </file>
      
        <file ID="image20">
          <FLocat xlink:href="D.5.eurasie-9-10_0060.jpg"/>
        </file>
      
        <file ID="image21">
          <FLocat xlink:href="D.5.eurasie-9-10_0061.jpg"/>
        </file>
      
        <file ID="image22">
          <FLocat xlink:href="D.6.eurasie-11-12_0004.jpg"/>
        </file>
      
        <file ID="image23">
          <FLocat xlink:href="D.6.eurasie-11-12_0005.jpg"/>
        </file>
      
        <file ID="image24">
          <FLocat xlink:href="D.6.eurasie-11-12_0006.jpg"/>
        </file>
      
        <file ID="image25">
          <FLocat xlink:href="D.6.eurasie-11-12_0007.jpg"/>
        </file>
      
        <file ID="image26">
          <FLocat xlink:href="D.7.eurasie-13-14_0055.jpg"/>
        </file>
      
        <file ID="image27">
          <FLocat xlink:href="D.7.eurasie-13-14_0056.jpg"/>
        </file>
      
        <file ID="image28">
          <FLocat xlink:href="D.7.eurasie-13-14_0057.jpg"/>
        </file>
      
        <file ID="image29">
          <FLocat xlink:href="D.7.eurasie-13-14_0058.jpg"/>
        </file>
      
        <file ID="image30">
          <FLocat xlink:href="D.8.eurasie-15_0061.jpg"/>
        </file>
      
        <file ID="image31">
          <FLocat xlink:href="D.8.eurasie-15_0062.jpg"/>
        </file>
      
        <file ID="image32">
          <FLocat xlink:href="D.8.eurasie-15_0063.jpg"/>
        </file>
      
        <file ID="image33">
          <FLocat xlink:href="D.8.eurasie-15_0064.jpg"/>
        </file>
      
        <file ID="image34">
          <FLocat xlink:href="D.9.eurasie-16-17_0013.jpg"/>
        </file>
      
        <file ID="image35">
          <FLocat xlink:href="D.9.eurasie-16-17_0014.jpg"/>
        </file>
      
        <file ID="image36">
          <FLocat xlink:href="D.9.eurasie-16-17_0058.jpg"/>
        </file>
      
        <file ID="image37">
          <FLocat xlink:href="D.9.eurasie-16-17_0059.jpg"/>
        </file>
      
        <file ID="image38">
          <FLocat xlink:href="D.9.eurasie-16-17_0100.jpg"/>
        </file>
      
    </fileGrp>
    
    <fileGrp USE="export">
      
        <file ID="export1">
          <FLocat xlink:href="D.1.notes-1-et-2_0010.xml"/>
        </file>
      
        <file ID="export2">
          <FLocat xlink:href="D.1.notes-1-et-2_0011.xml"/>
        </file>
      
        <file ID="export3">
          <FLocat xlink:href="D.1.notes-1-et-2_0012.xml"/>
        </file>
      
        <file ID="export4">
          <FLocat xlink:href="D.1.notes-1-et-2_0013.xml"/>
        </file>
      
        <file ID="export5">
          <FLocat xlink:href="D.2.eurasie-3-4_0016.xml"/>
        </file>
      
        <file ID="export6">
          <FLocat xlink:href="D.2.eurasie-3-4_0017.xml"/>
        </file>
      
        <file ID="export7">
          <FLocat xlink:href="D.2.eurasie-3-4_0018.xml"/>
        </file>
      
        <file ID="export8">
          <FLocat xlink:href="D.2.eurasie-3-4_0019.xml"/>
        </file>
      
        <file ID="export9">
          <FLocat xlink:href="D.2.eurasie-3-4_0020.xml"/>
        </file>
      
        <file ID="export10">
          <FLocat xlink:href="D.3.eurasie-5-6_0017.xml"/>
        </file>
      
        <file ID="export11">
          <FLocat xlink:href="D.3.eurasie-5-6_0018.xml"/>
        </file>
      
        <file ID="export12">
          <FLocat xlink:href="D.3.eurasie-5-6_0019.xml"/>
        </file>
      
        <file ID="export13">
          <FLocat xlink:href="D.3.eurasie-5-6_0020.xml"/>
        </file>
      
        <file ID="export14">
          <FLocat xlink:href="D.4.eurasie-7-8_0077.xml"/>
        </file>
      
        <file ID="export15">
          <FLocat xlink:href="D.4.eurasie-7-8_0078.xml"/>
        </file>
      
        <file ID="export16">
          <FLocat xlink:href="D.4.eurasie-7-8_0079.xml"/>
        </file>
      
        <file ID="export17">
          <FLocat xlink:href="D.4.eurasie-7-8_0080.xml"/>
        </file>
      
        <file ID="export18">
          <FLocat xlink:href="D.5.eurasie-9-10_0058.xml"/>
        </file>
      
        <file ID="export19">
          <FLocat xlink:href="D.5.eurasie-9-10_0059.xml"/>
        </file>
      
        <file ID="export20">
          <FLocat xlink:href="D.5.eurasie-9-10_0060.xml"/>
        </file>
      
        <file ID="export21">
          <FLocat xlink:href="D.5.eurasie-9-10_0061.xml"/>
        </file>
      
        <file ID="export22">
          <FLocat xlink:href="D.6.eurasie-11-12_0004.xml"/>
        </file>
      
        <file ID="export23">
          <FLocat xlink:href="D.6.eurasie-11-12_0005.xml"/>
        </file>
      
        <file ID="export24">
          <FLocat xlink:href="D.6.eurasie-11-12_0006.xml"/>
        </file>
      
        <file ID="export25">
          <FLocat xlink:href="D.6.eurasie-11-12_0007.xml"/>
        </file>
      
        <file ID="export26">
          <FLocat xlink:href="D.7.eurasie-13-14_0055.xml"/>
        </file>
      
        <file ID="export27">
          <FLocat xlink:href="D.7.eurasie-13-14_0056.xml"/>
        </file>
      
        <file ID="export28">
          <FLocat xlink:href="D.7.eurasie-13-14_0057.xml"/>
        </file>
      
        <file ID="export29">
          <FLocat xlink:href="D.7.eurasie-13-14_0058.xml"/>
        </file>
      
        <file ID="export30">
          <FLocat xlink:href="D.8.eurasie-15_0061.xml"/>
        </file>
      
        <file ID="export31">
          <FLocat xlink:href="D.8.eurasie-15_0062.xml"/>
        </file>
      
        <file ID="export32">
          <FLocat xlink:href="D.8.eurasie-15_0063.xml"/>
        </file>
      
        <file ID="export33">
          <FLocat xlink:href="D.8.eurasie-15_0064.xml"/>
        </file>
      
        <file ID="export34">
          <FLocat xlink:href="D.9.eurasie-16-17_0013.xml"/>
        </file>
      
        <file ID="export35">
          <FLocat xlink:href="D.9.eurasie-16-17_0014.xml"/>
        </file>
      
        <file ID="export36">
          <FLocat xlink:href="D.9.eurasie-16-17_0058.xml"/>
        </file>
      
        <file ID="export37">
          <FLocat xlink:href="D.9.eurasie-16-17_0059.xml"/>
        </file>
      
        <file ID="export38">
          <FLocat xlink:href="D.9.eurasie-16-17_0100.xml"/>
        </file>
      
    </fileGrp>
  </fileSec>
  <structMap TYPE="physical">
    <div TYPE="document">
      
      <div TYPE="page">
        <fptr FILEID="image1"/>
        <fptr FILEID="export1"/>
      </div>
      
      <div TYPE="page">
        <fptr FILEID="image2"/>
        <fptr FILEID="export2"/>
      </div>
      
      <div TYPE="page">
        <fptr FILEID="image3"/>
        <fptr FILEID="export3"/>
      </div>
      
      <div TYPE="page">
        <fptr FILEID="image4"/>
        <fptr FILEID="export4"/>
      </div>
      
      <div TYPE="page">
        <fptr FILEID="image5"/>
        <fptr FILEID="export5"/>
      </div>
      
      <div TYPE="page">
        <fptr FILEID="image6"/>
        <fptr FILEID="export6"/>
      </div>
      
      <div TYPE="page">
        <fptr FILEID="image7"/>
        <fptr FILEID="export7"/>
      </div>
      
      <div TYPE="page">
        <fptr FILEID="image8"/>
        <fptr FILEID="export8"/>
      </div>
      
      <div TYPE="page">
        <fptr FILEID="image9"/>
        <fptr FILEID="export9"/>
      </div>
      
      <div TYPE="page">
        <fptr FILEID="image10"/>
        <fptr FILEID="export10"/>
      </div>
      
      <div TYPE="page">
        <fptr FILEID="image11"/>
        <fptr FILEID="export11"/>
      </div>
      
      <div TYPE="page">
        <fptr FILEID="image12"/>
        <fptr FILEID="export12"/>
      </div>
      
      <div TYPE="page">
        <fptr FILEID="image13"/>
        <fptr FILEID="export13"/>
      </div>
      
      <div TYPE="page">
        <fptr FILEID="image14"/>
        <fptr FILEID="export14"/>
      </div>
      
      <div TYPE="page">
        <fptr FILEID="image15"/>
        <fptr FILEID="export15"/>
      </div>
      
      <div TYPE="page">
        <fptr FILEID="image16"/>
        <fptr FILEID="export16"/>
      </div>
      
      <div TYPE="page">
        <fptr FILEID="image17"/>
        <fptr FILEID="export17"/>
      </div>
      
      <div TYPE="page">
        <fptr FILEID="image18"/>
        <fptr FILEID="export18"/>
      </div>
      
      <div TYPE="page">
        <fptr FILEID="image19"/>
        <fptr FILEID="export19"/>
      </div>
      
      <div TYPE="page">
        <fptr FILEID="image20"/>
        <fptr FILEID="export20"/>
      </div>
      
      <div TYPE="page">
        <fptr FILEID="image21"/>
        <fptr FILEID="export21"/>
      </div>
      
      <div TYPE="page">
        <fptr FILEID="image22"/>
        <fptr FILEID="export22"/>
      </div>
      
      <div TYPE="page">
        <fptr FILEID="image23"/>
        <fptr FILEID="export23"/>
      </div>
      
      <div TYPE="page">
        <fptr FILEID="image24"/>
        <fptr FILEID="export24"/>
      </div>
      
      <div TYPE="page">
        <fptr FILEID="image25"/>
        <fptr FILEID="export25"/>
      </div>
      
      <div TYPE="page">
        <fptr FILEID="image26"/>
        <fptr FILEID="export26"/>
      </div>
      
      <div TYPE="page">
        <fptr FILEID="image27"/>
        <fptr FILEID="export27"/>
      </div>
      
      <div TYPE="page">
        <fptr FILEID="image28"/>
        <fptr FILEID="export28"/>
      </div>
      
      <div TYPE="page">
        <fptr FILEID="image29"/>
        <fptr FILEID="export29"/>
      </div>
      
      <div TYPE="page">
        <fptr FILEID="image30"/>
        <fptr FILEID="export30"/>
      </div>
      
      <div TYPE="page">
        <fptr FILEID="image31"/>
        <fptr FILEID="export31"/>
      </div>
      
      <div TYPE="page">
        <fptr FILEID="image32"/>
        <fptr FILEID="export32"/>
      </div>
      
      <div TYPE="page">
        <fptr FILEID="image33"/>
        <fptr FILEID="export33"/>
      </div>
      
      <div TYPE="page">
        <fptr FILEID="image34"/>
        <fptr FILEID="export34"/>
      </div>
      
      <div TYPE="page">
        <fptr FILEID="image35"/>
        <fptr FILEID="export35"/>
      </div>
      
      <div TYPE="page">
        <fptr FILEID="image36"/>
        <fptr FILEID="export36"/>
      </div>
      
      <div TYPE="page">
        <fptr FILEID="image37"/>
        <fptr FILEID="export37"/>
      </div>
      
      <div TYPE="page">
        <fptr FILEID="image38"/>
        <fptr FILEID="export38"/>
      </div>
      
    </div>
  </structMap>
</mets>
